2026-04-09T15:52:02.283+08:00  INFO 90176 --- [knowledgelink-trade] [main] c.g.trade.KnowledgeLinkTradeApplication  : No active profile set, falling back to 1 default profile: "default"
2026-04-09T15:52:02.610+08:00  INFO 90176 --- [knowledgelink-trade] [main] .s.d.r.c.RepositoryConfigurationDelegate : Multiple Spring Data modules found, entering strict repository configuration mode
2026-04-09T15:52:02.612+08:00  INFO 90176 --- [knowledgelink-trade] [main] .s.d.r.c.RepositoryConfigurationDelegate : Bootstrapping Spring Data Redis repositories in DEFAULT mode.
2026-04-09T15:52:02.627+08:00  INFO 90176 --- [knowledgelink-trade] [main] .s.d.r.c.RepositoryConfigurationDelegate : Finished Spring Data repository scanning in 7 ms. Found 0 Redis repository interfaces.
2026-04-09T15:52:02.755+08:00  INFO 90176 --- [knowledgelink-trade] [main] o.s.cloud.context.scope.GenericScope     : BeanFactory id=838d68eb-aa64-31fd-91f9-1e329c555662
2026-04-09T15:52:02.844+08:00  WARN 90176 --- [knowledgelink-trade] [main] trationDelegate$BeanPostProcessorChecker : Bean 'org.springframework.cloud.client.loadbalancer.LoadBalancerAutoConfiguration$DeferringLoadBalancerInterceptorConfig' of type [org.springframework.cloud.client.loadbalancer.LoadBalancerAutoConfiguration$DeferringLoadBalancerInterceptorConfig] is not eligible for getting processed by all BeanPostProcessors (for example: not eligible for auto-proxying). The currently created BeanPostProcessor [lbRestClientPostProcessor] is declared through a non-static factory method on that class; consider declaring it as static instead.
2026-04-09T15:52:02.844+08:00  WARN 90176 --- [knowledgelink-trade] [main] trationDelegate$BeanPostProcessorChecker : Bean 'deferringLoadBalancerInterceptor' of type [org.springframework.cloud.client.loadbalancer.DeferringLoadBalancerInterceptor] is not eligible for getting processed by all BeanPostProcessors (for example: not eligible for auto-proxying). Is this bean getting eagerly injected into a currently created BeanPostProcessor [lbRestClientPostProcessor]? Check the corresponding BeanPostProcessor declaration and its dependencies.
2026-04-09T15:52:02.960+08:00  INFO 90176 --- [knowledgelink-trade] [main] o.s.b.w.embedded.tomcat.TomcatWebServer  : Tomcat initialized with port 8081 (http)
2026-04-09T15:52:02.967+08:00  INFO 90176 --- [knowledgelink-trade] [main] o.apache.catalina.core.StandardService   : Starting service [Tomcat]
2026-04-09T15:52:02.967+08:00  INFO 90176 --- [knowledgelink-trade] [main] o.apache.catalina.core.StandardEngine    : Starting Servlet engine: [Apache Tomcat/10.1.19]
2026-04-09T15:52:03.013+08:00  INFO 90176 --- [knowledgelink-trade] [main] o.a.c.c.C.[Tomcat].[localhost].[/trade]  : Initializing Spring embedded WebApplicationContext
2026-04-09T15:52:03.013+08:00  INFO 90176 --- [knowledgelink-trade] [main] w.s.c.ServletWebServerApplicationContext : Root WebApplicationContext: initialization completed in 712 ms
2026-04-09T15:52:03.573+08:00  INFO 90176 --- [knowledgelink-trade] [main] com.github.common.utils.CosUtil          : 腾讯云 COS 客户端初始化成功，Region: ap-nanjing
2026-04-09T15:52:03.576+08:00  WARN 90176 --- [knowledgelink-trade] [main] ConfigServletWebServerApplicationContext : Exception encountered during context initialization - cancelling refresh attempt: org.springframework.beans.factory.UnsatisfiedDependencyException: Error creating bean with name 'bookController': Unsatisfied dependency expressed through field 'bookService': Error creating bean with name 'bookServiceImpl': Unsatisfied dependency expressed through field 'recommendFeignClient': No qualifying bean of type 'com.github.trade.feign.RecommendFeignClient' available: expected at least 1 bean which qualifies as autowire candidate. Dependency annotations: {@org.springframework.beans.factory.annotation.Autowired(required=true)}
2026-04-09T15:52:03.591+08:00  INFO 90176 --- [knowledgelink-trade] [main] o.apache.catalina.core.StandardService   : Stopping service [Tomcat]
2026-04-09T15:52:03.599+08:00  INFO 90176 --- [knowledgelink-trade] [main] .s.b.a.l.ConditionEvaluationReportLogger : 

Error starting ApplicationContext. To display the condition evaluation report re-run your application with 'debug' enabled.
2026-04-09T15:52:03.608+08:00 ERROR 90176 --- [knowledgelink-trade] [main] o.s.b.d.LoggingFailureAnalysisReporter   : 

***************************
APPLICATION FAILED TO START
***************************

Description:

Field recommendFeignClient in com.github.trade.service.impl.BookServiceImpl required a bean of type 'com.github.trade.feign.RecommendFeignClient' that could not be found.

The injection point has the following annotations:
	- @org.springframework.beans.factory.annotation.Autowired(required=true)


Action:

Consider defining a bean of type 'com.github.trade.feign.RecommendFeignClient' in your configuration.

2026-04-09T15:53:12.858+08:00  INFO 89684 --- [knowledgelink-trade] [main] c.g.trade.KnowledgeLinkTradeApplication  : No active profile set, falling back to 1 default profile: "default"
2026-04-09T15:53:13.171+08:00  INFO 89684 --- [knowledgelink-trade] [main] .s.d.r.c.RepositoryConfigurationDelegate : Multiple Spring Data modules found, entering strict repository configuration mode
2026-04-09T15:53:13.172+08:00  INFO 89684 --- [knowledgelink-trade] [main] .s.d.r.c.RepositoryConfigurationDelegate : Bootstrapping Spring Data Redis repositories in DEFAULT mode.
2026-04-09T15:53:13.185+08:00  INFO 89684 --- [knowledgelink-trade] [main] .s.d.r.c.RepositoryConfigurationDelegate : Finished Spring Data repository scanning in 7 ms. Found 0 Redis repository interfaces.
2026-04-09T15:53:13.312+08:00  INFO 89684 --- [knowledgelink-trade] [main] o.s.cloud.context.scope.GenericScope     : BeanFactory id=72654a98-15b9-374f-b9aa-57a221285212
2026-04-09T15:53:13.400+08:00  WARN 89684 --- [knowledgelink-trade] [main] trationDelegate$BeanPostProcessorChecker : Bean 'org.springframework.cloud.client.loadbalancer.LoadBalancerAutoConfiguration$DeferringLoadBalancerInterceptorConfig' of type [org.springframework.cloud.client.loadbalancer.LoadBalancerAutoConfiguration$DeferringLoadBalancerInterceptorConfig] is not eligible for getting processed by all BeanPostProcessors (for example: not eligible for auto-proxying). The currently created BeanPostProcessor [lbRestClientPostProcessor] is declared through a non-static factory method on that class; consider declaring it as static instead.
2026-04-09T15:53:13.401+08:00  WARN 89684 --- [knowledgelink-trade] [main] trationDelegate$BeanPostProcessorChecker : Bean 'deferringLoadBalancerInterceptor' of type [org.springframework.cloud.client.loadbalancer.DeferringLoadBalancerInterceptor] is not eligible for getting processed by all BeanPostProcessors (for example: not eligible for auto-proxying). Is this bean getting eagerly injected into a currently created BeanPostProcessor [lbRestClientPostProcessor]? Check the corresponding BeanPostProcessor declaration and its dependencies.
2026-04-09T15:53:13.513+08:00  INFO 89684 --- [knowledgelink-trade] [main] o.s.b.w.embedded.tomcat.TomcatWebServer  : Tomcat initialized with port 8081 (http)
2026-04-09T15:53:13.520+08:00  INFO 89684 --- [knowledgelink-trade] [main] o.apache.catalina.core.StandardService   : Starting service [Tomcat]
2026-04-09T15:53:13.520+08:00  INFO 89684 --- [knowledgelink-trade] [main] o.apache.catalina.core.StandardEngine    : Starting Servlet engine: [Apache Tomcat/10.1.19]
2026-04-09T15:53:13.564+08:00  INFO 89684 --- [knowledgelink-trade] [main] o.a.c.c.C.[Tomcat].[localhost].[/trade]  : Initializing Spring embedded WebApplicationContext
2026-04-09T15:53:13.564+08:00  INFO 89684 --- [knowledgelink-trade] [main] w.s.c.ServletWebServerApplicationContext : Root WebApplicationContext: initialization completed in 689 ms
2026-04-09T15:53:14.120+08:00  INFO 89684 --- [knowledgelink-trade] [main] com.github.common.utils.CosUtil          : 腾讯云 COS 客户端初始化成功，Region: ap-nanjing
2026-04-09T15:53:14.181+08:00  INFO 89684 --- [knowledgelink-trade] [main] o.s.c.openfeign.FeignClientFactoryBean   : For 'knowledgelink-recommend' URL not provided. Will try picking an instance via load-balancing.
2026-04-09T15:53:14.604+08:00  WARN 89684 --- [knowledgelink-trade] [main] iguration$LoadBalancerCaffeineWarnLogger : Spring Cloud LoadBalancer is currently working with the default cache. While this cache implementation is useful for development and tests, it's recommended to use Caffeine cache in production.You can switch to using Caffeine cache, by adding it and org.springframework.cache.caffeine.CaffeineCacheManager to the classpath.
2026-04-09T15:53:14.650+08:00  INFO 89684 --- [knowledgelink-trade] [main] o.s.b.w.embedded.tomcat.TomcatWebServer  : Tomcat started on port 8081 (http) with context path '/trade'
2026-04-09T15:53:14.656+08:00  INFO 89684 --- [knowledgelink-trade] [main] o.s.a.r.c.CachingConnectionFactory       : Attempting to connect to: [175.27.129.187:5672]
2026-04-09T15:53:14.849+08:00  WARN 89684 --- [knowledgelink-trade] [AMQP Connection 175.27.129.187:5672] c.r.c.impl.ForgivingExceptionHandler     : An unexpected connection driver error occurred (Exception message: Socket closed)
2026-04-09T15:53:14.850+08:00  INFO 89684 --- [knowledgelink-trade] [main] o.s.a.r.l.SimpleMessageListenerContainer : Broker not available; cannot force queue declarations during start: com.rabbitmq.client.AuthenticationFailureException: ACCESS_REFUSED - Login was refused using authentication mechanism PLAIN. For details see the broker logfile.
2026-04-09T15:53:14.855+08:00  INFO 89684 --- [knowledgelink-trade] [org.springframework.amqp.rabbit.RabbitListenerEndpointContainer#0-1] o.s.a.r.c.CachingConnectionFactory       : Attempting to connect to: [175.27.129.187:5672]
2026-04-09T15:53:14.927+08:00  WARN 89684 --- [knowledgelink-trade] [AMQP Connection 175.27.129.187:5672] c.r.c.impl.ForgivingExceptionHandler     : An unexpected connection driver error occurred (Exception message: Socket closed)
2026-04-09T15:53:14.927+08:00 ERROR 89684 --- [knowledgelink-trade] [org.springframework.amqp.rabbit.RabbitListenerEndpointContainer#0-1] o.s.a.r.l.SimpleMessageListenerContainer : Failed to check/redeclare auto-delete queue(s).

org.springframework.amqp.AmqpAuthenticationException: com.rabbitmq.client.AuthenticationFailureException: ACCESS_REFUSED - Login was refused using authentication mechanism PLAIN. For details see the broker logfile.
	at org.springframework.amqp.rabbit.support.RabbitExceptionTranslator.convertRabbitAccessException(RabbitExceptionTranslator.java:64) ~[spring-rabbit-3.1.3.jar:3.1.3]
	at org.springframework.amqp.rabbit.connection.AbstractConnectionFactory.createBareConnection(AbstractConnectionFactory.java:622) ~[spring-rabbit-3.1.3.jar:3.1.3]
	at org.springframework.amqp.rabbit.connection.CachingConnectionFactory.createConnection(CachingConnectionFactory.java:727) ~[spring-rabbit-3.1.3.jar:3.1.3]
	at org.springframework.amqp.rabbit.connection.ConnectionFactoryUtils.createConnection(ConnectionFactoryUtils.java:257) ~[spring-rabbit-3.1.3.jar:3.1.3]
	at org.springframework.amqp.rabbit.core.RabbitTemplate.doExecute(RabbitTemplate.java:2249) ~[spring-rabbit-3.1.3.jar:3.1.3]
	at org.springframework.amqp.rabbit.core.RabbitTemplate.execute(RabbitTemplate.java:2222) ~[spring-rabbit-3.1.3.jar:3.1.3]
	at org.springframework.amqp.rabbit.core.RabbitTemplate.execute(RabbitTemplate.java:2202) ~[spring-rabbit-3.1.3.jar:3.1.3]
	at org.springframework.amqp.rabbit.core.RabbitAdmin.getQueueInfo(RabbitAdmin.java:467) ~[spring-rabbit-3.1.3.jar:3.1.3]
	at org.springframework.amqp.rabbit.core.RabbitAdmin.getQueueProperties(RabbitAdmin.java:451) ~[spring-rabbit-3.1.3.jar:3.1.3]
	at org.springframework.amqp.rabbit.listener.AbstractMessageListenerContainer.attemptDeclarations(AbstractMessageListenerContainer.java:1960) ~[spring-rabbit-3.1.3.jar:3.1.3]
	at org.springframework.amqp.rabbit.listener.AbstractMessageListenerContainer.redeclareElementsIfNecessary(AbstractMessageListenerContainer.java:1924) ~[spring-rabbit-3.1.3.jar:3.1.3]
	at org.springframework.amqp.rabbit.listener.SimpleMessageListenerContainer$AsyncMessageProcessingConsumer.initialize(SimpleMessageListenerContainer.java:1480) ~[spring-rabbit-3.1.3.jar:3.1.3]
	at org.springframework.amqp.rabbit.listener.SimpleMessageListenerContainer$AsyncMessageProcessingConsumer.run(SimpleMessageListenerContainer.java:1322) ~[spring-rabbit-3.1.3.jar:3.1.3]
	at java.base/java.lang.Thread.run(Thread.java:1575) ~[na:na]
Caused by: com.rabbitmq.client.AuthenticationFailureException: ACCESS_REFUSED - Login was refused using authentication mechanism PLAIN. For details see the broker logfile.
	at com.rabbitmq.client.impl.AMQConnection.start(AMQConnection.java:395) ~[amqp-client-5.19.0.jar:5.19.0]
	at com.rabbitmq.client.ConnectionFactory.newConnection(ConnectionFactory.java:1251) ~[amqp-client-5.19.0.jar:5.19.0]
	at com.rabbitmq.client.ConnectionFactory.newConnection(ConnectionFactory.java:1198) ~[amqp-client-5.19.0.jar:5.19.0]
	at org.springframework.amqp.rabbit.connection.AbstractConnectionFactory.connectAddresses(AbstractConnectionFactory.java:668) ~[spring-rabbit-3.1.3.jar:3.1.3]
	at org.springframework.amqp.rabbit.connection.AbstractConnectionFactory.connect(AbstractConnectionFactory.java:637) ~[spring-rabbit-3.1.3.jar:3.1.3]
	at org.springframework.amqp.rabbit.connection.AbstractConnectionFactory.createBareConnection(AbstractConnectionFactory.java:584) ~[spring-rabbit-3.1.3.jar:3.1.3]
	... 12 common frames omitted

2026-04-09T15:53:14.931+08:00  INFO 89684 --- [knowledgelink-trade] [org.springframework.amqp.rabbit.RabbitListenerEndpointContainer#0-1] o.s.a.r.c.CachingConnectionFactory       : Attempting to connect to: [175.27.129.187:5672]
2026-04-09T15:53:15.001+08:00  WARN 89684 --- [knowledgelink-trade] [AMQP Connection 175.27.129.187:5672] c.r.c.impl.ForgivingExceptionHandler     : An unexpected connection driver error occurred (Exception message: Socket closed)
2026-04-09T15:53:15.001+08:00 ERROR 89684 --- [knowledgelink-trade] [org.springframework.amqp.rabbit.RabbitListenerEndpointContainer#0-1] o.s.a.r.l.SimpleMessageListenerContainer : Consumer received fatal exception on startup

org.springframework.amqp.rabbit.listener.exception.FatalListenerStartupException: Authentication failure
	at org.springframework.amqp.rabbit.listener.BlockingQueueConsumer.start(BlockingQueueConsumer.java:632) ~[spring-rabbit-3.1.3.jar:3.1.3]
	at org.springframework.amqp.rabbit.listener.SimpleMessageListenerContainer$AsyncMessageProcessingConsumer.initialize(SimpleMessageListenerContainer.java:1481) ~[spring-rabbit-3.1.3.jar:3.1.3]
	at org.springframework.amqp.rabbit.listener.SimpleMessageListenerContainer$AsyncMessageProcessingConsumer.run(SimpleMessageListenerContainer.java:1322) ~[spring-rabbit-3.1.3.jar:3.1.3]
	at java.base/java.lang.Thread.run(Thread.java:1575) ~[na:na]
Caused by: org.springframework.amqp.AmqpAuthenticationException: com.rabbitmq.client.AuthenticationFailureException: ACCESS_REFUSED - Login was refused using authentication mechanism PLAIN. For details see the broker logfile.
	at org.springframework.amqp.rabbit.support.RabbitExceptionTranslator.convertRabbitAccessException(RabbitExceptionTranslator.java:64) ~[spring-rabbit-3.1.3.jar:3.1.3]
	at org.springframework.amqp.rabbit.connection.AbstractConnectionFactory.createBareConnection(AbstractConnectionFactory.java:622) ~[spring-rabbit-3.1.3.jar:3.1.3]
	at org.springframework.amqp.rabbit.connection.CachingConnectionFactory.createConnection(CachingConnectionFactory.java:727) ~[spring-rabbit-3.1.3.jar:3.1.3]
	at org.springframework.amqp.rabbit.connection.ConnectionFactoryUtils.createConnection(ConnectionFactoryUtils.java:257) ~[spring-rabbit-3.1.3.jar:3.1.3]
	at org.springframework.amqp.rabbit.connection.ConnectionFactoryUtils$RabbitResourceFactory.createConnection(ConnectionFactoryUtils.java:345) ~[spring-rabbit-3.1.3.jar:3.1.3]
	at org.springframework.amqp.rabbit.connection.ConnectionFactoryUtils.doGetTransactionalResourceHolder(ConnectionFactoryUtils.java:140) ~[spring-rabbit-3.1.3.jar:3.1.3]
	at org.springframework.amqp.rabbit.connection.ConnectionFactoryUtils.getTransactionalResourceHolder(ConnectionFactoryUtils.java:102) ~[spring-rabbit-3.1.3.jar:3.1.3]
	at org.springframework.amqp.rabbit.connection.ConnectionFactoryUtils.getTransactionalResourceHolder(ConnectionFactoryUtils.java:85) ~[spring-rabbit-3.1.3.jar:3.1.3]
	at org.springframework.amqp.rabbit.listener.BlockingQueueConsumer.start(BlockingQueueConsumer.java:626) ~[spring-rabbit-3.1.3.jar:3.1.3]
	... 3 common frames omitted
Caused by: com.rabbitmq.client.AuthenticationFailureException: ACCESS_REFUSED - Login was refused using authentication mechanism PLAIN. For details see the broker logfile.
	at com.rabbitmq.client.impl.AMQConnection.start(AMQConnection.java:395) ~[amqp-client-5.19.0.jar:5.19.0]
	at com.rabbitmq.client.ConnectionFactory.newConnection(ConnectionFactory.java:1251) ~[amqp-client-5.19.0.jar:5.19.0]
	at com.rabbitmq.client.ConnectionFactory.newConnection(ConnectionFactory.java:1198) ~[amqp-client-5.19.0.jar:5.19.0]
	at org.springframework.amqp.rabbit.connection.AbstractConnectionFactory.connectAddresses(AbstractConnectionFactory.java:668) ~[spring-rabbit-3.1.3.jar:3.1.3]
	at org.springframework.amqp.rabbit.connection.AbstractConnectionFactory.connect(AbstractConnectionFactory.java:637) ~[spring-rabbit-3.1.3.jar:3.1.3]
	at org.springframework.amqp.rabbit.connection.AbstractConnectionFactory.createBareConnection(AbstractConnectionFactory.java:584) ~[spring-rabbit-3.1.3.jar:3.1.3]
	... 10 common frames omitted

2026-04-09T15:53:15.005+08:00  INFO 89684 --- [knowledgelink-trade] [org.springframework.amqp.rabbit.RabbitListenerEndpointContainer#0-2] o.s.a.r.l.SimpleMessageListenerContainer : Waiting for workers to finish.
2026-04-09T15:53:15.005+08:00 ERROR 89684 --- [knowledgelink-trade] [org.springframework.amqp.rabbit.RabbitListenerEndpointContainer#0-1] o.s.a.r.l.SimpleMessageListenerContainer : Stopping container from aborted consumer
2026-04-09T15:53:15.005+08:00  INFO 89684 --- [knowledgelink-trade] [org.springframework.amqp.rabbit.RabbitListenerEndpointContainer#0-2] o.s.a.r.l.SimpleMessageListenerContainer : Successfully waited for workers to finish.
2026-04-09T15:53:15.012+08:00  WARN 89684 --- [knowledgelink-trade] [main] ConfigServletWebServerApplicationContext : Exception encountered during context initialization - cancelling refresh attempt: org.springframework.context.ApplicationContextException: Failed to start bean 'org.springframework.amqp.rabbit.config.internalRabbitListenerEndpointRegistry'
2026-04-09T15:53:15.020+08:00  INFO 89684 --- [knowledgelink-trade] [main] o.apache.catalina.core.StandardService   : Stopping service [Tomcat]
2026-04-09T15:53:15.026+08:00  INFO 89684 --- [knowledgelink-trade] [main] .s.b.a.l.ConditionEvaluationReportLogger : 

Error starting ApplicationContext. To display the condition evaluation report re-run your application with 'debug' enabled.
2026-04-09T15:53:15.035+08:00 ERROR 89684 --- [knowledgelink-trade] [main] o.s.boot.SpringApplication               : Application run failed

org.springframework.context.ApplicationContextException: Failed to start bean 'org.springframework.amqp.rabbit.config.internalRabbitListenerEndpointRegistry'
	at org.springframework.context.support.DefaultLifecycleProcessor.doStart(DefaultLifecycleProcessor.java:291) ~[spring-context-6.1.5.jar:6.1.5]
	at org.springframework.context.support.DefaultLifecycleProcessor$LifecycleGroup.start(DefaultLifecycleProcessor.java:471) ~[spring-context-6.1.5.jar:6.1.5]
	at java.base/java.lang.Iterable.forEach(Iterable.java:75) ~[na:na]
	at org.springframework.context.support.DefaultLifecycleProcessor.startBeans(DefaultLifecycleProcessor.java:260) ~[spring-context-6.1.5.jar:6.1.5]
	at org.springframework.context.support.DefaultLifecycleProcessor.onRefresh(DefaultLifecycleProcessor.java:205) ~[spring-context-6.1.5.jar:6.1.5]
	at org.springframework.context.support.AbstractApplicationContext.finishRefresh(AbstractApplicationContext.java:981) ~[spring-context-6.1.5.jar:6.1.5]
	at org.springframework.context.support.AbstractApplicationContext.refresh(AbstractApplicationContext.java:627) ~[spring-context-6.1.5.jar:6.1.5]
	at org.springframework.boot.web.servlet.context.ServletWebServerApplicationContext.refresh(ServletWebServerApplicationContext.java:146) ~[spring-boot-3.2.4.jar:3.2.4]
	at org.springframework.boot.SpringApplication.refresh(SpringApplication.java:754) ~[spring-boot-3.2.4.jar:3.2.4]
	at org.springframework.boot.SpringApplication.refreshContext(SpringApplication.java:456) ~[spring-boot-3.2.4.jar:3.2.4]
	at org.springframework.boot.SpringApplication.run(SpringApplication.java:334) ~[spring-boot-3.2.4.jar:3.2.4]
	at org.springframework.boot.SpringApplication.run(SpringApplication.java:1354) ~[spring-boot-3.2.4.jar:3.2.4]
	at org.springframework.boot.SpringApplication.run(SpringApplication.java:1343) ~[spring-boot-3.2.4.jar:3.2.4]
	at com.github.trade.KnowledgeLinkTradeApplication.main(KnowledgeLinkTradeApplication.java:17) ~[classes/:na]
Caused by: org.springframework.amqp.AmqpIllegalStateException: Fatal exception on listener startup
	at org.springframework.amqp.rabbit.listener.SimpleMessageListenerContainer.waitForConsumersToStart(SimpleMessageListenerContainer.java:643) ~[spring-rabbit-3.1.3.jar:3.1.3]
	at org.springframework.amqp.rabbit.listener.SimpleMessageListenerContainer.doStart(SimpleMessageListenerContainer.java:600) ~[spring-rabbit-3.1.3.jar:3.1.3]
	at org.springframework.amqp.rabbit.listener.AbstractMessageListenerContainer.start(AbstractMessageListenerContainer.java:1405) ~[spring-rabbit-3.1.3.jar:3.1.3]
	at org.springframework.amqp.rabbit.listener.RabbitListenerEndpointRegistry.startIfNecessary(RabbitListenerEndpointRegistry.java:297) ~[spring-rabbit-3.1.3.jar:3.1.3]
	at org.springframework.amqp.rabbit.listener.RabbitListenerEndpointRegistry.start(RabbitListenerEndpointRegistry.java:247) ~[spring-rabbit-3.1.3.jar:3.1.3]
	at org.springframework.context.support.DefaultLifecycleProcessor.doStart(DefaultLifecycleProcessor.java:288) ~[spring-context-6.1.5.jar:6.1.5]
	... 13 common frames omitted
Caused by: org.springframework.amqp.rabbit.listener.exception.FatalListenerStartupException: Authentication failure
	at org.springframework.amqp.rabbit.listener.BlockingQueueConsumer.start(BlockingQueueConsumer.java:632) ~[spring-rabbit-3.1.3.jar:3.1.3]
	at org.springframework.amqp.rabbit.listener.SimpleMessageListenerContainer$AsyncMessageProcessingConsumer.initialize(SimpleMessageListenerContainer.java:1481) ~[spring-rabbit-3.1.3.jar:3.1.3]
	at org.springframework.amqp.rabbit.listener.SimpleMessageListenerContainer$AsyncMessageProcessingConsumer.run(SimpleMessageListenerContainer.java:1322) ~[spring-rabbit-3.1.3.jar:3.1.3]
	at java.base/java.lang.Thread.run(Thread.java:1575) ~[na:na]
Caused by: org.springframework.amqp.AmqpAuthenticationException: com.rabbitmq.client.AuthenticationFailureException: ACCESS_REFUSED - Login was refused using authentication mechanism PLAIN. For details see the broker logfile.
	at org.springframework.amqp.rabbit.support.RabbitExceptionTranslator.convertRabbitAccessException(RabbitExceptionTranslator.java:64) ~[spring-rabbit-3.1.3.jar:3.1.3]
	at org.springframework.amqp.rabbit.connection.AbstractConnectionFactory.createBareConnection(AbstractConnectionFactory.java:622) ~[spring-rabbit-3.1.3.jar:3.1.3]
	at org.springframework.amqp.rabbit.connection.CachingConnectionFactory.createConnection(CachingConnectionFactory.java:727) ~[spring-rabbit-3.1.3.jar:3.1.3]
	at org.springframework.amqp.rabbit.connection.ConnectionFactoryUtils.createConnection(ConnectionFactoryUtils.java:257) ~[spring-rabbit-3.1.3.jar:3.1.3]
	at org.springframework.amqp.rabbit.connection.ConnectionFactoryUtils$RabbitResourceFactory.createConnection(ConnectionFactoryUtils.java:345) ~[spring-rabbit-3.1.3.jar:3.1.3]
	at org.springframework.amqp.rabbit.connection.ConnectionFactoryUtils.doGetTransactionalResourceHolder(ConnectionFactoryUtils.java:140) ~[spring-rabbit-3.1.3.jar:3.1.3]
	at org.springframework.amqp.rabbit.connection.ConnectionFactoryUtils.getTransactionalResourceHolder(ConnectionFactoryUtils.java:102) ~[spring-rabbit-3.1.3.jar:3.1.3]
	at org.springframework.amqp.rabbit.connection.ConnectionFactoryUtils.getTransactionalResourceHolder(ConnectionFactoryUtils.java:85) ~[spring-rabbit-3.1.3.jar:3.1.3]
	at org.springframework.amqp.rabbit.listener.BlockingQueueConsumer.start(BlockingQueueConsumer.java:626) ~[spring-rabbit-3.1.3.jar:3.1.3]
	... 3 common frames omitted
Caused by: com.rabbitmq.client.AuthenticationFailureException: ACCESS_REFUSED - Login was refused using authentication mechanism PLAIN. For details see the broker logfile.
	at com.rabbitmq.client.impl.AMQConnection.start(AMQConnection.java:395) ~[amqp-client-5.19.0.jar:5.19.0]
	at com.rabbitmq.client.ConnectionFactory.newConnection(ConnectionFactory.java:1251) ~[amqp-client-5.19.0.jar:5.19.0]
	at com.rabbitmq.client.ConnectionFactory.newConnection(ConnectionFactory.java:1198) ~[amqp-client-5.19.0.jar:5.19.0]
	at org.springframework.amqp.rabbit.connection.AbstractConnectionFactory.connectAddresses(AbstractConnectionFactory.java:668) ~[spring-rabbit-3.1.3.jar:3.1.3]
	at org.springframework.amqp.rabbit.connection.AbstractConnectionFactory.connect(AbstractConnectionFactory.java:637) ~[spring-rabbit-3.1.3.jar:3.1.3]
	at org.springframework.amqp.rabbit.connection.AbstractConnectionFactory.createBareConnection(AbstractConnectionFactory.java:584) ~[spring-rabbit-3.1.3.jar:3.1.3]
	... 10 common frames omitted

2026-04-09T15:55:11.166+08:00  INFO 92844 --- [knowledgelink-trade] [main] c.g.trade.KnowledgeLinkTradeApplication  : No active profile set, falling back to 1 default profile: "default"
2026-04-09T15:55:11.483+08:00  INFO 92844 --- [knowledgelink-trade] [main] .s.d.r.c.RepositoryConfigurationDelegate : Multiple Spring Data modules found, entering strict repository configuration mode
2026-04-09T15:55:11.484+08:00  INFO 92844 --- [knowledgelink-trade] [main] .s.d.r.c.RepositoryConfigurationDelegate : Bootstrapping Spring Data Redis repositories in DEFAULT mode.
2026-04-09T15:55:11.503+08:00  INFO 92844 --- [knowledgelink-trade] [main] .s.d.r.c.RepositoryConfigurationDelegate : Finished Spring Data repository scanning in 8 ms. Found 0 Redis repository interfaces.
2026-04-09T15:55:11.649+08:00  INFO 92844 --- [knowledgelink-trade] [main] o.s.cloud.context.scope.GenericScope     : BeanFactory id=72654a98-15b9-374f-b9aa-57a221285212
2026-04-09T15:55:11.750+08:00  WARN 92844 --- [knowledgelink-trade] [main] trationDelegate$BeanPostProcessorChecker : Bean 'org.springframework.cloud.client.loadbalancer.LoadBalancerAutoConfiguration$DeferringLoadBalancerInterceptorConfig' of type [org.springframework.cloud.client.loadbalancer.LoadBalancerAutoConfiguration$DeferringLoadBalancerInterceptorConfig] is not eligible for getting processed by all BeanPostProcessors (for example: not eligible for auto-proxying). The currently created BeanPostProcessor [lbRestClientPostProcessor] is declared through a non-static factory method on that class; consider declaring it as static instead.
2026-04-09T15:55:11.751+08:00  WARN 92844 --- [knowledgelink-trade] [main] trationDelegate$BeanPostProcessorChecker : Bean 'deferringLoadBalancerInterceptor' of type [org.springframework.cloud.client.loadbalancer.DeferringLoadBalancerInterceptor] is not eligible for getting processed by all BeanPostProcessors (for example: not eligible for auto-proxying). Is this bean getting eagerly injected into a currently created BeanPostProcessor [lbRestClientPostProcessor]? Check the corresponding BeanPostProcessor declaration and its dependencies.
2026-04-09T15:55:11.897+08:00  INFO 92844 --- [knowledgelink-trade] [main] o.s.b.w.embedded.tomcat.TomcatWebServer  : Tomcat initialized with port 8081 (http)
2026-04-09T15:55:11.904+08:00  INFO 92844 --- [knowledgelink-trade] [main] o.apache.catalina.core.StandardService   : Starting service [Tomcat]
2026-04-09T15:55:11.904+08:00  INFO 92844 --- [knowledgelink-trade] [main] o.apache.catalina.core.StandardEngine    : Starting Servlet engine: [Apache Tomcat/10.1.19]
2026-04-09T15:55:11.947+08:00  INFO 92844 --- [knowledgelink-trade] [main] o.a.c.c.C.[Tomcat].[localhost].[/trade]  : Initializing Spring embedded WebApplicationContext
2026-04-09T15:55:11.947+08:00  INFO 92844 --- [knowledgelink-trade] [main] w.s.c.ServletWebServerApplicationContext : Root WebApplicationContext: initialization completed in 768 ms
2026-04-09T15:55:12.660+08:00  INFO 92844 --- [knowledgelink-trade] [main] com.github.common.utils.CosUtil          : 腾讯云 COS 客户端初始化成功，Region: ap-nanjing
2026-04-09T15:55:12.741+08:00  INFO 92844 --- [knowledgelink-trade] [main] o.s.c.openfeign.FeignClientFactoryBean   : For 'knowledgelink-recommend' URL not provided. Will try picking an instance via load-balancing.
2026-04-09T15:55:13.247+08:00  WARN 92844 --- [knowledgelink-trade] [main] iguration$LoadBalancerCaffeineWarnLogger : Spring Cloud LoadBalancer is currently working with the default cache. While this cache implementation is useful for development and tests, it's recommended to use Caffeine cache in production.You can switch to using Caffeine cache, by adding it and org.springframework.cache.caffeine.CaffeineCacheManager to the classpath.
2026-04-09T15:55:13.299+08:00  INFO 92844 --- [knowledgelink-trade] [main] o.s.b.w.embedded.tomcat.TomcatWebServer  : Tomcat started on port 8081 (http) with context path '/trade'
2026-04-09T15:55:13.310+08:00  INFO 92844 --- [knowledgelink-trade] [main] c.g.trade.KnowledgeLinkTradeApplication  : Started KnowledgeLinkTradeApplication in 4.632 seconds (process running for 4.921)
2026-04-09T15:55:13.592+08:00  INFO 92844 --- [knowledgelink-trade] [main] com.zaxxer.hikari.HikariDataSource       : HikariPool-1 - Starting...
2026-04-09T15:55:13.908+08:00  INFO 92844 --- [knowledgelink-trade] [main] com.zaxxer.hikari.pool.HikariPool        : HikariPool-1 - Added connection com.mysql.cj.jdbc.ConnectionImpl@1e733bb5
2026-04-09T15:55:13.910+08:00  INFO 92844 --- [knowledgelink-trade] [main] com.zaxxer.hikari.HikariDataSource       : HikariPool-1 - Start completed.
2026-04-09T15:55:13.915+08:00 DEBUG 92844 --- [knowledgelink-trade] [main] c.g.trade.mapper.BookMapper.selectList   : ==>  Preparing: SELECT item_id,seller_id,city,name,author,publisher,version,price,type,item_categories,item_keywords,note,description,count,status,image,create_time,update_time FROM book_info
2026-04-09T15:55:13.933+08:00 DEBUG 92844 --- [knowledgelink-trade] [main] c.g.trade.mapper.BookMapper.selectList   : ==> Parameters: 
2026-04-09T15:55:19.832+08:00 DEBUG 92844 --- [knowledgelink-trade] [main] c.g.trade.mapper.BookMapper.selectList   : <==      Total: 6262
2026-04-09T15:55:25.506+08:00  INFO 92844 --- [knowledgelink-trade] [main] c.github.trade.config.BookEsInitRunner   : book ES 索引初始化完成
2026-04-09T16:04:27.226+08:00  INFO 100636 --- [knowledgelink-trade] [main] c.g.trade.KnowledgeLinkTradeApplication  : No active profile set, falling back to 1 default profile: "default"
2026-04-09T16:04:27.551+08:00  INFO 100636 --- [knowledgelink-trade] [main] .s.d.r.c.RepositoryConfigurationDelegate : Multiple Spring Data modules found, entering strict repository configuration mode
2026-04-09T16:04:27.552+08:00  INFO 100636 --- [knowledgelink-trade] [main] .s.d.r.c.RepositoryConfigurationDelegate : Bootstrapping Spring Data Redis repositories in DEFAULT mode.
2026-04-09T16:04:27.569+08:00  INFO 100636 --- [knowledgelink-trade] [main] .s.d.r.c.RepositoryConfigurationDelegate : Finished Spring Data repository scanning in 10 ms. Found 0 Redis repository interfaces.
2026-04-09T16:04:27.729+08:00  INFO 100636 --- [knowledgelink-trade] [main] o.s.cloud.context.scope.GenericScope     : BeanFactory id=72654a98-15b9-374f-b9aa-57a221285212
2026-04-09T16:04:27.829+08:00  WARN 100636 --- [knowledgelink-trade] [main] trationDelegate$BeanPostProcessorChecker : Bean 'org.springframework.cloud.client.loadbalancer.LoadBalancerAutoConfiguration$DeferringLoadBalancerInterceptorConfig' of type [org.springframework.cloud.client.loadbalancer.LoadBalancerAutoConfiguration$DeferringLoadBalancerInterceptorConfig] is not eligible for getting processed by all BeanPostProcessors (for example: not eligible for auto-proxying). The currently created BeanPostProcessor [lbRestClientPostProcessor] is declared through a non-static factory method on that class; consider declaring it as static instead.
2026-04-09T16:04:27.831+08:00  WARN 100636 --- [knowledgelink-trade] [main] trationDelegate$BeanPostProcessorChecker : Bean 'deferringLoadBalancerInterceptor' of type [org.springframework.cloud.client.loadbalancer.DeferringLoadBalancerInterceptor] is not eligible for getting processed by all BeanPostProcessors (for example: not eligible for auto-proxying). Is this bean getting eagerly injected into a currently created BeanPostProcessor [lbRestClientPostProcessor]? Check the corresponding BeanPostProcessor declaration and its dependencies.
2026-04-09T16:04:27.968+08:00  INFO 100636 --- [knowledgelink-trade] [main] o.s.b.w.embedded.tomcat.TomcatWebServer  : Tomcat initialized with port 8081 (http)
2026-04-09T16:04:27.976+08:00  INFO 100636 --- [knowledgelink-trade] [main] o.apache.catalina.core.StandardService   : Starting service [Tomcat]
2026-04-09T16:04:27.977+08:00  INFO 100636 --- [knowledgelink-trade] [main] o.apache.catalina.core.StandardEngine    : Starting Servlet engine: [Apache Tomcat/10.1.19]
2026-04-09T16:04:28.032+08:00  INFO 100636 --- [knowledgelink-trade] [main] o.a.c.c.C.[Tomcat].[localhost].[/trade]  : Initializing Spring embedded WebApplicationContext
2026-04-09T16:04:28.033+08:00  INFO 100636 --- [knowledgelink-trade] [main] w.s.c.ServletWebServerApplicationContext : Root WebApplicationContext: initialization completed in 792 ms
2026-04-09T16:04:28.745+08:00  INFO 100636 --- [knowledgelink-trade] [main] com.github.common.utils.CosUtil          : 腾讯云 COS 客户端初始化成功，Region: ap-nanjing
2026-04-09T16:04:28.817+08:00  INFO 100636 --- [knowledgelink-trade] [main] o.s.c.openfeign.FeignClientFactoryBean   : For 'knowledgelink-recommend' URL not provided. Will try picking an instance via load-balancing.
2026-04-09T16:04:29.291+08:00  WARN 100636 --- [knowledgelink-trade] [main] iguration$LoadBalancerCaffeineWarnLogger : Spring Cloud LoadBalancer is currently working with the default cache. While this cache implementation is useful for development and tests, it's recommended to use Caffeine cache in production.You can switch to using Caffeine cache, by adding it and org.springframework.cache.caffeine.CaffeineCacheManager to the classpath.
2026-04-09T16:04:29.353+08:00  INFO 100636 --- [knowledgelink-trade] [main] o.s.b.w.embedded.tomcat.TomcatWebServer  : Tomcat started on port 8081 (http) with context path '/trade'
2026-04-09T16:04:29.359+08:00  INFO 100636 --- [knowledgelink-trade] [main] o.s.a.r.c.CachingConnectionFactory       : Attempting to connect to: [175.27.129.187:5672]
2026-04-09T16:04:29.477+08:00  INFO 100636 --- [knowledgelink-trade] [main] o.s.a.r.c.CachingConnectionFactory       : Created new connection: rabbitConnectionFactory#40edc64e:0/SimpleConnection@3b95fce9 [delegate=amqp://admin@175.27.129.187:5672/, localPort=55823]
2026-04-09T16:04:30.139+08:00  INFO 100636 --- [knowledgelink-trade] [main] c.g.trade.KnowledgeLinkTradeApplication  : Started KnowledgeLinkTradeApplication in 5.39 seconds (process running for 5.692)
2026-04-09T16:04:30.211+08:00  INFO 100636 --- [knowledgelink-trade] [main] c.github.trade.config.BookEsInitRunner   : book ES 索引初始化完成
2026-04-09T16:25:10.279+08:00  INFO 119628 --- [knowledgelink-trade] [main] c.g.trade.KnowledgeLinkTradeApplication  : No active profile set, falling back to 1 default profile: "default"
2026-04-09T16:25:10.590+08:00  INFO 119628 --- [knowledgelink-trade] [main] .s.d.r.c.RepositoryConfigurationDelegate : Multiple Spring Data modules found, entering strict repository configuration mode
2026-04-09T16:25:10.592+08:00  INFO 119628 --- [knowledgelink-trade] [main] .s.d.r.c.RepositoryConfigurationDelegate : Bootstrapping Spring Data Redis repositories in DEFAULT mode.
2026-04-09T16:25:10.605+08:00  INFO 119628 --- [knowledgelink-trade] [main] .s.d.r.c.RepositoryConfigurationDelegate : Finished Spring Data repository scanning in 7 ms. Found 0 Redis repository interfaces.
2026-04-09T16:25:10.747+08:00  INFO 119628 --- [knowledgelink-trade] [main] o.s.cloud.context.scope.GenericScope     : BeanFactory id=72654a98-15b9-374f-b9aa-57a221285212
2026-04-09T16:25:10.843+08:00  WARN 119628 --- [knowledgelink-trade] [main] trationDelegate$BeanPostProcessorChecker : Bean 'org.springframework.cloud.client.loadbalancer.LoadBalancerAutoConfiguration$DeferringLoadBalancerInterceptorConfig' of type [org.springframework.cloud.client.loadbalancer.LoadBalancerAutoConfiguration$DeferringLoadBalancerInterceptorConfig] is not eligible for getting processed by all BeanPostProcessors (for example: not eligible for auto-proxying). The currently created BeanPostProcessor [lbRestClientPostProcessor] is declared through a non-static factory method on that class; consider declaring it as static instead.
2026-04-09T16:25:10.844+08:00  WARN 119628 --- [knowledgelink-trade] [main] trationDelegate$BeanPostProcessorChecker : Bean 'deferringLoadBalancerInterceptor' of type [org.springframework.cloud.client.loadbalancer.DeferringLoadBalancerInterceptor] is not eligible for getting processed by all BeanPostProcessors (for example: not eligible for auto-proxying). Is this bean getting eagerly injected into a currently created BeanPostProcessor [lbRestClientPostProcessor]? Check the corresponding BeanPostProcessor declaration and its dependencies.
2026-04-09T16:25:10.964+08:00  INFO 119628 --- [knowledgelink-trade] [main] o.s.b.w.embedded.tomcat.TomcatWebServer  : Tomcat initialized with port 8081 (http)
2026-04-09T16:25:10.970+08:00  INFO 119628 --- [knowledgelink-trade] [main] o.apache.catalina.core.StandardService   : Starting service [Tomcat]
2026-04-09T16:25:10.970+08:00  INFO 119628 --- [knowledgelink-trade] [main] o.apache.catalina.core.StandardEngine    : Starting Servlet engine: [Apache Tomcat/10.1.19]
2026-04-09T16:25:11.015+08:00  INFO 119628 --- [knowledgelink-trade] [main] o.a.c.c.C.[Tomcat].[localhost].[/trade]  : Initializing Spring embedded WebApplicationContext
2026-04-09T16:25:11.016+08:00  INFO 119628 --- [knowledgelink-trade] [main] w.s.c.ServletWebServerApplicationContext : Root WebApplicationContext: initialization completed in 722 ms
2026-04-09T16:25:11.684+08:00  INFO 119628 --- [knowledgelink-trade] [main] com.github.common.utils.CosUtil          : 腾讯云 COS 客户端初始化成功，Region: ap-nanjing
2026-04-09T16:25:11.750+08:00  INFO 119628 --- [knowledgelink-trade] [main] o.s.c.openfeign.FeignClientFactoryBean   : For 'knowledgelink-recommend' URL not provided. Will try picking an instance via load-balancing.
2026-04-09T16:25:12.210+08:00  WARN 119628 --- [knowledgelink-trade] [main] iguration$LoadBalancerCaffeineWarnLogger : Spring Cloud LoadBalancer is currently working with the default cache. While this cache implementation is useful for development and tests, it's recommended to use Caffeine cache in production.You can switch to using Caffeine cache, by adding it and org.springframework.cache.caffeine.CaffeineCacheManager to the classpath.
2026-04-09T16:25:12.264+08:00  INFO 119628 --- [knowledgelink-trade] [main] o.s.b.w.embedded.tomcat.TomcatWebServer  : Tomcat started on port 8081 (http) with context path '/trade'
2026-04-09T16:25:12.270+08:00  INFO 119628 --- [knowledgelink-trade] [main] o.s.a.r.c.CachingConnectionFactory       : Attempting to connect to: [175.27.129.187:5672]
2026-04-09T16:25:12.385+08:00  INFO 119628 --- [knowledgelink-trade] [main] o.s.a.r.c.CachingConnectionFactory       : Created new connection: rabbitConnectionFactory#70f5f57d:0/SimpleConnection@3b95fce9 [delegate=amqp://admin@175.27.129.187:5672/, localPort=64052]
2026-04-09T16:25:12.927+08:00  INFO 119628 --- [knowledgelink-trade] [main] c.g.trade.KnowledgeLinkTradeApplication  : Started KnowledgeLinkTradeApplication in 5.105 seconds (process running for 5.385)
2026-04-09T16:25:13.009+08:00  INFO 119628 --- [knowledgelink-trade] [main] c.github.trade.config.BookEsInitRunner   : book ES 索引初始化完成
2026-04-09T16:43:57.887+08:00  INFO 119628 --- [knowledgelink-trade] [org.springframework.amqp.rabbit.RabbitListenerEndpointContainer#0-2] o.s.a.r.l.SimpleMessageListenerContainer : Waiting for workers to finish.
2026-04-09T16:43:57.910+08:00  INFO 119628 --- [knowledgelink-trade] [org.springframework.amqp.rabbit.RabbitListenerEndpointContainer#1-2] o.s.a.r.l.SimpleMessageListenerContainer : Waiting for workers to finish.
2026-04-09T16:43:58.416+08:00  INFO 119628 --- [knowledgelink-trade] [org.springframework.amqp.rabbit.RabbitListenerEndpointContainer#0-2] o.s.a.r.l.SimpleMessageListenerContainer : Successfully waited for workers to finish.
2026-04-09T16:43:58.556+08:00  INFO 119628 --- [knowledgelink-trade] [org.springframework.amqp.rabbit.RabbitListenerEndpointContainer#1-2] o.s.a.r.l.SimpleMessageListenerContainer : Successfully waited for workers to finish.
2026-04-09T16:44:06.475+08:00  INFO 119732 --- [knowledgelink-trade] [main] c.g.trade.KnowledgeLinkTradeApplication  : No active profile set, falling back to 1 default profile: "default"
2026-04-09T16:44:06.779+08:00  INFO 119732 --- [knowledgelink-trade] [main] .s.d.r.c.RepositoryConfigurationDelegate : Multiple Spring Data modules found, entering strict repository configuration mode
2026-04-09T16:44:06.780+08:00  INFO 119732 --- [knowledgelink-trade] [main] .s.d.r.c.RepositoryConfigurationDelegate : Bootstrapping Spring Data Redis repositories in DEFAULT mode.
2026-04-09T16:44:06.794+08:00  INFO 119732 --- [knowledgelink-trade] [main] .s.d.r.c.RepositoryConfigurationDelegate : Finished Spring Data repository scanning in 7 ms. Found 0 Redis repository interfaces.
2026-04-09T16:44:06.925+08:00  INFO 119732 --- [knowledgelink-trade] [main] o.s.cloud.context.scope.GenericScope     : BeanFactory id=72654a98-15b9-374f-b9aa-57a221285212
2026-04-09T16:44:07.018+08:00  WARN 119732 --- [knowledgelink-trade] [main] trationDelegate$BeanPostProcessorChecker : Bean 'org.springframework.cloud.client.loadbalancer.LoadBalancerAutoConfiguration$DeferringLoadBalancerInterceptorConfig' of type [org.springframework.cloud.client.loadbalancer.LoadBalancerAutoConfiguration$DeferringLoadBalancerInterceptorConfig] is not eligible for getting processed by all BeanPostProcessors (for example: not eligible for auto-proxying). The currently created BeanPostProcessor [lbRestClientPostProcessor] is declared through a non-static factory method on that class; consider declaring it as static instead.
2026-04-09T16:44:07.019+08:00  WARN 119732 --- [knowledgelink-trade] [main] trationDelegate$BeanPostProcessorChecker : Bean 'deferringLoadBalancerInterceptor' of type [org.springframework.cloud.client.loadbalancer.DeferringLoadBalancerInterceptor] is not eligible for getting processed by all BeanPostProcessors (for example: not eligible for auto-proxying). Is this bean getting eagerly injected into a currently created BeanPostProcessor [lbRestClientPostProcessor]? Check the corresponding BeanPostProcessor declaration and its dependencies.
2026-04-09T16:44:07.134+08:00  INFO 119732 --- [knowledgelink-trade] [main] o.s.b.w.embedded.tomcat.TomcatWebServer  : Tomcat initialized with port 8081 (http)
2026-04-09T16:44:07.141+08:00  INFO 119732 --- [knowledgelink-trade] [main] o.apache.catalina.core.StandardService   : Starting service [Tomcat]
2026-04-09T16:44:07.144+08:00  INFO 119732 --- [knowledgelink-trade] [main] o.apache.catalina.core.StandardEngine    : Starting Servlet engine: [Apache Tomcat/10.1.19]
2026-04-09T16:44:07.191+08:00  INFO 119732 --- [knowledgelink-trade] [main] o.a.c.c.C.[Tomcat].[localhost].[/trade]  : Initializing Spring embedded WebApplicationContext
2026-04-09T16:44:07.191+08:00  INFO 119732 --- [knowledgelink-trade] [main] w.s.c.ServletWebServerApplicationContext : Root WebApplicationContext: initialization completed in 701 ms
2026-04-09T16:44:07.884+08:00  INFO 119732 --- [knowledgelink-trade] [main] com.github.common.utils.CosUtil          : 腾讯云 COS 客户端初始化成功，Region: ap-nanjing
2026-04-09T16:44:07.945+08:00  INFO 119732 --- [knowledgelink-trade] [main] o.s.c.openfeign.FeignClientFactoryBean   : For 'knowledgelink-recommend' URL not provided. Will try picking an instance via load-balancing.
2026-04-09T16:44:08.420+08:00  WARN 119732 --- [knowledgelink-trade] [main] iguration$LoadBalancerCaffeineWarnLogger : Spring Cloud LoadBalancer is currently working with the default cache. While this cache implementation is useful for development and tests, it's recommended to use Caffeine cache in production.You can switch to using Caffeine cache, by adding it and org.springframework.cache.caffeine.CaffeineCacheManager to the classpath.
2026-04-09T16:44:08.475+08:00  INFO 119732 --- [knowledgelink-trade] [main] o.s.b.w.embedded.tomcat.TomcatWebServer  : Tomcat started on port 8081 (http) with context path '/trade'
2026-04-09T16:44:08.481+08:00  INFO 119732 --- [knowledgelink-trade] [main] o.s.a.r.c.CachingConnectionFactory       : Attempting to connect to: [175.27.129.187:5672]
2026-04-09T16:44:08.587+08:00  INFO 119732 --- [knowledgelink-trade] [main] o.s.a.r.c.CachingConnectionFactory       : Created new connection: rabbitConnectionFactory#49bc71b4:0/SimpleConnection@45302e66 [delegate=amqp://admin@175.27.129.187:5672/, localPort=58921]
2026-04-09T16:44:09.059+08:00  INFO 119732 --- [knowledgelink-trade] [main] c.g.trade.KnowledgeLinkTradeApplication  : Started KnowledgeLinkTradeApplication in 5.038 seconds (process running for 5.321)
2026-04-09T16:44:09.135+08:00  INFO 119732 --- [knowledgelink-trade] [main] c.github.trade.config.BookEsInitRunner   : book ES 索引初始化完成
2026-04-09T16:48:12.368+08:00  INFO 119732 --- [knowledgelink-trade] [org.springframework.amqp.rabbit.RabbitListenerEndpointContainer#0-2] o.s.a.r.l.SimpleMessageListenerContainer : Waiting for workers to finish.
2026-04-09T16:48:12.388+08:00  INFO 119732 --- [knowledgelink-trade] [org.springframework.amqp.rabbit.RabbitListenerEndpointContainer#1-2] o.s.a.r.l.SimpleMessageListenerContainer : Waiting for workers to finish.
2026-04-09T16:48:12.906+08:00  INFO 119732 --- [knowledgelink-trade] [org.springframework.amqp.rabbit.RabbitListenerEndpointContainer#0-2] o.s.a.r.l.SimpleMessageListenerContainer : Successfully waited for workers to finish.
2026-04-09T16:48:12.952+08:00  INFO 119732 --- [knowledgelink-trade] [org.springframework.amqp.rabbit.RabbitListenerEndpointContainer#1-2] o.s.a.r.l.SimpleMessageListenerContainer : Successfully waited for workers to finish.
2026-04-09T16:48:19.403+08:00  INFO 118088 --- [knowledgelink-trade] [main] c.g.trade.KnowledgeLinkTradeApplication  : No active profile set, falling back to 1 default profile: "default"
2026-04-09T16:48:19.730+08:00  INFO 118088 --- [knowledgelink-trade] [main] .s.d.r.c.RepositoryConfigurationDelegate : Multiple Spring Data modules found, entering strict repository configuration mode
2026-04-09T16:48:19.732+08:00  INFO 118088 --- [knowledgelink-trade] [main] .s.d.r.c.RepositoryConfigurationDelegate : Bootstrapping Spring Data Redis repositories in DEFAULT mode.
2026-04-09T16:48:19.746+08:00  INFO 118088 --- [knowledgelink-trade] [main] .s.d.r.c.RepositoryConfigurationDelegate : Finished Spring Data repository scanning in 8 ms. Found 0 Redis repository interfaces.
2026-04-09T16:48:19.899+08:00  INFO 118088 --- [knowledgelink-trade] [main] o.s.cloud.context.scope.GenericScope     : BeanFactory id=72654a98-15b9-374f-b9aa-57a221285212
2026-04-09T16:48:20.014+08:00  WARN 118088 --- [knowledgelink-trade] [main] trationDelegate$BeanPostProcessorChecker : Bean 'org.springframework.cloud.client.loadbalancer.LoadBalancerAutoConfiguration$DeferringLoadBalancerInterceptorConfig' of type [org.springframework.cloud.client.loadbalancer.LoadBalancerAutoConfiguration$DeferringLoadBalancerInterceptorConfig] is not eligible for getting processed by all BeanPostProcessors (for example: not eligible for auto-proxying). The currently created BeanPostProcessor [lbRestClientPostProcessor] is declared through a non-static factory method on that class; consider declaring it as static instead.
2026-04-09T16:48:20.016+08:00  WARN 118088 --- [knowledgelink-trade] [main] trationDelegate$BeanPostProcessorChecker : Bean 'deferringLoadBalancerInterceptor' of type [org.springframework.cloud.client.loadbalancer.DeferringLoadBalancerInterceptor] is not eligible for getting processed by all BeanPostProcessors (for example: not eligible for auto-proxying). Is this bean getting eagerly injected into a currently created BeanPostProcessor [lbRestClientPostProcessor]? Check the corresponding BeanPostProcessor declaration and its dependencies.
2026-04-09T16:48:20.147+08:00  INFO 118088 --- [knowledgelink-trade] [main] o.s.b.w.embedded.tomcat.TomcatWebServer  : Tomcat initialized with port 8081 (http)
2026-04-09T16:48:20.153+08:00  INFO 118088 --- [knowledgelink-trade] [main] o.apache.catalina.core.StandardService   : Starting service [Tomcat]
2026-04-09T16:48:20.153+08:00  INFO 118088 --- [knowledgelink-trade] [main] o.apache.catalina.core.StandardEngine    : Starting Servlet engine: [Apache Tomcat/10.1.19]
2026-04-09T16:48:20.205+08:00  INFO 118088 --- [knowledgelink-trade] [main] o.a.c.c.C.[Tomcat].[localhost].[/trade]  : Initializing Spring embedded WebApplicationContext
2026-04-09T16:48:20.205+08:00  INFO 118088 --- [knowledgelink-trade] [main] w.s.c.ServletWebServerApplicationContext : Root WebApplicationContext: initialization completed in 789 ms
2026-04-09T16:48:20.896+08:00  INFO 118088 --- [knowledgelink-trade] [main] com.github.common.utils.CosUtil          : 腾讯云 COS 客户端初始化成功，Region: ap-nanjing
2026-04-09T16:48:20.961+08:00  INFO 118088 --- [knowledgelink-trade] [main] o.s.c.openfeign.FeignClientFactoryBean   : For 'knowledgelink-recommend' URL not provided. Will try picking an instance via load-balancing.
2026-04-09T16:48:21.438+08:00  WARN 118088 --- [knowledgelink-trade] [main] iguration$LoadBalancerCaffeineWarnLogger : Spring Cloud LoadBalancer is currently working with the default cache. While this cache implementation is useful for development and tests, it's recommended to use Caffeine cache in production.You can switch to using Caffeine cache, by adding it and org.springframework.cache.caffeine.CaffeineCacheManager to the classpath.
2026-04-09T16:48:21.488+08:00  INFO 118088 --- [knowledgelink-trade] [main] o.s.b.w.embedded.tomcat.TomcatWebServer  : Tomcat started on port 8081 (http) with context path '/trade'
2026-04-09T16:48:21.495+08:00  INFO 118088 --- [knowledgelink-trade] [main] o.s.a.r.c.CachingConnectionFactory       : Attempting to connect to: [175.27.129.187:5672]
2026-04-09T16:48:21.609+08:00  INFO 118088 --- [knowledgelink-trade] [main] o.s.a.r.c.CachingConnectionFactory       : Created new connection: rabbitConnectionFactory#49bc71b4:0/SimpleConnection@45302e66 [delegate=amqp://admin@175.27.129.187:5672/, localPort=52339]
2026-04-09T16:48:22.139+08:00  INFO 118088 --- [knowledgelink-trade] [main] c.g.trade.KnowledgeLinkTradeApplication  : Started KnowledgeLinkTradeApplication in 5.184 seconds (process running for 5.469)
2026-04-09T16:48:22.214+08:00  INFO 118088 --- [knowledgelink-trade] [main] c.github.trade.config.BookEsInitRunner   : book ES 索引初始化完成
2026-04-09T16:52:57.349+08:00  INFO 118088 --- [knowledgelink-trade] [http-nio-8081-exec-1] o.a.c.c.C.[Tomcat].[localhost].[/trade]  : Initializing Spring DispatcherServlet 'dispatcherServlet'
2026-04-09T16:52:57.349+08:00  INFO 118088 --- [knowledgelink-trade] [http-nio-8081-exec-1] o.s.web.servlet.DispatcherServlet        : Initializing Servlet 'dispatcherServlet'
2026-04-09T16:52:57.350+08:00  INFO 118088 --- [knowledgelink-trade] [http-nio-8081-exec-1] o.s.web.servlet.DispatcherServlet        : Completed initialization in 0 ms
2026-04-09T16:52:57.399+08:00  WARN 118088 --- [knowledgelink-trade] [http-nio-8081-exec-1] o.s.c.l.core.RoundRobinLoadBalancer      : No servers available for service: knowledgelink-recommend
2026-04-09T16:52:57.402+08:00  WARN 118088 --- [knowledgelink-trade] [http-nio-8081-exec-1] RetryableFeignBlockingLoadBalancerClient : Service instance was not resolved, executing the original request
2026-04-09T16:52:58.677+08:00  WARN 118088 --- [knowledgelink-trade] [http-nio-8081-exec-1] o.s.c.l.core.RoundRobinLoadBalancer      : No servers available for service: knowledgelink-recommend
2026-04-09T16:52:58.677+08:00  WARN 118088 --- [knowledgelink-trade] [http-nio-8081-exec-1] RetryableFeignBlockingLoadBalancerClient : Service instance was not resolved, executing the original request
2026-04-09T16:52:58.722+08:00  INFO 118088 --- [knowledgelink-trade] [http-nio-8081-exec-1] com.zaxxer.hikari.HikariDataSource       : HikariPool-1 - Starting...
2026-04-09T16:52:59.015+08:00  INFO 118088 --- [knowledgelink-trade] [http-nio-8081-exec-1] com.zaxxer.hikari.pool.HikariPool        : HikariPool-1 - Added connection com.mysql.cj.jdbc.ConnectionImpl@20cc65e4
2026-04-09T16:52:59.016+08:00  INFO 118088 --- [knowledgelink-trade] [http-nio-8081-exec-1] com.zaxxer.hikari.HikariDataSource       : HikariPool-1 - Start completed.
2026-04-09T16:52:59.021+08:00 DEBUG 118088 --- [knowledgelink-trade] [http-nio-8081-exec-1] c.g.trade.mapper.BookMapper.selectList   : ==>  Preparing: SELECT item_id,seller_id,city,name,author,publisher,version,price,type,item_categories,item_keywords,note,description,count,status,image,create_time,update_time FROM book_info WHERE (status = ?) order by rand() limit 50
2026-04-09T16:52:59.036+08:00 DEBUG 118088 --- [knowledgelink-trade] [http-nio-8081-exec-1] c.g.trade.mapper.BookMapper.selectList   : ==> Parameters: 1(Integer)
2026-04-09T16:52:59.335+08:00 DEBUG 118088 --- [knowledgelink-trade] [http-nio-8081-exec-1] c.g.trade.mapper.BookMapper.selectList   : <==      Total: 50
2026-04-09T16:52:59.348+08:00 ERROR 118088 --- [knowledgelink-trade] [http-nio-8081-exec-1] o.a.c.c.C.[.[.[.[dispatcherServlet]      : Servlet.service() for servlet [dispatcherServlet] in context with path [/trade] threw exception [Request processing failed: cn.hutool.json.JSONException: A JSONArray text must start with '[' at 1 [character 2 line 1]] with root cause

cn.hutool.json.JSONException: A JSONArray text must start with '[' at 1 [character 2 line 1]
	at cn.hutool.json.JSONTokener.syntaxError(JSONTokener.java:450) ~[hutool-all-5.8.41.jar:5.8.41]
	at cn.hutool.json.JSONParser.parseTo(JSONParser.java:111) ~[hutool-all-5.8.41.jar:5.8.41]
	at cn.hutool.json.ObjectMapper.mapFromTokener(ObjectMapper.java:257) ~[hutool-all-5.8.41.jar:5.8.41]
	at cn.hutool.json.ObjectMapper.mapFromStr(ObjectMapper.java:234) ~[hutool-all-5.8.41.jar:5.8.41]
	at cn.hutool.json.ObjectMapper.map(ObjectMapper.java:143) ~[hutool-all-5.8.41.jar:5.8.41]
	at cn.hutool.json.JSONArray.<init>(JSONArray.java:170) ~[hutool-all-5.8.41.jar:5.8.41]
	at cn.hutool.json.JSONArray.<init>(JSONArray.java:149) ~[hutool-all-5.8.41.jar:5.8.41]
	at cn.hutool.json.JSONArray.<init>(JSONArray.java:130) ~[hutool-all-5.8.41.jar:5.8.41]
	at cn.hutool.json.JSONArray.<init>(JSONArray.java:112) ~[hutool-all-5.8.41.jar:5.8.41]
	at cn.hutool.json.JSONUtil.parseArray(JSONUtil.java:142) ~[hutool-all-5.8.41.jar:5.8.41]
	at com.github.trade.util.BookConversionUtil.toBookDTO(BookConversionUtil.java:50) ~[classes/:na]
	at com.github.trade.service.impl.BookServiceImpl.listRandomBooksFallback(BookServiceImpl.java:263) ~[classes/:na]
	at com.github.trade.service.impl.BookServiceImpl.getRecommendedBooks(BookServiceImpl.java:89) ~[classes/:na]
	at java.base/jdk.internal.reflect.DirectMethodHandleAccessor.invoke(DirectMethodHandleAccessor.java:103) ~[na:na]
	at java.base/java.lang.reflect.Method.invoke(Method.java:580) ~[na:na]
	at org.springframework.aop.support.AopUtils.invokeJoinpointUsingReflection(AopUtils.java:351) ~[spring-aop-6.1.5.jar:6.1.5]
	at org.springframework.aop.framework.CglibAopProxy$DynamicAdvisedInterceptor.intercept(CglibAopProxy.java:713) ~[spring-aop-6.1.5.jar:6.1.5]
	at com.github.trade.service.impl.BookServiceImpl$$SpringCGLIB$$0.getRecommendedBooks(<generated>) ~[classes/:na]
	at com.github.trade.controller.BookController.getRecommendedBooks(BookController.java:23) ~[classes/:na]
	at java.base/jdk.internal.reflect.DirectMethodHandleAccessor.invoke(DirectMethodHandleAccessor.java:103) ~[na:na]
	at java.base/java.lang.reflect.Method.invoke(Method.java:580) ~[na:na]
	at org.springframework.web.method.support.InvocableHandlerMethod.doInvoke(InvocableHandlerMethod.java:255) ~[spring-web-6.1.5.jar:6.1.5]
	at org.springframework.web.method.support.InvocableHandlerMethod.invokeForRequest(InvocableHandlerMethod.java:188) ~[spring-web-6.1.5.jar:6.1.5]
	at org.springframework.web.servlet.mvc.method.annotation.ServletInvocableHandlerMethod.invokeAndHandle(ServletInvocableHandlerMethod.java:118) ~[spring-webmvc-6.1.5.jar:6.1.5]
	at org.springframework.web.servlet.mvc.method.annotation.RequestMappingHandlerAdapter.invokeHandlerMethod(RequestMappingHandlerAdapter.java:925) ~[spring-webmvc-6.1.5.jar:6.1.5]
	at org.springframework.web.servlet.mvc.method.annotation.RequestMappingHandlerAdapter.handleInternal(RequestMappingHandlerAdapter.java:830) ~[spring-webmvc-6.1.5.jar:6.1.5]
	at org.springframework.web.servlet.mvc.method.AbstractHandlerMethodAdapter.handle(AbstractHandlerMethodAdapter.java:87) ~[spring-webmvc-6.1.5.jar:6.1.5]
	at org.springframework.web.servlet.DispatcherServlet.doDispatch(DispatcherServlet.java:1089) ~[spring-webmvc-6.1.5.jar:6.1.5]
	at org.springframework.web.servlet.DispatcherServlet.doService(DispatcherServlet.java:979) ~[spring-webmvc-6.1.5.jar:6.1.5]
	at org.springframework.web.servlet.FrameworkServlet.processRequest(FrameworkServlet.java:1014) ~[spring-webmvc-6.1.5.jar:6.1.5]
	at org.springframework.web.servlet.FrameworkServlet.doGet(FrameworkServlet.java:903) ~[spring-webmvc-6.1.5.jar:6.1.5]
	at jakarta.servlet.http.HttpServlet.service(HttpServlet.java:564) ~[tomcat-embed-core-10.1.19.jar:6.0]
	at org.springframework.web.servlet.FrameworkServlet.service(FrameworkServlet.java:885) ~[spring-webmvc-6.1.5.jar:6.1.5]
	at jakarta.servlet.http.HttpServlet.service(HttpServlet.java:658) ~[tomcat-embed-core-10.1.19.jar:6.0]
	at org.apache.catalina.core.ApplicationFilterChain.internalDoFilter(ApplicationFilterChain.java:205) ~[tomcat-embed-core-10.1.19.jar:10.1.19]
	at org.apache.catalina.core.ApplicationFilterChain.doFilter(ApplicationFilterChain.java:149) ~[tomcat-embed-core-10.1.19.jar:10.1.19]
	at org.apache.tomcat.websocket.server.WsFilter.doFilter(WsFilter.java:51) ~[tomcat-embed-websocket-10.1.19.jar:10.1.19]
	at org.apache.catalina.core.ApplicationFilterChain.internalDoFilter(ApplicationFilterChain.java:174) ~[tomcat-embed-core-10.1.19.jar:10.1.19]
	at org.apache.catalina.core.ApplicationFilterChain.doFilter(ApplicationFilterChain.java:149) ~[tomcat-embed-core-10.1.19.jar:10.1.19]
	at org.springframework.web.filter.RequestContextFilter.doFilterInternal(RequestContextFilter.java:100) ~[spring-web-6.1.5.jar:6.1.5]
	at org.springframework.web.filter.OncePerRequestFilter.doFilter(OncePerRequestFilter.java:116) ~[spring-web-6.1.5.jar:6.1.5]
	at org.apache.catalina.core.ApplicationFilterChain.internalDoFilter(ApplicationFilterChain.java:174) ~[tomcat-embed-core-10.1.19.jar:10.1.19]
	at org.apache.catalina.core.ApplicationFilterChain.doFilter(ApplicationFilterChain.java:149) ~[tomcat-embed-core-10.1.19.jar:10.1.19]
	at org.springframework.web.filter.FormContentFilter.doFilterInternal(FormContentFilter.java:93) ~[spring-web-6.1.5.jar:6.1.5]
	at org.springframework.web.filter.OncePerRequestFilter.doFilter(OncePerRequestFilter.java:116) ~[spring-web-6.1.5.jar:6.1.5]
	at org.apache.catalina.core.ApplicationFilterChain.internalDoFilter(ApplicationFilterChain.java:174) ~[tomcat-embed-core-10.1.19.jar:10.1.19]
	at org.apache.catalina.core.ApplicationFilterChain.doFilter(ApplicationFilterChain.java:149) ~[tomcat-embed-core-10.1.19.jar:10.1.19]
	at org.springframework.web.filter.CharacterEncodingFilter.doFilterInternal(CharacterEncodingFilter.java:201) ~[spring-web-6.1.5.jar:6.1.5]
	at org.springframework.web.filter.OncePerRequestFilter.doFilter(OncePerRequestFilter.java:116) ~[spring-web-6.1.5.jar:6.1.5]
	at org.apache.catalina.core.ApplicationFilterChain.internalDoFilter(ApplicationFilterChain.java:174) ~[tomcat-embed-core-10.1.19.jar:10.1.19]
	at org.apache.catalina.core.ApplicationFilterChain.doFilter(ApplicationFilterChain.java:149) ~[tomcat-embed-core-10.1.19.jar:10.1.19]
	at org.apache.catalina.core.StandardWrapperValve.invoke(StandardWrapperValve.java:167) ~[tomcat-embed-core-10.1.19.jar:10.1.19]
	at org.apache.catalina.core.StandardContextValve.invoke(StandardContextValve.java:90) ~[tomcat-embed-core-10.1.19.jar:10.1.19]
	at org.apache.catalina.authenticator.AuthenticatorBase.invoke(AuthenticatorBase.java:482) ~[tomcat-embed-core-10.1.19.jar:10.1.19]
	at org.apache.catalina.core.StandardHostValve.invoke(StandardHostValve.java:115) ~[tomcat-embed-core-10.1.19.jar:10.1.19]
	at org.apache.catalina.valves.ErrorReportValve.invoke(ErrorReportValve.java:93) ~[tomcat-embed-core-10.1.19.jar:10.1.19]
	at org.apache.catalina.core.StandardEngineValve.invoke(StandardEngineValve.java:74) ~[tomcat-embed-core-10.1.19.jar:10.1.19]
	at org.apache.catalina.connector.CoyoteAdapter.service(CoyoteAdapter.java:344) ~[tomcat-embed-core-10.1.19.jar:10.1.19]
	at org.apache.coyote.http11.Http11Processor.service(Http11Processor.java:391) ~[tomcat-embed-core-10.1.19.jar:10.1.19]
	at org.apache.coyote.AbstractProcessorLight.process(AbstractProcessorLight.java:63) ~[tomcat-embed-core-10.1.19.jar:10.1.19]
	at org.apache.coyote.AbstractProtocol$ConnectionHandler.process(AbstractProtocol.java:896) ~[tomcat-embed-core-10.1.19.jar:10.1.19]
	at org.apache.tomcat.util.net.NioEndpoint$SocketProcessor.doRun(NioEndpoint.java:1744) ~[tomcat-embed-core-10.1.19.jar:10.1.19]
	at org.apache.tomcat.util.net.SocketProcessorBase.run(SocketProcessorBase.java:52) ~[tomcat-embed-core-10.1.19.jar:10.1.19]
	at org.apache.tomcat.util.threads.ThreadPoolExecutor.runWorker(ThreadPoolExecutor.java:1191) ~[tomcat-embed-core-10.1.19.jar:10.1.19]
	at org.apache.tomcat.util.threads.ThreadPoolExecutor$Worker.run(ThreadPoolExecutor.java:659) ~[tomcat-embed-core-10.1.19.jar:10.1.19]
	at org.apache.tomcat.util.threads.TaskThread$WrappingRunnable.run(TaskThread.java:63) ~[tomcat-embed-core-10.1.19.jar:10.1.19]
	at java.base/java.lang.Thread.run(Thread.java:1575) ~[na:na]

2026-04-09T16:52:59.427+08:00 DEBUG 118088 --- [knowledgelink-trade] [http-nio-8081-exec-4] c.g.trade.mapper.CartMapper.selectList   : ==>  Preparing: SELECT id,user_id,book_id,count,create_time,update_time,inventory FROM shopping_car WHERE (user_id = ?)
2026-04-09T16:52:59.428+08:00 DEBUG 118088 --- [knowledgelink-trade] [http-nio-8081-exec-4] c.g.trade.mapper.CartMapper.selectList   : ==> Parameters: 2042163753724665857(Long)
2026-04-09T16:52:59.457+08:00 DEBUG 118088 --- [knowledgelink-trade] [http-nio-8081-exec-4] c.g.trade.mapper.CartMapper.selectList   : <==      Total: 0
2026-04-09T16:52:59.539+08:00 DEBUG 118088 --- [knowledgelink-trade] [http-nio-8081-exec-3] c.g.t.m.UserAddressMapper.selectList     : ==>  Preparing: SELECT id,user_id,receiver_name,receiver_phone,province,city,district,detail_address,is_default,create_time,update_time FROM user_address WHERE (user_id = ?) ORDER BY is_default DESC,update_time DESC
2026-04-09T16:52:59.540+08:00 DEBUG 118088 --- [knowledgelink-trade] [http-nio-8081-exec-3] c.g.t.m.UserAddressMapper.selectList     : ==> Parameters: 2042163753724665857(Long)
2026-04-09T16:52:59.601+08:00 DEBUG 118088 --- [knowledgelink-trade] [http-nio-8081-exec-3] c.g.t.m.UserAddressMapper.selectList     : <==      Total: 0
2026-04-09T16:52:59.675+08:00 DEBUG 118088 --- [knowledgelink-trade] [http-nio-8081-exec-2] c.g.t.m.ConsumerOrderMapper.selectList   : ==>  Preparing: SELECT id,user_id,seller_id,book_id,price,count,total_price,book_name,status,create_time,update_time,finished_time,address FROM order WHERE (user_id = ?) ORDER BY create_time DESC
2026-04-09T16:52:59.675+08:00 DEBUG 118088 --- [knowledgelink-trade] [http-nio-8081-exec-2] c.g.t.m.ConsumerOrderMapper.selectList   : ==> Parameters: 2042163753724665857(Long)
2026-04-09T16:52:59.817+08:00 ERROR 118088 --- [knowledgelink-trade] [http-nio-8081-exec-2] o.a.c.c.C.[.[.[.[dispatcherServlet]      : Servlet.service() for servlet [dispatcherServlet] in context with path [/trade] threw exception [Request processing failed: org.springframework.jdbc.BadSqlGrammarException: 
### Error querying database.  Cause: java.sql.SQLSyntaxErrorException: You have an error in your SQL syntax; check the manual that corresponds to your MySQL server version for the right syntax to use near 'order      WHERE  (user_id = 2042163753724665857) ORDER BY create_time DESC' at line 1
### The error may exist in com/github/trade/mapper/ConsumerOrderMapper.java (best guess)
### The error may involve defaultParameterMap
### The error occurred while setting parameters
### SQL: SELECT  id,user_id,seller_id,book_id,price,count,total_price,book_name,status,create_time,update_time,finished_time,address  FROM order      WHERE  (user_id = ?) ORDER BY create_time DESC
### Cause: java.sql.SQLSyntaxErrorException: You have an error in your SQL syntax; check the manual that corresponds to your MySQL server version for the right syntax to use near 'order      WHERE  (user_id = 2042163753724665857) ORDER BY create_time DESC' at line 1
; bad SQL grammar []] with root cause

java.sql.SQLSyntaxErrorException: You have an error in your SQL syntax; check the manual that corresponds to your MySQL server version for the right syntax to use near 'order      WHERE  (user_id = 2042163753724665857) ORDER BY create_time DESC' at line 1
	at com.mysql.cj.jdbc.exceptions.SQLError.createSQLException(SQLError.java:121) ~[mysql-connector-j-8.3.0.jar:8.3.0]
	at com.mysql.cj.jdbc.exceptions.SQLExceptionsMapping.translateException(SQLExceptionsMapping.java:122) ~[mysql-connector-j-8.3.0.jar:8.3.0]
	at com.mysql.cj.jdbc.ClientPreparedStatement.executeInternal(ClientPreparedStatement.java:912) ~[mysql-connector-j-8.3.0.jar:8.3.0]
	at com.mysql.cj.jdbc.ClientPreparedStatement.execute(ClientPreparedStatement.java:354) ~[mysql-connector-j-8.3.0.jar:8.3.0]
	at com.zaxxer.hikari.pool.ProxyPreparedStatement.execute(ProxyPreparedStatement.java:44) ~[HikariCP-5.0.1.jar:na]
	at com.zaxxer.hikari.pool.HikariProxyPreparedStatement.execute(HikariProxyPreparedStatement.java) ~[HikariCP-5.0.1.jar:na]
	at java.base/jdk.internal.reflect.DirectMethodHandleAccessor.invoke(DirectMethodHandleAccessor.java:103) ~[na:na]
	at java.base/java.lang.reflect.Method.invoke(Method.java:580) ~[na:na]
	at org.apache.ibatis.logging.jdbc.PreparedStatementLogger.invoke(PreparedStatementLogger.java:58) ~[mybatis-3.5.19.jar:3.5.19]
	at jdk.proxy3/jdk.proxy3.$Proxy117.execute(Unknown Source) ~[na:na]
	at org.apache.ibatis.executor.statement.PreparedStatementHandler.query(PreparedStatementHandler.java:65) ~[mybatis-3.5.19.jar:3.5.19]
	at org.apache.ibatis.executor.statement.RoutingStatementHandler.query(RoutingStatementHandler.java:80) ~[mybatis-3.5.19.jar:3.5.19]
	at org.apache.ibatis.executor.SimpleExecutor.doQuery(SimpleExecutor.java:65) ~[mybatis-3.5.19.jar:3.5.19]
	at org.apache.ibatis.executor.BaseExecutor.queryFromDatabase(BaseExecutor.java:336) ~[mybatis-3.5.19.jar:3.5.19]
	at org.apache.ibatis.executor.BaseExecutor.query(BaseExecutor.java:158) ~[mybatis-3.5.19.jar:3.5.19]
	at org.apache.ibatis.executor.CachingExecutor.query(CachingExecutor.java:110) ~[mybatis-3.5.19.jar:3.5.19]
	at org.apache.ibatis.executor.CachingExecutor.query(CachingExecutor.java:90) ~[mybatis-3.5.19.jar:3.5.19]
	at org.apache.ibatis.session.defaults.DefaultSqlSession.selectList(DefaultSqlSession.java:154) ~[mybatis-3.5.19.jar:3.5.19]
	at org.apache.ibatis.session.defaults.DefaultSqlSession.selectList(DefaultSqlSession.java:147) ~[mybatis-3.5.19.jar:3.5.19]
	at org.apache.ibatis.session.defaults.DefaultSqlSession.selectList(DefaultSqlSession.java:142) ~[mybatis-3.5.19.jar:3.5.19]
	at java.base/jdk.internal.reflect.DirectMethodHandleAccessor.invoke(DirectMethodHandleAccessor.java:103) ~[na:na]
	at java.base/java.lang.reflect.Method.invoke(Method.java:580) ~[na:na]
	at org.mybatis.spring.SqlSessionTemplate$SqlSessionInterceptor.invoke(SqlSessionTemplate.java:333) ~[mybatis-spring-3.0.4.jar:3.0.4]
	at jdk.proxy2/jdk.proxy2.$Proxy80.selectList(Unknown Source) ~[na:na]
	at org.mybatis.spring.SqlSessionTemplate.selectList(SqlSessionTemplate.java:194) ~[mybatis-spring-3.0.4.jar:3.0.4]
	at com.baomidou.mybatisplus.core.override.MybatisMapperMethod.executeForMany(MybatisMapperMethod.java:164) ~[mybatis-plus-core-3.5.10.1.jar:3.5.10.1]
	at com.baomidou.mybatisplus.core.override.MybatisMapperMethod.execute(MybatisMapperMethod.java:77) ~[mybatis-plus-core-3.5.10.1.jar:3.5.10.1]
	at com.baomidou.mybatisplus.core.override.MybatisMapperProxy$PlainMethodInvoker.invoke(MybatisMapperProxy.java:155) ~[mybatis-plus-core-3.5.10.1.jar:3.5.10.1]
	at com.baomidou.mybatisplus.core.override.MybatisMapperProxy.invoke(MybatisMapperProxy.java:92) ~[mybatis-plus-core-3.5.10.1.jar:3.5.10.1]
	at jdk.proxy2/jdk.proxy2.$Proxy101.selectList(Unknown Source) ~[na:na]
	at com.github.trade.service.impl.ConsumerOrderServiceImpl.getAllConsumerOrder(ConsumerOrderServiceImpl.java:254) ~[classes/:na]
	at java.base/jdk.internal.reflect.DirectMethodHandleAccessor.invoke(DirectMethodHandleAccessor.java:103) ~[na:na]
	at java.base/java.lang.reflect.Method.invoke(Method.java:580) ~[na:na]
	at org.springframework.aop.support.AopUtils.invokeJoinpointUsingReflection(AopUtils.java:351) ~[spring-aop-6.1.5.jar:6.1.5]
	at org.springframework.aop.framework.CglibAopProxy$DynamicAdvisedInterceptor.intercept(CglibAopProxy.java:713) ~[spring-aop-6.1.5.jar:6.1.5]
	at com.github.trade.service.impl.ConsumerOrderServiceImpl$$SpringCGLIB$$0.getAllConsumerOrder(<generated>) ~[classes/:na]
	at com.github.trade.controller.ConsumerOrderController.getAllConsumerOrder(ConsumerOrderController.java:58) ~[classes/:na]
	at java.base/jdk.internal.reflect.DirectMethodHandleAccessor.invoke(DirectMethodHandleAccessor.java:103) ~[na:na]
	at java.base/java.lang.reflect.Method.invoke(Method.java:580) ~[na:na]
	at org.springframework.web.method.support.InvocableHandlerMethod.doInvoke(InvocableHandlerMethod.java:255) ~[spring-web-6.1.5.jar:6.1.5]
	at org.springframework.web.method.support.InvocableHandlerMethod.invokeForRequest(InvocableHandlerMethod.java:188) ~[spring-web-6.1.5.jar:6.1.5]
	at org.springframework.web.servlet.mvc.method.annotation.ServletInvocableHandlerMethod.invokeAndHandle(ServletInvocableHandlerMethod.java:118) ~[spring-webmvc-6.1.5.jar:6.1.5]
	at org.springframework.web.servlet.mvc.method.annotation.RequestMappingHandlerAdapter.invokeHandlerMethod(RequestMappingHandlerAdapter.java:925) ~[spring-webmvc-6.1.5.jar:6.1.5]
	at org.springframework.web.servlet.mvc.method.annotation.RequestMappingHandlerAdapter.handleInternal(RequestMappingHandlerAdapter.java:830) ~[spring-webmvc-6.1.5.jar:6.1.5]
	at org.springframework.web.servlet.mvc.method.AbstractHandlerMethodAdapter.handle(AbstractHandlerMethodAdapter.java:87) ~[spring-webmvc-6.1.5.jar:6.1.5]
	at org.springframework.web.servlet.DispatcherServlet.doDispatch(DispatcherServlet.java:1089) ~[spring-webmvc-6.1.5.jar:6.1.5]
	at org.springframework.web.servlet.DispatcherServlet.doService(DispatcherServlet.java:979) ~[spring-webmvc-6.1.5.jar:6.1.5]
	at org.springframework.web.servlet.FrameworkServlet.processRequest(FrameworkServlet.java:1014) ~[spring-webmvc-6.1.5.jar:6.1.5]
	at org.springframework.web.servlet.FrameworkServlet.doGet(FrameworkServlet.java:903) ~[spring-webmvc-6.1.5.jar:6.1.5]
	at jakarta.servlet.http.HttpServlet.service(HttpServlet.java:564) ~[tomcat-embed-core-10.1.19.jar:6.0]
	at org.springframework.web.servlet.FrameworkServlet.service(FrameworkServlet.java:885) ~[spring-webmvc-6.1.5.jar:6.1.5]
	at jakarta.servlet.http.HttpServlet.service(HttpServlet.java:658) ~[tomcat-embed-core-10.1.19.jar:6.0]
	at org.apache.catalina.core.ApplicationFilterChain.internalDoFilter(ApplicationFilterChain.java:205) ~[tomcat-embed-core-10.1.19.jar:10.1.19]
	at org.apache.catalina.core.ApplicationFilterChain.doFilter(ApplicationFilterChain.java:149) ~[tomcat-embed-core-10.1.19.jar:10.1.19]
	at org.apache.tomcat.websocket.server.WsFilter.doFilter(WsFilter.java:51) ~[tomcat-embed-websocket-10.1.19.jar:10.1.19]
	at org.apache.catalina.core.ApplicationFilterChain.internalDoFilter(ApplicationFilterChain.java:174) ~[tomcat-embed-core-10.1.19.jar:10.1.19]
	at org.apache.catalina.core.ApplicationFilterChain.doFilter(ApplicationFilterChain.java:149) ~[tomcat-embed-core-10.1.19.jar:10.1.19]
	at org.springframework.web.filter.RequestContextFilter.doFilterInternal(RequestContextFilter.java:100) ~[spring-web-6.1.5.jar:6.1.5]
	at org.springframework.web.filter.OncePerRequestFilter.doFilter(OncePerRequestFilter.java:116) ~[spring-web-6.1.5.jar:6.1.5]
	at org.apache.catalina.core.ApplicationFilterChain.internalDoFilter(ApplicationFilterChain.java:174) ~[tomcat-embed-core-10.1.19.jar:10.1.19]
	at org.apache.catalina.core.ApplicationFilterChain.doFilter(ApplicationFilterChain.java:149) ~[tomcat-embed-core-10.1.19.jar:10.1.19]
	at org.springframework.web.filter.FormContentFilter.doFilterInternal(FormContentFilter.java:93) ~[spring-web-6.1.5.jar:6.1.5]
	at org.springframework.web.filter.OncePerRequestFilter.doFilter(OncePerRequestFilter.java:116) ~[spring-web-6.1.5.jar:6.1.5]
	at org.apache.catalina.core.ApplicationFilterChain.internalDoFilter(ApplicationFilterChain.java:174) ~[tomcat-embed-core-10.1.19.jar:10.1.19]
	at org.apache.catalina.core.ApplicationFilterChain.doFilter(ApplicationFilterChain.java:149) ~[tomcat-embed-core-10.1.19.jar:10.1.19]
	at org.springframework.web.filter.CharacterEncodingFilter.doFilterInternal(CharacterEncodingFilter.java:201) ~[spring-web-6.1.5.jar:6.1.5]
	at org.springframework.web.filter.OncePerRequestFilter.doFilter(OncePerRequestFilter.java:116) ~[spring-web-6.1.5.jar:6.1.5]
	at org.apache.catalina.core.ApplicationFilterChain.internalDoFilter(ApplicationFilterChain.java:174) ~[tomcat-embed-core-10.1.19.jar:10.1.19]
	at org.apache.catalina.core.ApplicationFilterChain.doFilter(ApplicationFilterChain.java:149) ~[tomcat-embed-core-10.1.19.jar:10.1.19]
	at org.apache.catalina.core.StandardWrapperValve.invoke(StandardWrapperValve.java:167) ~[tomcat-embed-core-10.1.19.jar:10.1.19]
	at org.apache.catalina.core.StandardContextValve.invoke(StandardContextValve.java:90) ~[tomcat-embed-core-10.1.19.jar:10.1.19]
	at org.apache.catalina.authenticator.AuthenticatorBase.invoke(AuthenticatorBase.java:482) ~[tomcat-embed-core-10.1.19.jar:10.1.19]
	at org.apache.catalina.core.StandardHostValve.invoke(StandardHostValve.java:115) ~[tomcat-embed-core-10.1.19.jar:10.1.19]
	at org.apache.catalina.valves.ErrorReportValve.invoke(ErrorReportValve.java:93) ~[tomcat-embed-core-10.1.19.jar:10.1.19]
	at org.apache.catalina.core.StandardEngineValve.invoke(StandardEngineValve.java:74) ~[tomcat-embed-core-10.1.19.jar:10.1.19]
	at org.apache.catalina.connector.CoyoteAdapter.service(CoyoteAdapter.java:344) ~[tomcat-embed-core-10.1.19.jar:10.1.19]
	at org.apache.coyote.http11.Http11Processor.service(Http11Processor.java:391) ~[tomcat-embed-core-10.1.19.jar:10.1.19]
	at org.apache.coyote.AbstractProcessorLight.process(AbstractProcessorLight.java:63) ~[tomcat-embed-core-10.1.19.jar:10.1.19]
	at org.apache.coyote.AbstractProtocol$ConnectionHandler.process(AbstractProtocol.java:896) ~[tomcat-embed-core-10.1.19.jar:10.1.19]
	at org.apache.tomcat.util.net.NioEndpoint$SocketProcessor.doRun(NioEndpoint.java:1744) ~[tomcat-embed-core-10.1.19.jar:10.1.19]
	at org.apache.tomcat.util.net.SocketProcessorBase.run(SocketProcessorBase.java:52) ~[tomcat-embed-core-10.1.19.jar:10.1.19]
	at org.apache.tomcat.util.threads.ThreadPoolExecutor.runWorker(ThreadPoolExecutor.java:1191) ~[tomcat-embed-core-10.1.19.jar:10.1.19]
	at org.apache.tomcat.util.threads.ThreadPoolExecutor$Worker.run(ThreadPoolExecutor.java:659) ~[tomcat-embed-core-10.1.19.jar:10.1.19]
	at org.apache.tomcat.util.threads.TaskThread$WrappingRunnable.run(TaskThread.java:63) ~[tomcat-embed-core-10.1.19.jar:10.1.19]
	at java.base/java.lang.Thread.run(Thread.java:1575) ~[na:na]

2026-04-09T16:52:59.850+08:00 DEBUG 118088 --- [knowledgelink-trade] [http-nio-8081-exec-5] c.g.t.m.SellerOrderMapper.selectList     : ==>  Preparing: SELECT id,user_id,seller_id,book_id,price,count,total_price,book_name,status,create_time,update_time,finished_time,address FROM order WHERE (seller_id = ?) ORDER BY create_time DESC
2026-04-09T16:52:59.851+08:00 DEBUG 118088 --- [knowledgelink-trade] [http-nio-8081-exec-5] c.g.t.m.SellerOrderMapper.selectList     : ==> Parameters: 2042163753724665857(Long)
2026-04-09T16:52:59.875+08:00 ERROR 118088 --- [knowledgelink-trade] [http-nio-8081-exec-5] o.a.c.c.C.[.[.[.[dispatcherServlet]      : Servlet.service() for servlet [dispatcherServlet] in context with path [/trade] threw exception [Request processing failed: org.springframework.jdbc.BadSqlGrammarException: 
### Error querying database.  Cause: java.sql.SQLSyntaxErrorException: You have an error in your SQL syntax; check the manual that corresponds to your MySQL server version for the right syntax to use near 'order      WHERE  (seller_id = 2042163753724665857) ORDER BY create_time DESC' at line 1
### The error may exist in com/github/trade/mapper/SellerOrderMapper.java (best guess)
### The error may involve defaultParameterMap
### The error occurred while setting parameters
### SQL: SELECT  id,user_id,seller_id,book_id,price,count,total_price,book_name,status,create_time,update_time,finished_time,address  FROM order      WHERE  (seller_id = ?) ORDER BY create_time DESC
### Cause: java.sql.SQLSyntaxErrorException: You have an error in your SQL syntax; check the manual that corresponds to your MySQL server version for the right syntax to use near 'order      WHERE  (seller_id = 2042163753724665857) ORDER BY create_time DESC' at line 1
; bad SQL grammar []] with root cause

java.sql.SQLSyntaxErrorException: You have an error in your SQL syntax; check the manual that corresponds to your MySQL server version for the right syntax to use near 'order      WHERE  (seller_id = 2042163753724665857) ORDER BY create_time DESC' at line 1
	at com.mysql.cj.jdbc.exceptions.SQLError.createSQLException(SQLError.java:121) ~[mysql-connector-j-8.3.0.jar:8.3.0]
	at com.mysql.cj.jdbc.exceptions.SQLExceptionsMapping.translateException(SQLExceptionsMapping.java:122) ~[mysql-connector-j-8.3.0.jar:8.3.0]
	at com.mysql.cj.jdbc.ClientPreparedStatement.executeInternal(ClientPreparedStatement.java:912) ~[mysql-connector-j-8.3.0.jar:8.3.0]
	at com.mysql.cj.jdbc.ClientPreparedStatement.execute(ClientPreparedStatement.java:354) ~[mysql-connector-j-8.3.0.jar:8.3.0]
	at com.zaxxer.hikari.pool.ProxyPreparedStatement.execute(ProxyPreparedStatement.java:44) ~[HikariCP-5.0.1.jar:na]
	at com.zaxxer.hikari.pool.HikariProxyPreparedStatement.execute(HikariProxyPreparedStatement.java) ~[HikariCP-5.0.1.jar:na]
	at java.base/jdk.internal.reflect.DirectMethodHandleAccessor.invoke(DirectMethodHandleAccessor.java:103) ~[na:na]
	at java.base/java.lang.reflect.Method.invoke(Method.java:580) ~[na:na]
	at org.apache.ibatis.logging.jdbc.PreparedStatementLogger.invoke(PreparedStatementLogger.java:58) ~[mybatis-3.5.19.jar:3.5.19]
	at jdk.proxy3/jdk.proxy3.$Proxy117.execute(Unknown Source) ~[na:na]
	at org.apache.ibatis.executor.statement.PreparedStatementHandler.query(PreparedStatementHandler.java:65) ~[mybatis-3.5.19.jar:3.5.19]
	at org.apache.ibatis.executor.statement.RoutingStatementHandler.query(RoutingStatementHandler.java:80) ~[mybatis-3.5.19.jar:3.5.19]
	at org.apache.ibatis.executor.SimpleExecutor.doQuery(SimpleExecutor.java:65) ~[mybatis-3.5.19.jar:3.5.19]
	at org.apache.ibatis.executor.BaseExecutor.queryFromDatabase(BaseExecutor.java:336) ~[mybatis-3.5.19.jar:3.5.19]
	at org.apache.ibatis.executor.BaseExecutor.query(BaseExecutor.java:158) ~[mybatis-3.5.19.jar:3.5.19]
	at org.apache.ibatis.executor.CachingExecutor.query(CachingExecutor.java:110) ~[mybatis-3.5.19.jar:3.5.19]
	at org.apache.ibatis.executor.CachingExecutor.query(CachingExecutor.java:90) ~[mybatis-3.5.19.jar:3.5.19]
	at org.apache.ibatis.session.defaults.DefaultSqlSession.selectList(DefaultSqlSession.java:154) ~[mybatis-3.5.19.jar:3.5.19]
	at org.apache.ibatis.session.defaults.DefaultSqlSession.selectList(DefaultSqlSession.java:147) ~[mybatis-3.5.19.jar:3.5.19]
	at org.apache.ibatis.session.defaults.DefaultSqlSession.selectList(DefaultSqlSession.java:142) ~[mybatis-3.5.19.jar:3.5.19]
	at java.base/jdk.internal.reflect.DirectMethodHandleAccessor.invoke(DirectMethodHandleAccessor.java:103) ~[na:na]
	at java.base/java.lang.reflect.Method.invoke(Method.java:580) ~[na:na]
	at org.mybatis.spring.SqlSessionTemplate$SqlSessionInterceptor.invoke(SqlSessionTemplate.java:333) ~[mybatis-spring-3.0.4.jar:3.0.4]
	at jdk.proxy2/jdk.proxy2.$Proxy80.selectList(Unknown Source) ~[na:na]
	at org.mybatis.spring.SqlSessionTemplate.selectList(SqlSessionTemplate.java:194) ~[mybatis-spring-3.0.4.jar:3.0.4]
	at com.baomidou.mybatisplus.core.override.MybatisMapperMethod.executeForMany(MybatisMapperMethod.java:164) ~[mybatis-plus-core-3.5.10.1.jar:3.5.10.1]
	at com.baomidou.mybatisplus.core.override.MybatisMapperMethod.execute(MybatisMapperMethod.java:77) ~[mybatis-plus-core-3.5.10.1.jar:3.5.10.1]
	at com.baomidou.mybatisplus.core.override.MybatisMapperProxy$PlainMethodInvoker.invoke(MybatisMapperProxy.java:155) ~[mybatis-plus-core-3.5.10.1.jar:3.5.10.1]
	at com.baomidou.mybatisplus.core.override.MybatisMapperProxy.invoke(MybatisMapperProxy.java:92) ~[mybatis-plus-core-3.5.10.1.jar:3.5.10.1]
	at jdk.proxy2/jdk.proxy2.$Proxy104.selectList(Unknown Source) ~[na:na]
	at com.github.trade.service.impl.SellerOrderServiceImpl.getAllSellerOrder(SellerOrderServiceImpl.java:81) ~[classes/:na]
	at java.base/jdk.internal.reflect.DirectMethodHandleAccessor.invoke(DirectMethodHandleAccessor.java:103) ~[na:na]
	at java.base/java.lang.reflect.Method.invoke(Method.java:580) ~[na:na]
	at org.springframework.aop.support.AopUtils.invokeJoinpointUsingReflection(AopUtils.java:351) ~[spring-aop-6.1.5.jar:6.1.5]
	at org.springframework.aop.framework.CglibAopProxy$DynamicAdvisedInterceptor.intercept(CglibAopProxy.java:713) ~[spring-aop-6.1.5.jar:6.1.5]
	at com.github.trade.service.impl.SellerOrderServiceImpl$$SpringCGLIB$$0.getAllSellerOrder(<generated>) ~[classes/:na]
	at com.github.trade.controller.SellerOrderController.getAllSellerOrder(SellerOrderController.java:29) ~[classes/:na]
	at java.base/jdk.internal.reflect.DirectMethodHandleAccessor.invoke(DirectMethodHandleAccessor.java:103) ~[na:na]
	at java.base/java.lang.reflect.Method.invoke(Method.java:580) ~[na:na]
	at org.springframework.web.method.support.InvocableHandlerMethod.doInvoke(InvocableHandlerMethod.java:255) ~[spring-web-6.1.5.jar:6.1.5]
	at org.springframework.web.method.support.InvocableHandlerMethod.invokeForRequest(InvocableHandlerMethod.java:188) ~[spring-web-6.1.5.jar:6.1.5]
	at org.springframework.web.servlet.mvc.method.annotation.ServletInvocableHandlerMethod.invokeAndHandle(ServletInvocableHandlerMethod.java:118) ~[spring-webmvc-6.1.5.jar:6.1.5]
	at org.springframework.web.servlet.mvc.method.annotation.RequestMappingHandlerAdapter.invokeHandlerMethod(RequestMappingHandlerAdapter.java:925) ~[spring-webmvc-6.1.5.jar:6.1.5]
	at org.springframework.web.servlet.mvc.method.annotation.RequestMappingHandlerAdapter.handleInternal(RequestMappingHandlerAdapter.java:830) ~[spring-webmvc-6.1.5.jar:6.1.5]
	at org.springframework.web.servlet.mvc.method.AbstractHandlerMethodAdapter.handle(AbstractHandlerMethodAdapter.java:87) ~[spring-webmvc-6.1.5.jar:6.1.5]
	at org.springframework.web.servlet.DispatcherServlet.doDispatch(DispatcherServlet.java:1089) ~[spring-webmvc-6.1.5.jar:6.1.5]
	at org.springframework.web.servlet.DispatcherServlet.doService(DispatcherServlet.java:979) ~[spring-webmvc-6.1.5.jar:6.1.5]
	at org.springframework.web.servlet.FrameworkServlet.processRequest(FrameworkServlet.java:1014) ~[spring-webmvc-6.1.5.jar:6.1.5]
	at org.springframework.web.servlet.FrameworkServlet.doGet(FrameworkServlet.java:903) ~[spring-webmvc-6.1.5.jar:6.1.5]
	at jakarta.servlet.http.HttpServlet.service(HttpServlet.java:564) ~[tomcat-embed-core-10.1.19.jar:6.0]
	at org.springframework.web.servlet.FrameworkServlet.service(FrameworkServlet.java:885) ~[spring-webmvc-6.1.5.jar:6.1.5]
	at jakarta.servlet.http.HttpServlet.service(HttpServlet.java:658) ~[tomcat-embed-core-10.1.19.jar:6.0]
	at org.apache.catalina.core.ApplicationFilterChain.internalDoFilter(ApplicationFilterChain.java:205) ~[tomcat-embed-core-10.1.19.jar:10.1.19]
	at org.apache.catalina.core.ApplicationFilterChain.doFilter(ApplicationFilterChain.java:149) ~[tomcat-embed-core-10.1.19.jar:10.1.19]
	at org.apache.tomcat.websocket.server.WsFilter.doFilter(WsFilter.java:51) ~[tomcat-embed-websocket-10.1.19.jar:10.1.19]
	at org.apache.catalina.core.ApplicationFilterChain.internalDoFilter(ApplicationFilterChain.java:174) ~[tomcat-embed-core-10.1.19.jar:10.1.19]
	at org.apache.catalina.core.ApplicationFilterChain.doFilter(ApplicationFilterChain.java:149) ~[tomcat-embed-core-10.1.19.jar:10.1.19]
	at org.springframework.web.filter.RequestContextFilter.doFilterInternal(RequestContextFilter.java:100) ~[spring-web-6.1.5.jar:6.1.5]
	at org.springframework.web.filter.OncePerRequestFilter.doFilter(OncePerRequestFilter.java:116) ~[spring-web-6.1.5.jar:6.1.5]
	at org.apache.catalina.core.ApplicationFilterChain.internalDoFilter(ApplicationFilterChain.java:174) ~[tomcat-embed-core-10.1.19.jar:10.1.19]
	at org.apache.catalina.core.ApplicationFilterChain.doFilter(ApplicationFilterChain.java:149) ~[tomcat-embed-core-10.1.19.jar:10.1.19]
	at org.springframework.web.filter.FormContentFilter.doFilterInternal(FormContentFilter.java:93) ~[spring-web-6.1.5.jar:6.1.5]
	at org.springframework.web.filter.OncePerRequestFilter.doFilter(OncePerRequestFilter.java:116) ~[spring-web-6.1.5.jar:6.1.5]
	at org.apache.catalina.core.ApplicationFilterChain.internalDoFilter(ApplicationFilterChain.java:174) ~[tomcat-embed-core-10.1.19.jar:10.1.19]
	at org.apache.catalina.core.ApplicationFilterChain.doFilter(ApplicationFilterChain.java:149) ~[tomcat-embed-core-10.1.19.jar:10.1.19]
	at org.springframework.web.filter.CharacterEncodingFilter.doFilterInternal(CharacterEncodingFilter.java:201) ~[spring-web-6.1.5.jar:6.1.5]
	at org.springframework.web.filter.OncePerRequestFilter.doFilter(OncePerRequestFilter.java:116) ~[spring-web-6.1.5.jar:6.1.5]
	at org.apache.catalina.core.ApplicationFilterChain.internalDoFilter(ApplicationFilterChain.java:174) ~[tomcat-embed-core-10.1.19.jar:10.1.19]
	at org.apache.catalina.core.ApplicationFilterChain.doFilter(ApplicationFilterChain.java:149) ~[tomcat-embed-core-10.1.19.jar:10.1.19]
	at org.apache.catalina.core.StandardWrapperValve.invoke(StandardWrapperValve.java:167) ~[tomcat-embed-core-10.1.19.jar:10.1.19]
	at org.apache.catalina.core.StandardContextValve.invoke(StandardContextValve.java:90) ~[tomcat-embed-core-10.1.19.jar:10.1.19]
	at org.apache.catalina.authenticator.AuthenticatorBase.invoke(AuthenticatorBase.java:482) ~[tomcat-embed-core-10.1.19.jar:10.1.19]
	at org.apache.catalina.core.StandardHostValve.invoke(StandardHostValve.java:115) ~[tomcat-embed-core-10.1.19.jar:10.1.19]
	at org.apache.catalina.valves.ErrorReportValve.invoke(ErrorReportValve.java:93) ~[tomcat-embed-core-10.1.19.jar:10.1.19]
	at org.apache.catalina.core.StandardEngineValve.invoke(StandardEngineValve.java:74) ~[tomcat-embed-core-10.1.19.jar:10.1.19]
	at org.apache.catalina.connector.CoyoteAdapter.service(CoyoteAdapter.java:344) ~[tomcat-embed-core-10.1.19.jar:10.1.19]
	at org.apache.coyote.http11.Http11Processor.service(Http11Processor.java:391) ~[tomcat-embed-core-10.1.19.jar:10.1.19]
	at org.apache.coyote.AbstractProcessorLight.process(AbstractProcessorLight.java:63) ~[tomcat-embed-core-10.1.19.jar:10.1.19]
	at org.apache.coyote.AbstractProtocol$ConnectionHandler.process(AbstractProtocol.java:896) ~[tomcat-embed-core-10.1.19.jar:10.1.19]
	at org.apache.tomcat.util.net.NioEndpoint$SocketProcessor.doRun(NioEndpoint.java:1744) ~[tomcat-embed-core-10.1.19.jar:10.1.19]
	at org.apache.tomcat.util.net.SocketProcessorBase.run(SocketProcessorBase.java:52) ~[tomcat-embed-core-10.1.19.jar:10.1.19]
	at org.apache.tomcat.util.threads.ThreadPoolExecutor.runWorker(ThreadPoolExecutor.java:1191) ~[tomcat-embed-core-10.1.19.jar:10.1.19]
	at org.apache.tomcat.util.threads.ThreadPoolExecutor$Worker.run(ThreadPoolExecutor.java:659) ~[tomcat-embed-core-10.1.19.jar:10.1.19]
	at org.apache.tomcat.util.threads.TaskThread$WrappingRunnable.run(TaskThread.java:63) ~[tomcat-embed-core-10.1.19.jar:10.1.19]
	at java.base/java.lang.Thread.run(Thread.java:1575) ~[na:na]

2026-04-09T16:54:34.915+08:00  WARN 118088 --- [knowledgelink-trade] [http-nio-8081-exec-6] o.s.c.l.core.RoundRobinLoadBalancer      : No servers available for service: knowledgelink-recommend
2026-04-09T16:54:34.915+08:00  WARN 118088 --- [knowledgelink-trade] [http-nio-8081-exec-6] RetryableFeignBlockingLoadBalancerClient : Service instance was not resolved, executing the original request
2026-04-09T16:54:36.174+08:00  WARN 118088 --- [knowledgelink-trade] [http-nio-8081-exec-6] o.s.c.l.core.RoundRobinLoadBalancer      : No servers available for service: knowledgelink-recommend
2026-04-09T16:54:36.175+08:00  WARN 118088 --- [knowledgelink-trade] [http-nio-8081-exec-6] RetryableFeignBlockingLoadBalancerClient : Service instance was not resolved, executing the original request
2026-04-09T16:54:36.199+08:00 DEBUG 118088 --- [knowledgelink-trade] [http-nio-8081-exec-6] c.g.trade.mapper.BookMapper.selectList   : ==>  Preparing: SELECT item_id,seller_id,city,name,author,publisher,version,price,type,item_categories,item_keywords,note,description,count,status,image,create_time,update_time FROM book_info WHERE (status = ?) order by rand() limit 50
2026-04-09T16:54:36.199+08:00 DEBUG 118088 --- [knowledgelink-trade] [http-nio-8081-exec-6] c.g.trade.mapper.BookMapper.selectList   : ==> Parameters: 1(Integer)
2026-04-09T16:54:36.279+08:00 DEBUG 118088 --- [knowledgelink-trade] [http-nio-8081-exec-6] c.g.trade.mapper.BookMapper.selectList   : <==      Total: 50
2026-04-09T16:54:36.281+08:00 ERROR 118088 --- [knowledgelink-trade] [http-nio-8081-exec-6] o.a.c.c.C.[.[.[.[dispatcherServlet]      : Servlet.service() for servlet [dispatcherServlet] in context with path [/trade] threw exception [Request processing failed: cn.hutool.json.JSONException: A JSONArray text must start with '[' at 1 [character 2 line 1]] with root cause

cn.hutool.json.JSONException: A JSONArray text must start with '[' at 1 [character 2 line 1]
	at cn.hutool.json.JSONTokener.syntaxError(JSONTokener.java:450) ~[hutool-all-5.8.41.jar:5.8.41]
	at cn.hutool.json.JSONParser.parseTo(JSONParser.java:111) ~[hutool-all-5.8.41.jar:5.8.41]
	at cn.hutool.json.ObjectMapper.mapFromTokener(ObjectMapper.java:257) ~[hutool-all-5.8.41.jar:5.8.41]
	at cn.hutool.json.ObjectMapper.mapFromStr(ObjectMapper.java:234) ~[hutool-all-5.8.41.jar:5.8.41]
	at cn.hutool.json.ObjectMapper.map(ObjectMapper.java:143) ~[hutool-all-5.8.41.jar:5.8.41]
	at cn.hutool.json.JSONArray.<init>(JSONArray.java:170) ~[hutool-all-5.8.41.jar:5.8.41]
	at cn.hutool.json.JSONArray.<init>(JSONArray.java:149) ~[hutool-all-5.8.41.jar:5.8.41]
	at cn.hutool.json.JSONArray.<init>(JSONArray.java:130) ~[hutool-all-5.8.41.jar:5.8.41]
	at cn.hutool.json.JSONArray.<init>(JSONArray.java:112) ~[hutool-all-5.8.41.jar:5.8.41]
	at cn.hutool.json.JSONUtil.parseArray(JSONUtil.java:142) ~[hutool-all-5.8.41.jar:5.8.41]
	at com.github.trade.util.BookConversionUtil.toBookDTO(BookConversionUtil.java:50) ~[classes/:na]
	at com.github.trade.service.impl.BookServiceImpl.listRandomBooksFallback(BookServiceImpl.java:263) ~[classes/:na]
	at com.github.trade.service.impl.BookServiceImpl.getRecommendedBooks(BookServiceImpl.java:89) ~[classes/:na]
	at java.base/jdk.internal.reflect.DirectMethodHandleAccessor.invoke(DirectMethodHandleAccessor.java:103) ~[na:na]
	at java.base/java.lang.reflect.Method.invoke(Method.java:580) ~[na:na]
	at org.springframework.aop.support.AopUtils.invokeJoinpointUsingReflection(AopUtils.java:351) ~[spring-aop-6.1.5.jar:6.1.5]
	at org.springframework.aop.framework.CglibAopProxy$DynamicAdvisedInterceptor.intercept(CglibAopProxy.java:713) ~[spring-aop-6.1.5.jar:6.1.5]
	at com.github.trade.service.impl.BookServiceImpl$$SpringCGLIB$$0.getRecommendedBooks(<generated>) ~[classes/:na]
	at com.github.trade.controller.BookController.getRecommendedBooks(BookController.java:23) ~[classes/:na]
	at java.base/jdk.internal.reflect.DirectMethodHandleAccessor.invoke(DirectMethodHandleAccessor.java:103) ~[na:na]
	at java.base/java.lang.reflect.Method.invoke(Method.java:580) ~[na:na]
	at org.springframework.web.method.support.InvocableHandlerMethod.doInvoke(InvocableHandlerMethod.java:255) ~[spring-web-6.1.5.jar:6.1.5]
	at org.springframework.web.method.support.InvocableHandlerMethod.invokeForRequest(InvocableHandlerMethod.java:188) ~[spring-web-6.1.5.jar:6.1.5]
	at org.springframework.web.servlet.mvc.method.annotation.ServletInvocableHandlerMethod.invokeAndHandle(ServletInvocableHandlerMethod.java:118) ~[spring-webmvc-6.1.5.jar:6.1.5]
	at org.springframework.web.servlet.mvc.method.annotation.RequestMappingHandlerAdapter.invokeHandlerMethod(RequestMappingHandlerAdapter.java:925) ~[spring-webmvc-6.1.5.jar:6.1.5]
	at org.springframework.web.servlet.mvc.method.annotation.RequestMappingHandlerAdapter.handleInternal(RequestMappingHandlerAdapter.java:830) ~[spring-webmvc-6.1.5.jar:6.1.5]
	at org.springframework.web.servlet.mvc.method.AbstractHandlerMethodAdapter.handle(AbstractHandlerMethodAdapter.java:87) ~[spring-webmvc-6.1.5.jar:6.1.5]
	at org.springframework.web.servlet.DispatcherServlet.doDispatch(DispatcherServlet.java:1089) ~[spring-webmvc-6.1.5.jar:6.1.5]
	at org.springframework.web.servlet.DispatcherServlet.doService(DispatcherServlet.java:979) ~[spring-webmvc-6.1.5.jar:6.1.5]
	at org.springframework.web.servlet.FrameworkServlet.processRequest(FrameworkServlet.java:1014) ~[spring-webmvc-6.1.5.jar:6.1.5]
	at org.springframework.web.servlet.FrameworkServlet.doGet(FrameworkServlet.java:903) ~[spring-webmvc-6.1.5.jar:6.1.5]
	at jakarta.servlet.http.HttpServlet.service(HttpServlet.java:564) ~[tomcat-embed-core-10.1.19.jar:6.0]
	at org.springframework.web.servlet.FrameworkServlet.service(FrameworkServlet.java:885) ~[spring-webmvc-6.1.5.jar:6.1.5]
	at jakarta.servlet.http.HttpServlet.service(HttpServlet.java:658) ~[tomcat-embed-core-10.1.19.jar:6.0]
	at org.apache.catalina.core.ApplicationFilterChain.internalDoFilter(ApplicationFilterChain.java:205) ~[tomcat-embed-core-10.1.19.jar:10.1.19]
	at org.apache.catalina.core.ApplicationFilterChain.doFilter(ApplicationFilterChain.java:149) ~[tomcat-embed-core-10.1.19.jar:10.1.19]
	at org.apache.tomcat.websocket.server.WsFilter.doFilter(WsFilter.java:51) ~[tomcat-embed-websocket-10.1.19.jar:10.1.19]
	at org.apache.catalina.core.ApplicationFilterChain.internalDoFilter(ApplicationFilterChain.java:174) ~[tomcat-embed-core-10.1.19.jar:10.1.19]
	at org.apache.catalina.core.ApplicationFilterChain.doFilter(ApplicationFilterChain.java:149) ~[tomcat-embed-core-10.1.19.jar:10.1.19]
	at org.springframework.web.filter.RequestContextFilter.doFilterInternal(RequestContextFilter.java:100) ~[spring-web-6.1.5.jar:6.1.5]
	at org.springframework.web.filter.OncePerRequestFilter.doFilter(OncePerRequestFilter.java:116) ~[spring-web-6.1.5.jar:6.1.5]
	at org.apache.catalina.core.ApplicationFilterChain.internalDoFilter(ApplicationFilterChain.java:174) ~[tomcat-embed-core-10.1.19.jar:10.1.19]
	at org.apache.catalina.core.ApplicationFilterChain.doFilter(ApplicationFilterChain.java:149) ~[tomcat-embed-core-10.1.19.jar:10.1.19]
	at org.springframework.web.filter.FormContentFilter.doFilterInternal(FormContentFilter.java:93) ~[spring-web-6.1.5.jar:6.1.5]
	at org.springframework.web.filter.OncePerRequestFilter.doFilter(OncePerRequestFilter.java:116) ~[spring-web-6.1.5.jar:6.1.5]
	at org.apache.catalina.core.ApplicationFilterChain.internalDoFilter(ApplicationFilterChain.java:174) ~[tomcat-embed-core-10.1.19.jar:10.1.19]
	at org.apache.catalina.core.ApplicationFilterChain.doFilter(ApplicationFilterChain.java:149) ~[tomcat-embed-core-10.1.19.jar:10.1.19]
	at org.springframework.web.filter.CharacterEncodingFilter.doFilterInternal(CharacterEncodingFilter.java:201) ~[spring-web-6.1.5.jar:6.1.5]
	at org.springframework.web.filter.OncePerRequestFilter.doFilter(OncePerRequestFilter.java:116) ~[spring-web-6.1.5.jar:6.1.5]
	at org.apache.catalina.core.ApplicationFilterChain.internalDoFilter(ApplicationFilterChain.java:174) ~[tomcat-embed-core-10.1.19.jar:10.1.19]
	at org.apache.catalina.core.ApplicationFilterChain.doFilter(ApplicationFilterChain.java:149) ~[tomcat-embed-core-10.1.19.jar:10.1.19]
	at org.apache.catalina.core.StandardWrapperValve.invoke(StandardWrapperValve.java:167) ~[tomcat-embed-core-10.1.19.jar:10.1.19]
	at org.apache.catalina.core.StandardContextValve.invoke(StandardContextValve.java:90) ~[tomcat-embed-core-10.1.19.jar:10.1.19]
	at org.apache.catalina.authenticator.AuthenticatorBase.invoke(AuthenticatorBase.java:482) ~[tomcat-embed-core-10.1.19.jar:10.1.19]
	at org.apache.catalina.core.StandardHostValve.invoke(StandardHostValve.java:115) ~[tomcat-embed-core-10.1.19.jar:10.1.19]
	at org.apache.catalina.valves.ErrorReportValve.invoke(ErrorReportValve.java:93) ~[tomcat-embed-core-10.1.19.jar:10.1.19]
	at org.apache.catalina.core.StandardEngineValve.invoke(StandardEngineValve.java:74) ~[tomcat-embed-core-10.1.19.jar:10.1.19]
	at org.apache.catalina.connector.CoyoteAdapter.service(CoyoteAdapter.java:344) ~[tomcat-embed-core-10.1.19.jar:10.1.19]
	at org.apache.coyote.http11.Http11Processor.service(Http11Processor.java:391) ~[tomcat-embed-core-10.1.19.jar:10.1.19]
	at org.apache.coyote.AbstractProcessorLight.process(AbstractProcessorLight.java:63) ~[tomcat-embed-core-10.1.19.jar:10.1.19]
	at org.apache.coyote.AbstractProtocol$ConnectionHandler.process(AbstractProtocol.java:896) ~[tomcat-embed-core-10.1.19.jar:10.1.19]
	at org.apache.tomcat.util.net.NioEndpoint$SocketProcessor.doRun(NioEndpoint.java:1744) ~[tomcat-embed-core-10.1.19.jar:10.1.19]
	at org.apache.tomcat.util.net.SocketProcessorBase.run(SocketProcessorBase.java:52) ~[tomcat-embed-core-10.1.19.jar:10.1.19]
	at org.apache.tomcat.util.threads.ThreadPoolExecutor.runWorker(ThreadPoolExecutor.java:1191) ~[tomcat-embed-core-10.1.19.jar:10.1.19]
	at org.apache.tomcat.util.threads.ThreadPoolExecutor$Worker.run(ThreadPoolExecutor.java:659) ~[tomcat-embed-core-10.1.19.jar:10.1.19]
	at org.apache.tomcat.util.threads.TaskThread$WrappingRunnable.run(TaskThread.java:63) ~[tomcat-embed-core-10.1.19.jar:10.1.19]
	at java.base/java.lang.Thread.run(Thread.java:1575) ~[na:na]

2026-04-09T16:54:36.333+08:00 DEBUG 118088 --- [knowledgelink-trade] [http-nio-8081-exec-7] c.g.trade.mapper.CartMapper.selectList   : ==>  Preparing: SELECT id,user_id,book_id,count,create_time,update_time,inventory FROM shopping_car WHERE (user_id = ?)
2026-04-09T16:54:36.333+08:00 DEBUG 118088 --- [knowledgelink-trade] [http-nio-8081-exec-7] c.g.trade.mapper.CartMapper.selectList   : ==> Parameters: 2042164164938424322(Long)
2026-04-09T16:54:36.358+08:00 DEBUG 118088 --- [knowledgelink-trade] [http-nio-8081-exec-7] c.g.trade.mapper.CartMapper.selectList   : <==      Total: 0
2026-04-09T16:54:36.432+08:00 DEBUG 118088 --- [knowledgelink-trade] [http-nio-8081-exec-8] c.g.t.m.UserAddressMapper.selectList     : ==>  Preparing: SELECT id,user_id,receiver_name,receiver_phone,province,city,district,detail_address,is_default,create_time,update_time FROM user_address WHERE (user_id = ?) ORDER BY is_default DESC,update_time DESC
2026-04-09T16:54:36.432+08:00 DEBUG 118088 --- [knowledgelink-trade] [http-nio-8081-exec-8] c.g.t.m.UserAddressMapper.selectList     : ==> Parameters: 2042164164938424322(Long)
2026-04-09T16:54:36.458+08:00 DEBUG 118088 --- [knowledgelink-trade] [http-nio-8081-exec-8] c.g.t.m.UserAddressMapper.selectList     : <==      Total: 0
2026-04-09T16:55:20.138+08:00  WARN 118088 --- [knowledgelink-trade] [http-nio-8081-exec-9] o.s.c.l.core.RoundRobinLoadBalancer      : No servers available for service: knowledgelink-recommend
2026-04-09T16:55:20.138+08:00  WARN 118088 --- [knowledgelink-trade] [http-nio-8081-exec-9] RetryableFeignBlockingLoadBalancerClient : Service instance was not resolved, executing the original request
2026-04-09T16:55:21.392+08:00  WARN 118088 --- [knowledgelink-trade] [http-nio-8081-exec-9] o.s.c.l.core.RoundRobinLoadBalancer      : No servers available for service: knowledgelink-recommend
2026-04-09T16:55:21.392+08:00  WARN 118088 --- [knowledgelink-trade] [http-nio-8081-exec-9] RetryableFeignBlockingLoadBalancerClient : Service instance was not resolved, executing the original request
2026-04-09T16:55:21.418+08:00 DEBUG 118088 --- [knowledgelink-trade] [http-nio-8081-exec-9] c.g.trade.mapper.BookMapper.selectList   : ==>  Preparing: SELECT item_id,seller_id,city,name,author,publisher,version,price,type,item_categories,item_keywords,note,description,count,status,image,create_time,update_time FROM book_info WHERE (status = ?) order by rand() limit 50
2026-04-09T16:55:21.418+08:00 DEBUG 118088 --- [knowledgelink-trade] [http-nio-8081-exec-9] c.g.trade.mapper.BookMapper.selectList   : ==> Parameters: 1(Integer)
2026-04-09T16:55:21.501+08:00 DEBUG 118088 --- [knowledgelink-trade] [http-nio-8081-exec-9] c.g.trade.mapper.BookMapper.selectList   : <==      Total: 50
2026-04-09T16:55:21.501+08:00 ERROR 118088 --- [knowledgelink-trade] [http-nio-8081-exec-9] o.a.c.c.C.[.[.[.[dispatcherServlet]      : Servlet.service() for servlet [dispatcherServlet] in context with path [/trade] threw exception [Request processing failed: cn.hutool.json.JSONException: A JSONArray text must start with '[' at 1 [character 2 line 1]] with root cause

cn.hutool.json.JSONException: A JSONArray text must start with '[' at 1 [character 2 line 1]
	at cn.hutool.json.JSONTokener.syntaxError(JSONTokener.java:450) ~[hutool-all-5.8.41.jar:5.8.41]
	at cn.hutool.json.JSONParser.parseTo(JSONParser.java:111) ~[hutool-all-5.8.41.jar:5.8.41]
	at cn.hutool.json.ObjectMapper.mapFromTokener(ObjectMapper.java:257) ~[hutool-all-5.8.41.jar:5.8.41]
	at cn.hutool.json.ObjectMapper.mapFromStr(ObjectMapper.java:234) ~[hutool-all-5.8.41.jar:5.8.41]
	at cn.hutool.json.ObjectMapper.map(ObjectMapper.java:143) ~[hutool-all-5.8.41.jar:5.8.41]
	at cn.hutool.json.JSONArray.<init>(JSONArray.java:170) ~[hutool-all-5.8.41.jar:5.8.41]
	at cn.hutool.json.JSONArray.<init>(JSONArray.java:149) ~[hutool-all-5.8.41.jar:5.8.41]
	at cn.hutool.json.JSONArray.<init>(JSONArray.java:130) ~[hutool-all-5.8.41.jar:5.8.41]
	at cn.hutool.json.JSONArray.<init>(JSONArray.java:112) ~[hutool-all-5.8.41.jar:5.8.41]
	at cn.hutool.json.JSONUtil.parseArray(JSONUtil.java:142) ~[hutool-all-5.8.41.jar:5.8.41]
	at com.github.trade.util.BookConversionUtil.toBookDTO(BookConversionUtil.java:50) ~[classes/:na]
	at com.github.trade.service.impl.BookServiceImpl.listRandomBooksFallback(BookServiceImpl.java:263) ~[classes/:na]
	at com.github.trade.service.impl.BookServiceImpl.getRecommendedBooks(BookServiceImpl.java:89) ~[classes/:na]
	at java.base/jdk.internal.reflect.DirectMethodHandleAccessor.invoke(DirectMethodHandleAccessor.java:103) ~[na:na]
	at java.base/java.lang.reflect.Method.invoke(Method.java:580) ~[na:na]
	at org.springframework.aop.support.AopUtils.invokeJoinpointUsingReflection(AopUtils.java:351) ~[spring-aop-6.1.5.jar:6.1.5]
	at org.springframework.aop.framework.CglibAopProxy$DynamicAdvisedInterceptor.intercept(CglibAopProxy.java:713) ~[spring-aop-6.1.5.jar:6.1.5]
	at com.github.trade.service.impl.BookServiceImpl$$SpringCGLIB$$0.getRecommendedBooks(<generated>) ~[classes/:na]
	at com.github.trade.controller.BookController.getRecommendedBooks(BookController.java:23) ~[classes/:na]
	at java.base/jdk.internal.reflect.DirectMethodHandleAccessor.invoke(DirectMethodHandleAccessor.java:103) ~[na:na]
	at java.base/java.lang.reflect.Method.invoke(Method.java:580) ~[na:na]
	at org.springframework.web.method.support.InvocableHandlerMethod.doInvoke(InvocableHandlerMethod.java:255) ~[spring-web-6.1.5.jar:6.1.5]
	at org.springframework.web.method.support.InvocableHandlerMethod.invokeForRequest(InvocableHandlerMethod.java:188) ~[spring-web-6.1.5.jar:6.1.5]
	at org.springframework.web.servlet.mvc.method.annotation.ServletInvocableHandlerMethod.invokeAndHandle(ServletInvocableHandlerMethod.java:118) ~[spring-webmvc-6.1.5.jar:6.1.5]
	at org.springframework.web.servlet.mvc.method.annotation.RequestMappingHandlerAdapter.invokeHandlerMethod(RequestMappingHandlerAdapter.java:925) ~[spring-webmvc-6.1.5.jar:6.1.5]
	at org.springframework.web.servlet.mvc.method.annotation.RequestMappingHandlerAdapter.handleInternal(RequestMappingHandlerAdapter.java:830) ~[spring-webmvc-6.1.5.jar:6.1.5]
	at org.springframework.web.servlet.mvc.method.AbstractHandlerMethodAdapter.handle(AbstractHandlerMethodAdapter.java:87) ~[spring-webmvc-6.1.5.jar:6.1.5]
	at org.springframework.web.servlet.DispatcherServlet.doDispatch(DispatcherServlet.java:1089) ~[spring-webmvc-6.1.5.jar:6.1.5]
	at org.springframework.web.servlet.DispatcherServlet.doService(DispatcherServlet.java:979) ~[spring-webmvc-6.1.5.jar:6.1.5]
	at org.springframework.web.servlet.FrameworkServlet.processRequest(FrameworkServlet.java:1014) ~[spring-webmvc-6.1.5.jar:6.1.5]
	at org.springframework.web.servlet.FrameworkServlet.doGet(FrameworkServlet.java:903) ~[spring-webmvc-6.1.5.jar:6.1.5]
	at jakarta.servlet.http.HttpServlet.service(HttpServlet.java:564) ~[tomcat-embed-core-10.1.19.jar:6.0]
	at org.springframework.web.servlet.FrameworkServlet.service(FrameworkServlet.java:885) ~[spring-webmvc-6.1.5.jar:6.1.5]
	at jakarta.servlet.http.HttpServlet.service(HttpServlet.java:658) ~[tomcat-embed-core-10.1.19.jar:6.0]
	at org.apache.catalina.core.ApplicationFilterChain.internalDoFilter(ApplicationFilterChain.java:205) ~[tomcat-embed-core-10.1.19.jar:10.1.19]
	at org.apache.catalina.core.ApplicationFilterChain.doFilter(ApplicationFilterChain.java:149) ~[tomcat-embed-core-10.1.19.jar:10.1.19]
	at org.apache.tomcat.websocket.server.WsFilter.doFilter(WsFilter.java:51) ~[tomcat-embed-websocket-10.1.19.jar:10.1.19]
	at org.apache.catalina.core.ApplicationFilterChain.internalDoFilter(ApplicationFilterChain.java:174) ~[tomcat-embed-core-10.1.19.jar:10.1.19]
	at org.apache.catalina.core.ApplicationFilterChain.doFilter(ApplicationFilterChain.java:149) ~[tomcat-embed-core-10.1.19.jar:10.1.19]
	at org.springframework.web.filter.RequestContextFilter.doFilterInternal(RequestContextFilter.java:100) ~[spring-web-6.1.5.jar:6.1.5]
	at org.springframework.web.filter.OncePerRequestFilter.doFilter(OncePerRequestFilter.java:116) ~[spring-web-6.1.5.jar:6.1.5]
	at org.apache.catalina.core.ApplicationFilterChain.internalDoFilter(ApplicationFilterChain.java:174) ~[tomcat-embed-core-10.1.19.jar:10.1.19]
	at org.apache.catalina.core.ApplicationFilterChain.doFilter(ApplicationFilterChain.java:149) ~[tomcat-embed-core-10.1.19.jar:10.1.19]
	at org.springframework.web.filter.FormContentFilter.doFilterInternal(FormContentFilter.java:93) ~[spring-web-6.1.5.jar:6.1.5]
	at org.springframework.web.filter.OncePerRequestFilter.doFilter(OncePerRequestFilter.java:116) ~[spring-web-6.1.5.jar:6.1.5]
	at org.apache.catalina.core.ApplicationFilterChain.internalDoFilter(ApplicationFilterChain.java:174) ~[tomcat-embed-core-10.1.19.jar:10.1.19]
	at org.apache.catalina.core.ApplicationFilterChain.doFilter(ApplicationFilterChain.java:149) ~[tomcat-embed-core-10.1.19.jar:10.1.19]
	at org.springframework.web.filter.CharacterEncodingFilter.doFilterInternal(CharacterEncodingFilter.java:201) ~[spring-web-6.1.5.jar:6.1.5]
	at org.springframework.web.filter.OncePerRequestFilter.doFilter(OncePerRequestFilter.java:116) ~[spring-web-6.1.5.jar:6.1.5]
	at org.apache.catalina.core.ApplicationFilterChain.internalDoFilter(ApplicationFilterChain.java:174) ~[tomcat-embed-core-10.1.19.jar:10.1.19]
	at org.apache.catalina.core.ApplicationFilterChain.doFilter(ApplicationFilterChain.java:149) ~[tomcat-embed-core-10.1.19.jar:10.1.19]
	at org.apache.catalina.core.StandardWrapperValve.invoke(StandardWrapperValve.java:167) ~[tomcat-embed-core-10.1.19.jar:10.1.19]
	at org.apache.catalina.core.StandardContextValve.invoke(StandardContextValve.java:90) ~[tomcat-embed-core-10.1.19.jar:10.1.19]
	at org.apache.catalina.authenticator.AuthenticatorBase.invoke(AuthenticatorBase.java:482) ~[tomcat-embed-core-10.1.19.jar:10.1.19]
	at org.apache.catalina.core.StandardHostValve.invoke(StandardHostValve.java:115) ~[tomcat-embed-core-10.1.19.jar:10.1.19]
	at org.apache.catalina.valves.ErrorReportValve.invoke(ErrorReportValve.java:93) ~[tomcat-embed-core-10.1.19.jar:10.1.19]
	at org.apache.catalina.core.StandardEngineValve.invoke(StandardEngineValve.java:74) ~[tomcat-embed-core-10.1.19.jar:10.1.19]
	at org.apache.catalina.connector.CoyoteAdapter.service(CoyoteAdapter.java:344) ~[tomcat-embed-core-10.1.19.jar:10.1.19]
	at org.apache.coyote.http11.Http11Processor.service(Http11Processor.java:391) ~[tomcat-embed-core-10.1.19.jar:10.1.19]
	at org.apache.coyote.AbstractProcessorLight.process(AbstractProcessorLight.java:63) ~[tomcat-embed-core-10.1.19.jar:10.1.19]
	at org.apache.coyote.AbstractProtocol$ConnectionHandler.process(AbstractProtocol.java:896) ~[tomcat-embed-core-10.1.19.jar:10.1.19]
	at org.apache.tomcat.util.net.NioEndpoint$SocketProcessor.doRun(NioEndpoint.java:1744) ~[tomcat-embed-core-10.1.19.jar:10.1.19]
	at org.apache.tomcat.util.net.SocketProcessorBase.run(SocketProcessorBase.java:52) ~[tomcat-embed-core-10.1.19.jar:10.1.19]
	at org.apache.tomcat.util.threads.ThreadPoolExecutor.runWorker(ThreadPoolExecutor.java:1191) ~[tomcat-embed-core-10.1.19.jar:10.1.19]
	at org.apache.tomcat.util.threads.ThreadPoolExecutor$Worker.run(ThreadPoolExecutor.java:659) ~[tomcat-embed-core-10.1.19.jar:10.1.19]
	at org.apache.tomcat.util.threads.TaskThread$WrappingRunnable.run(TaskThread.java:63) ~[tomcat-embed-core-10.1.19.jar:10.1.19]
	at java.base/java.lang.Thread.run(Thread.java:1575) ~[na:na]

2026-04-09T16:55:21.552+08:00 DEBUG 118088 --- [knowledgelink-trade] [http-nio-8081-exec-10] c.g.trade.mapper.CartMapper.selectList   : ==>  Preparing: SELECT id,user_id,book_id,count,create_time,update_time,inventory FROM shopping_car WHERE (user_id = ?)
2026-04-09T16:55:21.558+08:00 DEBUG 118088 --- [knowledgelink-trade] [http-nio-8081-exec-10] c.g.trade.mapper.CartMapper.selectList   : ==> Parameters: 2042164354642599938(Long)
2026-04-09T16:55:21.584+08:00 DEBUG 118088 --- [knowledgelink-trade] [http-nio-8081-exec-10] c.g.trade.mapper.CartMapper.selectList   : <==      Total: 0
2026-04-09T16:55:21.660+08:00 DEBUG 118088 --- [knowledgelink-trade] [http-nio-8081-exec-1] c.g.t.m.UserAddressMapper.selectList     : ==>  Preparing: SELECT id,user_id,receiver_name,receiver_phone,province,city,district,detail_address,is_default,create_time,update_time FROM user_address WHERE (user_id = ?) ORDER BY is_default DESC,update_time DESC
2026-04-09T16:55:21.660+08:00 DEBUG 118088 --- [knowledgelink-trade] [http-nio-8081-exec-1] c.g.t.m.UserAddressMapper.selectList     : ==> Parameters: 2042164354642599938(Long)
2026-04-09T16:55:21.684+08:00 DEBUG 118088 --- [knowledgelink-trade] [http-nio-8081-exec-1] c.g.t.m.UserAddressMapper.selectList     : <==      Total: 0
2026-04-09T16:57:03.438+08:00  WARN 118088 --- [knowledgelink-trade] [http-nio-8081-exec-3] o.s.c.l.core.RoundRobinLoadBalancer      : No servers available for service: knowledgelink-recommend
2026-04-09T16:57:03.438+08:00  WARN 118088 --- [knowledgelink-trade] [http-nio-8081-exec-3] RetryableFeignBlockingLoadBalancerClient : Service instance was not resolved, executing the original request
2026-04-09T16:57:04.699+08:00  WARN 118088 --- [knowledgelink-trade] [http-nio-8081-exec-3] o.s.c.l.core.RoundRobinLoadBalancer      : No servers available for service: knowledgelink-recommend
2026-04-09T16:57:04.699+08:00  WARN 118088 --- [knowledgelink-trade] [http-nio-8081-exec-3] RetryableFeignBlockingLoadBalancerClient : Service instance was not resolved, executing the original request
2026-04-09T16:57:04.724+08:00 DEBUG 118088 --- [knowledgelink-trade] [http-nio-8081-exec-3] c.g.trade.mapper.BookMapper.selectList   : ==>  Preparing: SELECT item_id,seller_id,city,name,author,publisher,version,price,type,item_categories,item_keywords,note,description,count,status,image,create_time,update_time FROM book_info WHERE (status = ?) order by rand() limit 50
2026-04-09T16:57:04.724+08:00 DEBUG 118088 --- [knowledgelink-trade] [http-nio-8081-exec-3] c.g.trade.mapper.BookMapper.selectList   : ==> Parameters: 1(Integer)
2026-04-09T16:57:04.804+08:00 DEBUG 118088 --- [knowledgelink-trade] [http-nio-8081-exec-3] c.g.trade.mapper.BookMapper.selectList   : <==      Total: 50
2026-04-09T16:57:04.805+08:00 ERROR 118088 --- [knowledgelink-trade] [http-nio-8081-exec-3] o.a.c.c.C.[.[.[.[dispatcherServlet]      : Servlet.service() for servlet [dispatcherServlet] in context with path [/trade] threw exception [Request processing failed: cn.hutool.json.JSONException: A JSONArray text must start with '[' at 1 [character 2 line 1]] with root cause

cn.hutool.json.JSONException: A JSONArray text must start with '[' at 1 [character 2 line 1]
	at cn.hutool.json.JSONTokener.syntaxError(JSONTokener.java:450) ~[hutool-all-5.8.41.jar:5.8.41]
	at cn.hutool.json.JSONParser.parseTo(JSONParser.java:111) ~[hutool-all-5.8.41.jar:5.8.41]
	at cn.hutool.json.ObjectMapper.mapFromTokener(ObjectMapper.java:257) ~[hutool-all-5.8.41.jar:5.8.41]
	at cn.hutool.json.ObjectMapper.mapFromStr(ObjectMapper.java:234) ~[hutool-all-5.8.41.jar:5.8.41]
	at cn.hutool.json.ObjectMapper.map(ObjectMapper.java:143) ~[hutool-all-5.8.41.jar:5.8.41]
	at cn.hutool.json.JSONArray.<init>(JSONArray.java:170) ~[hutool-all-5.8.41.jar:5.8.41]
	at cn.hutool.json.JSONArray.<init>(JSONArray.java:149) ~[hutool-all-5.8.41.jar:5.8.41]
	at cn.hutool.json.JSONArray.<init>(JSONArray.java:130) ~[hutool-all-5.8.41.jar:5.8.41]
	at cn.hutool.json.JSONArray.<init>(JSONArray.java:112) ~[hutool-all-5.8.41.jar:5.8.41]
	at cn.hutool.json.JSONUtil.parseArray(JSONUtil.java:142) ~[hutool-all-5.8.41.jar:5.8.41]
	at com.github.trade.util.BookConversionUtil.toBookDTO(BookConversionUtil.java:50) ~[classes/:na]
	at com.github.trade.service.impl.BookServiceImpl.listRandomBooksFallback(BookServiceImpl.java:263) ~[classes/:na]
	at com.github.trade.service.impl.BookServiceImpl.getRecommendedBooks(BookServiceImpl.java:89) ~[classes/:na]
	at java.base/jdk.internal.reflect.DirectMethodHandleAccessor.invoke(DirectMethodHandleAccessor.java:103) ~[na:na]
	at java.base/java.lang.reflect.Method.invoke(Method.java:580) ~[na:na]
	at org.springframework.aop.support.AopUtils.invokeJoinpointUsingReflection(AopUtils.java:351) ~[spring-aop-6.1.5.jar:6.1.5]
	at org.springframework.aop.framework.CglibAopProxy$DynamicAdvisedInterceptor.intercept(CglibAopProxy.java:713) ~[spring-aop-6.1.5.jar:6.1.5]
	at com.github.trade.service.impl.BookServiceImpl$$SpringCGLIB$$0.getRecommendedBooks(<generated>) ~[classes/:na]
	at com.github.trade.controller.BookController.getRecommendedBooks(BookController.java:23) ~[classes/:na]
	at java.base/jdk.internal.reflect.DirectMethodHandleAccessor.invoke(DirectMethodHandleAccessor.java:103) ~[na:na]
	at java.base/java.lang.reflect.Method.invoke(Method.java:580) ~[na:na]
	at org.springframework.web.method.support.InvocableHandlerMethod.doInvoke(InvocableHandlerMethod.java:255) ~[spring-web-6.1.5.jar:6.1.5]
	at org.springframework.web.method.support.InvocableHandlerMethod.invokeForRequest(InvocableHandlerMethod.java:188) ~[spring-web-6.1.5.jar:6.1.5]
	at org.springframework.web.servlet.mvc.method.annotation.ServletInvocableHandlerMethod.invokeAndHandle(ServletInvocableHandlerMethod.java:118) ~[spring-webmvc-6.1.5.jar:6.1.5]
	at org.springframework.web.servlet.mvc.method.annotation.RequestMappingHandlerAdapter.invokeHandlerMethod(RequestMappingHandlerAdapter.java:925) ~[spring-webmvc-6.1.5.jar:6.1.5]
	at org.springframework.web.servlet.mvc.method.annotation.RequestMappingHandlerAdapter.handleInternal(RequestMappingHandlerAdapter.java:830) ~[spring-webmvc-6.1.5.jar:6.1.5]
	at org.springframework.web.servlet.mvc.method.AbstractHandlerMethodAdapter.handle(AbstractHandlerMethodAdapter.java:87) ~[spring-webmvc-6.1.5.jar:6.1.5]
	at org.springframework.web.servlet.DispatcherServlet.doDispatch(DispatcherServlet.java:1089) ~[spring-webmvc-6.1.5.jar:6.1.5]
	at org.springframework.web.servlet.DispatcherServlet.doService(DispatcherServlet.java:979) ~[spring-webmvc-6.1.5.jar:6.1.5]
	at org.springframework.web.servlet.FrameworkServlet.processRequest(FrameworkServlet.java:1014) ~[spring-webmvc-6.1.5.jar:6.1.5]
	at org.springframework.web.servlet.FrameworkServlet.doGet(FrameworkServlet.java:903) ~[spring-webmvc-6.1.5.jar:6.1.5]
	at jakarta.servlet.http.HttpServlet.service(HttpServlet.java:564) ~[tomcat-embed-core-10.1.19.jar:6.0]
	at org.springframework.web.servlet.FrameworkServlet.service(FrameworkServlet.java:885) ~[spring-webmvc-6.1.5.jar:6.1.5]
	at jakarta.servlet.http.HttpServlet.service(HttpServlet.java:658) ~[tomcat-embed-core-10.1.19.jar:6.0]
	at org.apache.catalina.core.ApplicationFilterChain.internalDoFilter(ApplicationFilterChain.java:205) ~[tomcat-embed-core-10.1.19.jar:10.1.19]
	at org.apache.catalina.core.ApplicationFilterChain.doFilter(ApplicationFilterChain.java:149) ~[tomcat-embed-core-10.1.19.jar:10.1.19]
	at org.apache.tomcat.websocket.server.WsFilter.doFilter(WsFilter.java:51) ~[tomcat-embed-websocket-10.1.19.jar:10.1.19]
	at org.apache.catalina.core.ApplicationFilterChain.internalDoFilter(ApplicationFilterChain.java:174) ~[tomcat-embed-core-10.1.19.jar:10.1.19]
	at org.apache.catalina.core.ApplicationFilterChain.doFilter(ApplicationFilterChain.java:149) ~[tomcat-embed-core-10.1.19.jar:10.1.19]
	at org.springframework.web.filter.RequestContextFilter.doFilterInternal(RequestContextFilter.java:100) ~[spring-web-6.1.5.jar:6.1.5]
	at org.springframework.web.filter.OncePerRequestFilter.doFilter(OncePerRequestFilter.java:116) ~[spring-web-6.1.5.jar:6.1.5]
	at org.apache.catalina.core.ApplicationFilterChain.internalDoFilter(ApplicationFilterChain.java:174) ~[tomcat-embed-core-10.1.19.jar:10.1.19]
	at org.apache.catalina.core.ApplicationFilterChain.doFilter(ApplicationFilterChain.java:149) ~[tomcat-embed-core-10.1.19.jar:10.1.19]
	at org.springframework.web.filter.FormContentFilter.doFilterInternal(FormContentFilter.java:93) ~[spring-web-6.1.5.jar:6.1.5]
	at org.springframework.web.filter.OncePerRequestFilter.doFilter(OncePerRequestFilter.java:116) ~[spring-web-6.1.5.jar:6.1.5]
	at org.apache.catalina.core.ApplicationFilterChain.internalDoFilter(ApplicationFilterChain.java:174) ~[tomcat-embed-core-10.1.19.jar:10.1.19]
	at org.apache.catalina.core.ApplicationFilterChain.doFilter(ApplicationFilterChain.java:149) ~[tomcat-embed-core-10.1.19.jar:10.1.19]
	at org.springframework.web.filter.CharacterEncodingFilter.doFilterInternal(CharacterEncodingFilter.java:201) ~[spring-web-6.1.5.jar:6.1.5]
	at org.springframework.web.filter.OncePerRequestFilter.doFilter(OncePerRequestFilter.java:116) ~[spring-web-6.1.5.jar:6.1.5]
	at org.apache.catalina.core.ApplicationFilterChain.internalDoFilter(ApplicationFilterChain.java:174) ~[tomcat-embed-core-10.1.19.jar:10.1.19]
	at org.apache.catalina.core.ApplicationFilterChain.doFilter(ApplicationFilterChain.java:149) ~[tomcat-embed-core-10.1.19.jar:10.1.19]
	at org.apache.catalina.core.StandardWrapperValve.invoke(StandardWrapperValve.java:167) ~[tomcat-embed-core-10.1.19.jar:10.1.19]
	at org.apache.catalina.core.StandardContextValve.invoke(StandardContextValve.java:90) ~[tomcat-embed-core-10.1.19.jar:10.1.19]
	at org.apache.catalina.authenticator.AuthenticatorBase.invoke(AuthenticatorBase.java:482) ~[tomcat-embed-core-10.1.19.jar:10.1.19]
	at org.apache.catalina.core.StandardHostValve.invoke(StandardHostValve.java:115) ~[tomcat-embed-core-10.1.19.jar:10.1.19]
	at org.apache.catalina.valves.ErrorReportValve.invoke(ErrorReportValve.java:93) ~[tomcat-embed-core-10.1.19.jar:10.1.19]
	at org.apache.catalina.core.StandardEngineValve.invoke(StandardEngineValve.java:74) ~[tomcat-embed-core-10.1.19.jar:10.1.19]
	at org.apache.catalina.connector.CoyoteAdapter.service(CoyoteAdapter.java:344) ~[tomcat-embed-core-10.1.19.jar:10.1.19]
	at org.apache.coyote.http11.Http11Processor.service(Http11Processor.java:391) ~[tomcat-embed-core-10.1.19.jar:10.1.19]
	at org.apache.coyote.AbstractProcessorLight.process(AbstractProcessorLight.java:63) ~[tomcat-embed-core-10.1.19.jar:10.1.19]
	at org.apache.coyote.AbstractProtocol$ConnectionHandler.process(AbstractProtocol.java:896) ~[tomcat-embed-core-10.1.19.jar:10.1.19]
	at org.apache.tomcat.util.net.NioEndpoint$SocketProcessor.doRun(NioEndpoint.java:1744) ~[tomcat-embed-core-10.1.19.jar:10.1.19]
	at org.apache.tomcat.util.net.SocketProcessorBase.run(SocketProcessorBase.java:52) ~[tomcat-embed-core-10.1.19.jar:10.1.19]
	at org.apache.tomcat.util.threads.ThreadPoolExecutor.runWorker(ThreadPoolExecutor.java:1191) ~[tomcat-embed-core-10.1.19.jar:10.1.19]
	at org.apache.tomcat.util.threads.ThreadPoolExecutor$Worker.run(ThreadPoolExecutor.java:659) ~[tomcat-embed-core-10.1.19.jar:10.1.19]
	at org.apache.tomcat.util.threads.TaskThread$WrappingRunnable.run(TaskThread.java:63) ~[tomcat-embed-core-10.1.19.jar:10.1.19]
	at java.base/java.lang.Thread.run(Thread.java:1575) ~[na:na]

2026-04-09T16:57:04.899+08:00 DEBUG 118088 --- [knowledgelink-trade] [http-nio-8081-exec-2] c.g.trade.mapper.CartMapper.selectList   : ==>  Preparing: SELECT id,user_id,book_id,count,create_time,update_time,inventory FROM shopping_car WHERE (user_id = ?)
2026-04-09T16:57:04.899+08:00 DEBUG 118088 --- [knowledgelink-trade] [http-nio-8081-exec-2] c.g.trade.mapper.CartMapper.selectList   : ==> Parameters: 2042164789260574722(Long)
2026-04-09T16:57:04.924+08:00 DEBUG 118088 --- [knowledgelink-trade] [http-nio-8081-exec-2] c.g.trade.mapper.CartMapper.selectList   : <==      Total: 0
2026-04-09T16:59:36.791+08:00  INFO 118088 --- [knowledgelink-trade] [org.springframework.amqp.rabbit.RabbitListenerEndpointContainer#0-2] o.s.a.r.l.SimpleMessageListenerContainer : Waiting for workers to finish.
2026-04-09T16:59:36.813+08:00  INFO 118088 --- [knowledgelink-trade] [org.springframework.amqp.rabbit.RabbitListenerEndpointContainer#1-2] o.s.a.r.l.SimpleMessageListenerContainer : Waiting for workers to finish.
2026-04-09T16:59:37.572+08:00  INFO 118088 --- [knowledgelink-trade] [org.springframework.amqp.rabbit.RabbitListenerEndpointContainer#0-2] o.s.a.r.l.SimpleMessageListenerContainer : Successfully waited for workers to finish.
2026-04-09T16:59:37.588+08:00  INFO 118088 --- [knowledgelink-trade] [org.springframework.amqp.rabbit.RabbitListenerEndpointContainer#1-2] o.s.a.r.l.SimpleMessageListenerContainer : Successfully waited for workers to finish.
2026-04-09T16:59:37.626+08:00  INFO 118088 --- [knowledgelink-trade] [SpringApplicationShutdownHook] com.zaxxer.hikari.HikariDataSource       : HikariPool-1 - Shutdown initiated...
2026-04-09T16:59:37.629+08:00  INFO 118088 --- [knowledgelink-trade] [SpringApplicationShutdownHook] com.zaxxer.hikari.HikariDataSource       : HikariPool-1 - Shutdown completed.
2026-04-09T16:59:55.315+08:00  INFO 137720 --- [knowledgelink-trade] [main] c.g.trade.KnowledgeLinkTradeApplication  : No active profile set, falling back to 1 default profile: "default"
2026-04-09T16:59:55.638+08:00  INFO 137720 --- [knowledgelink-trade] [main] .s.d.r.c.RepositoryConfigurationDelegate : Multiple Spring Data modules found, entering strict repository configuration mode
2026-04-09T16:59:55.639+08:00  INFO 137720 --- [knowledgelink-trade] [main] .s.d.r.c.RepositoryConfigurationDelegate : Bootstrapping Spring Data Redis repositories in DEFAULT mode.
2026-04-09T16:59:55.656+08:00  INFO 137720 --- [knowledgelink-trade] [main] .s.d.r.c.RepositoryConfigurationDelegate : Finished Spring Data repository scanning in 9 ms. Found 0 Redis repository interfaces.
2026-04-09T16:59:55.819+08:00  INFO 137720 --- [knowledgelink-trade] [main] o.s.cloud.context.scope.GenericScope     : BeanFactory id=72654a98-15b9-374f-b9aa-57a221285212
2026-04-09T16:59:55.931+08:00  WARN 137720 --- [knowledgelink-trade] [main] trationDelegate$BeanPostProcessorChecker : Bean 'org.springframework.cloud.client.loadbalancer.LoadBalancerAutoConfiguration$DeferringLoadBalancerInterceptorConfig' of type [org.springframework.cloud.client.loadbalancer.LoadBalancerAutoConfiguration$DeferringLoadBalancerInterceptorConfig] is not eligible for getting processed by all BeanPostProcessors (for example: not eligible for auto-proxying). The currently created BeanPostProcessor [lbRestClientPostProcessor] is declared through a non-static factory method on that class; consider declaring it as static instead.
2026-04-09T16:59:55.932+08:00  WARN 137720 --- [knowledgelink-trade] [main] trationDelegate$BeanPostProcessorChecker : Bean 'deferringLoadBalancerInterceptor' of type [org.springframework.cloud.client.loadbalancer.DeferringLoadBalancerInterceptor] is not eligible for getting processed by all BeanPostProcessors (for example: not eligible for auto-proxying). Is this bean getting eagerly injected into a currently created BeanPostProcessor [lbRestClientPostProcessor]? Check the corresponding BeanPostProcessor declaration and its dependencies.
2026-04-09T16:59:56.067+08:00  INFO 137720 --- [knowledgelink-trade] [main] o.s.b.w.embedded.tomcat.TomcatWebServer  : Tomcat initialized with port 8081 (http)
2026-04-09T16:59:56.074+08:00  INFO 137720 --- [knowledgelink-trade] [main] o.apache.catalina.core.StandardService   : Starting service [Tomcat]
2026-04-09T16:59:56.074+08:00  INFO 137720 --- [knowledgelink-trade] [main] o.apache.catalina.core.StandardEngine    : Starting Servlet engine: [Apache Tomcat/10.1.19]
2026-04-09T16:59:56.119+08:00  INFO 137720 --- [knowledgelink-trade] [main] o.a.c.c.C.[Tomcat].[localhost].[/trade]  : Initializing Spring embedded WebApplicationContext
2026-04-09T16:59:56.119+08:00  INFO 137720 --- [knowledgelink-trade] [main] w.s.c.ServletWebServerApplicationContext : Root WebApplicationContext: initialization completed in 793 ms
2026-04-09T16:59:56.816+08:00  INFO 137720 --- [knowledgelink-trade] [main] com.github.common.utils.CosUtil          : 腾讯云 COS 客户端初始化成功，Region: ap-nanjing
2026-04-09T16:59:56.884+08:00  INFO 137720 --- [knowledgelink-trade] [main] o.s.c.openfeign.FeignClientFactoryBean   : For 'knowledgelink-recommend' URL not provided. Will try picking an instance via load-balancing.
2026-04-09T16:59:57.365+08:00  WARN 137720 --- [knowledgelink-trade] [main] iguration$LoadBalancerCaffeineWarnLogger : Spring Cloud LoadBalancer is currently working with the default cache. While this cache implementation is useful for development and tests, it's recommended to use Caffeine cache in production.You can switch to using Caffeine cache, by adding it and org.springframework.cache.caffeine.CaffeineCacheManager to the classpath.
2026-04-09T16:59:57.415+08:00  INFO 137720 --- [knowledgelink-trade] [main] o.s.b.w.embedded.tomcat.TomcatWebServer  : Tomcat started on port 8081 (http) with context path '/trade'
2026-04-09T16:59:57.421+08:00  INFO 137720 --- [knowledgelink-trade] [main] o.s.a.r.c.CachingConnectionFactory       : Attempting to connect to: [175.27.129.187:5672]
2026-04-09T16:59:57.523+08:00  INFO 137720 --- [knowledgelink-trade] [main] o.s.a.r.c.CachingConnectionFactory       : Created new connection: rabbitConnectionFactory#49bc71b4:0/SimpleConnection@45302e66 [delegate=amqp://admin@175.27.129.187:5672/, localPort=63988]
2026-04-09T16:59:57.995+08:00  INFO 137720 --- [knowledgelink-trade] [main] c.g.trade.KnowledgeLinkTradeApplication  : Started KnowledgeLinkTradeApplication in 5.158 seconds (process running for 5.444)
2026-04-09T16:59:58.082+08:00  INFO 137720 --- [knowledgelink-trade] [main] c.github.trade.config.BookEsInitRunner   : book ES 索引初始化完成
2026-04-09T17:00:19.769+08:00  INFO 137720 --- [knowledgelink-trade] [http-nio-8081-exec-1] o.a.c.c.C.[Tomcat].[localhost].[/trade]  : Initializing Spring DispatcherServlet 'dispatcherServlet'
2026-04-09T17:00:19.769+08:00  INFO 137720 --- [knowledgelink-trade] [http-nio-8081-exec-1] o.s.web.servlet.DispatcherServlet        : Initializing Servlet 'dispatcherServlet'
2026-04-09T17:00:19.770+08:00  INFO 137720 --- [knowledgelink-trade] [http-nio-8081-exec-1] o.s.web.servlet.DispatcherServlet        : Completed initialization in 1 ms
2026-04-09T17:00:19.828+08:00  WARN 137720 --- [knowledgelink-trade] [http-nio-8081-exec-1] o.s.c.l.core.RoundRobinLoadBalancer      : No servers available for service: knowledgelink-recommend
2026-04-09T17:00:19.835+08:00  WARN 137720 --- [knowledgelink-trade] [http-nio-8081-exec-1] RetryableFeignBlockingLoadBalancerClient : Service instance was not resolved, executing the original request
2026-04-09T17:00:21.100+08:00  WARN 137720 --- [knowledgelink-trade] [http-nio-8081-exec-1] o.s.c.l.core.RoundRobinLoadBalancer      : No servers available for service: knowledgelink-recommend
2026-04-09T17:00:21.100+08:00  WARN 137720 --- [knowledgelink-trade] [http-nio-8081-exec-1] RetryableFeignBlockingLoadBalancerClient : Service instance was not resolved, executing the original request
2026-04-09T17:00:21.149+08:00  INFO 137720 --- [knowledgelink-trade] [http-nio-8081-exec-1] com.zaxxer.hikari.HikariDataSource       : HikariPool-1 - Starting...
2026-04-09T17:00:21.406+08:00  INFO 137720 --- [knowledgelink-trade] [http-nio-8081-exec-1] com.zaxxer.hikari.pool.HikariPool        : HikariPool-1 - Added connection com.mysql.cj.jdbc.ConnectionImpl@20cc65e4
2026-04-09T17:00:21.407+08:00  INFO 137720 --- [knowledgelink-trade] [http-nio-8081-exec-1] com.zaxxer.hikari.HikariDataSource       : HikariPool-1 - Start completed.
2026-04-09T17:00:21.411+08:00 DEBUG 137720 --- [knowledgelink-trade] [http-nio-8081-exec-1] c.g.trade.mapper.BookMapper.selectList   : ==>  Preparing: SELECT item_id,seller_id,city,name,author,publisher,version,price,type,item_categories,item_keywords,note,description,count,status,image,create_time,update_time FROM book_info WHERE (status = ?) order by rand() limit 50
2026-04-09T17:00:21.428+08:00 DEBUG 137720 --- [knowledgelink-trade] [http-nio-8081-exec-1] c.g.trade.mapper.BookMapper.selectList   : ==> Parameters: 1(Integer)
2026-04-09T17:00:21.549+08:00 DEBUG 137720 --- [knowledgelink-trade] [http-nio-8081-exec-1] c.g.trade.mapper.BookMapper.selectList   : <==      Total: 50
2026-04-09T17:01:16.359+08:00 DEBUG 137720 --- [knowledgelink-trade] [http-nio-8081-exec-2] c.g.trade.mapper.CartMapper.selectList   : ==>  Preparing: SELECT id,user_id,book_id,count,create_time,update_time,inventory FROM shopping_car WHERE (user_id = ?)
2026-04-09T17:01:16.360+08:00 DEBUG 137720 --- [knowledgelink-trade] [http-nio-8081-exec-2] c.g.trade.mapper.CartMapper.selectList   : ==> Parameters: 2042165939028353026(Long)
2026-04-09T17:01:16.388+08:00 DEBUG 137720 --- [knowledgelink-trade] [http-nio-8081-exec-2] c.g.trade.mapper.CartMapper.selectList   : <==      Total: 0
2026-04-09T17:01:16.464+08:00 DEBUG 137720 --- [knowledgelink-trade] [http-nio-8081-exec-3] c.g.t.m.UserAddressMapper.selectList     : ==>  Preparing: SELECT id,user_id,receiver_name,receiver_phone,province,city,district,detail_address,is_default,create_time,update_time FROM user_address WHERE (user_id = ?) ORDER BY is_default DESC,update_time DESC
2026-04-09T17:01:16.465+08:00 DEBUG 137720 --- [knowledgelink-trade] [http-nio-8081-exec-3] c.g.t.m.UserAddressMapper.selectList     : ==> Parameters: 2042165939028353026(Long)
2026-04-09T17:01:16.488+08:00 DEBUG 137720 --- [knowledgelink-trade] [http-nio-8081-exec-3] c.g.t.m.UserAddressMapper.selectList     : <==      Total: 0
2026-04-09T17:01:16.562+08:00 DEBUG 137720 --- [knowledgelink-trade] [http-nio-8081-exec-4] c.g.t.m.ConsumerOrderMapper.selectList   : ==>  Preparing: SELECT id,user_id,seller_id,book_id,price,count,total_price,book_name,status,create_time,update_time,finished_time,address FROM order WHERE (user_id = ?) ORDER BY create_time DESC
2026-04-09T17:01:16.562+08:00 DEBUG 137720 --- [knowledgelink-trade] [http-nio-8081-exec-4] c.g.t.m.ConsumerOrderMapper.selectList   : ==> Parameters: 2042165939028353026(Long)
2026-04-09T17:01:16.660+08:00 ERROR 137720 --- [knowledgelink-trade] [http-nio-8081-exec-4] o.a.c.c.C.[.[.[.[dispatcherServlet]      : Servlet.service() for servlet [dispatcherServlet] in context with path [/trade] threw exception [Request processing failed: org.springframework.jdbc.BadSqlGrammarException: 
### Error querying database.  Cause: java.sql.SQLSyntaxErrorException: You have an error in your SQL syntax; check the manual that corresponds to your MySQL server version for the right syntax to use near 'order      WHERE  (user_id = 2042165939028353026) ORDER BY create_time DESC' at line 1
### The error may exist in com/github/trade/mapper/ConsumerOrderMapper.java (best guess)
### The error may involve defaultParameterMap
### The error occurred while setting parameters
### SQL: SELECT  id,user_id,seller_id,book_id,price,count,total_price,book_name,status,create_time,update_time,finished_time,address  FROM order      WHERE  (user_id = ?) ORDER BY create_time DESC
### Cause: java.sql.SQLSyntaxErrorException: You have an error in your SQL syntax; check the manual that corresponds to your MySQL server version for the right syntax to use near 'order      WHERE  (user_id = 2042165939028353026) ORDER BY create_time DESC' at line 1
; bad SQL grammar []] with root cause

java.sql.SQLSyntaxErrorException: You have an error in your SQL syntax; check the manual that corresponds to your MySQL server version for the right syntax to use near 'order      WHERE  (user_id = 2042165939028353026) ORDER BY create_time DESC' at line 1
	at com.mysql.cj.jdbc.exceptions.SQLError.createSQLException(SQLError.java:121) ~[mysql-connector-j-8.3.0.jar:8.3.0]
	at com.mysql.cj.jdbc.exceptions.SQLExceptionsMapping.translateException(SQLExceptionsMapping.java:122) ~[mysql-connector-j-8.3.0.jar:8.3.0]
	at com.mysql.cj.jdbc.ClientPreparedStatement.executeInternal(ClientPreparedStatement.java:912) ~[mysql-connector-j-8.3.0.jar:8.3.0]
	at com.mysql.cj.jdbc.ClientPreparedStatement.execute(ClientPreparedStatement.java:354) ~[mysql-connector-j-8.3.0.jar:8.3.0]
	at com.zaxxer.hikari.pool.ProxyPreparedStatement.execute(ProxyPreparedStatement.java:44) ~[HikariCP-5.0.1.jar:na]
	at com.zaxxer.hikari.pool.HikariProxyPreparedStatement.execute(HikariProxyPreparedStatement.java) ~[HikariCP-5.0.1.jar:na]
	at java.base/jdk.internal.reflect.DirectMethodHandleAccessor.invoke(DirectMethodHandleAccessor.java:103) ~[na:na]
	at java.base/java.lang.reflect.Method.invoke(Method.java:580) ~[na:na]
	at org.apache.ibatis.logging.jdbc.PreparedStatementLogger.invoke(PreparedStatementLogger.java:58) ~[mybatis-3.5.19.jar:3.5.19]
	at jdk.proxy3/jdk.proxy3.$Proxy117.execute(Unknown Source) ~[na:na]
	at org.apache.ibatis.executor.statement.PreparedStatementHandler.query(PreparedStatementHandler.java:65) ~[mybatis-3.5.19.jar:3.5.19]
	at org.apache.ibatis.executor.statement.RoutingStatementHandler.query(RoutingStatementHandler.java:80) ~[mybatis-3.5.19.jar:3.5.19]
	at org.apache.ibatis.executor.SimpleExecutor.doQuery(SimpleExecutor.java:65) ~[mybatis-3.5.19.jar:3.5.19]
	at org.apache.ibatis.executor.BaseExecutor.queryFromDatabase(BaseExecutor.java:336) ~[mybatis-3.5.19.jar:3.5.19]
	at org.apache.ibatis.executor.BaseExecutor.query(BaseExecutor.java:158) ~[mybatis-3.5.19.jar:3.5.19]
	at org.apache.ibatis.executor.CachingExecutor.query(CachingExecutor.java:110) ~[mybatis-3.5.19.jar:3.5.19]
	at org.apache.ibatis.executor.CachingExecutor.query(CachingExecutor.java:90) ~[mybatis-3.5.19.jar:3.5.19]
	at org.apache.ibatis.session.defaults.DefaultSqlSession.selectList(DefaultSqlSession.java:154) ~[mybatis-3.5.19.jar:3.5.19]
	at org.apache.ibatis.session.defaults.DefaultSqlSession.selectList(DefaultSqlSession.java:147) ~[mybatis-3.5.19.jar:3.5.19]
	at org.apache.ibatis.session.defaults.DefaultSqlSession.selectList(DefaultSqlSession.java:142) ~[mybatis-3.5.19.jar:3.5.19]
	at java.base/jdk.internal.reflect.DirectMethodHandleAccessor.invoke(DirectMethodHandleAccessor.java:103) ~[na:na]
	at java.base/java.lang.reflect.Method.invoke(Method.java:580) ~[na:na]
	at org.mybatis.spring.SqlSessionTemplate$SqlSessionInterceptor.invoke(SqlSessionTemplate.java:333) ~[mybatis-spring-3.0.4.jar:3.0.4]
	at jdk.proxy2/jdk.proxy2.$Proxy80.selectList(Unknown Source) ~[na:na]
	at org.mybatis.spring.SqlSessionTemplate.selectList(SqlSessionTemplate.java:194) ~[mybatis-spring-3.0.4.jar:3.0.4]
	at com.baomidou.mybatisplus.core.override.MybatisMapperMethod.executeForMany(MybatisMapperMethod.java:164) ~[mybatis-plus-core-3.5.10.1.jar:3.5.10.1]
	at com.baomidou.mybatisplus.core.override.MybatisMapperMethod.execute(MybatisMapperMethod.java:77) ~[mybatis-plus-core-3.5.10.1.jar:3.5.10.1]
	at com.baomidou.mybatisplus.core.override.MybatisMapperProxy$PlainMethodInvoker.invoke(MybatisMapperProxy.java:155) ~[mybatis-plus-core-3.5.10.1.jar:3.5.10.1]
	at com.baomidou.mybatisplus.core.override.MybatisMapperProxy.invoke(MybatisMapperProxy.java:92) ~[mybatis-plus-core-3.5.10.1.jar:3.5.10.1]
	at jdk.proxy2/jdk.proxy2.$Proxy101.selectList(Unknown Source) ~[na:na]
	at com.github.trade.service.impl.ConsumerOrderServiceImpl.getAllConsumerOrder(ConsumerOrderServiceImpl.java:254) ~[classes/:na]
	at java.base/jdk.internal.reflect.DirectMethodHandleAccessor.invoke(DirectMethodHandleAccessor.java:103) ~[na:na]
	at java.base/java.lang.reflect.Method.invoke(Method.java:580) ~[na:na]
	at org.springframework.aop.support.AopUtils.invokeJoinpointUsingReflection(AopUtils.java:351) ~[spring-aop-6.1.5.jar:6.1.5]
	at org.springframework.aop.framework.CglibAopProxy$DynamicAdvisedInterceptor.intercept(CglibAopProxy.java:713) ~[spring-aop-6.1.5.jar:6.1.5]
	at com.github.trade.service.impl.ConsumerOrderServiceImpl$$SpringCGLIB$$0.getAllConsumerOrder(<generated>) ~[classes/:na]
	at com.github.trade.controller.ConsumerOrderController.getAllConsumerOrder(ConsumerOrderController.java:58) ~[classes/:na]
	at java.base/jdk.internal.reflect.DirectMethodHandleAccessor.invoke(DirectMethodHandleAccessor.java:103) ~[na:na]
	at java.base/java.lang.reflect.Method.invoke(Method.java:580) ~[na:na]
	at org.springframework.web.method.support.InvocableHandlerMethod.doInvoke(InvocableHandlerMethod.java:255) ~[spring-web-6.1.5.jar:6.1.5]
	at org.springframework.web.method.support.InvocableHandlerMethod.invokeForRequest(InvocableHandlerMethod.java:188) ~[spring-web-6.1.5.jar:6.1.5]
	at org.springframework.web.servlet.mvc.method.annotation.ServletInvocableHandlerMethod.invokeAndHandle(ServletInvocableHandlerMethod.java:118) ~[spring-webmvc-6.1.5.jar:6.1.5]
	at org.springframework.web.servlet.mvc.method.annotation.RequestMappingHandlerAdapter.invokeHandlerMethod(RequestMappingHandlerAdapter.java:925) ~[spring-webmvc-6.1.5.jar:6.1.5]
	at org.springframework.web.servlet.mvc.method.annotation.RequestMappingHandlerAdapter.handleInternal(RequestMappingHandlerAdapter.java:830) ~[spring-webmvc-6.1.5.jar:6.1.5]
	at org.springframework.web.servlet.mvc.method.AbstractHandlerMethodAdapter.handle(AbstractHandlerMethodAdapter.java:87) ~[spring-webmvc-6.1.5.jar:6.1.5]
	at org.springframework.web.servlet.DispatcherServlet.doDispatch(DispatcherServlet.java:1089) ~[spring-webmvc-6.1.5.jar:6.1.5]
	at org.springframework.web.servlet.DispatcherServlet.doService(DispatcherServlet.java:979) ~[spring-webmvc-6.1.5.jar:6.1.5]
	at org.springframework.web.servlet.FrameworkServlet.processRequest(FrameworkServlet.java:1014) ~[spring-webmvc-6.1.5.jar:6.1.5]
	at org.springframework.web.servlet.FrameworkServlet.doGet(FrameworkServlet.java:903) ~[spring-webmvc-6.1.5.jar:6.1.5]
	at jakarta.servlet.http.HttpServlet.service(HttpServlet.java:564) ~[tomcat-embed-core-10.1.19.jar:6.0]
	at org.springframework.web.servlet.FrameworkServlet.service(FrameworkServlet.java:885) ~[spring-webmvc-6.1.5.jar:6.1.5]
	at jakarta.servlet.http.HttpServlet.service(HttpServlet.java:658) ~[tomcat-embed-core-10.1.19.jar:6.0]
	at org.apache.catalina.core.ApplicationFilterChain.internalDoFilter(ApplicationFilterChain.java:205) ~[tomcat-embed-core-10.1.19.jar:10.1.19]
	at org.apache.catalina.core.ApplicationFilterChain.doFilter(ApplicationFilterChain.java:149) ~[tomcat-embed-core-10.1.19.jar:10.1.19]
	at org.apache.tomcat.websocket.server.WsFilter.doFilter(WsFilter.java:51) ~[tomcat-embed-websocket-10.1.19.jar:10.1.19]
	at org.apache.catalina.core.ApplicationFilterChain.internalDoFilter(ApplicationFilterChain.java:174) ~[tomcat-embed-core-10.1.19.jar:10.1.19]
	at org.apache.catalina.core.ApplicationFilterChain.doFilter(ApplicationFilterChain.java:149) ~[tomcat-embed-core-10.1.19.jar:10.1.19]
	at org.springframework.web.filter.RequestContextFilter.doFilterInternal(RequestContextFilter.java:100) ~[spring-web-6.1.5.jar:6.1.5]
	at org.springframework.web.filter.OncePerRequestFilter.doFilter(OncePerRequestFilter.java:116) ~[spring-web-6.1.5.jar:6.1.5]
	at org.apache.catalina.core.ApplicationFilterChain.internalDoFilter(ApplicationFilterChain.java:174) ~[tomcat-embed-core-10.1.19.jar:10.1.19]
	at org.apache.catalina.core.ApplicationFilterChain.doFilter(ApplicationFilterChain.java:149) ~[tomcat-embed-core-10.1.19.jar:10.1.19]
	at org.springframework.web.filter.FormContentFilter.doFilterInternal(FormContentFilter.java:93) ~[spring-web-6.1.5.jar:6.1.5]
	at org.springframework.web.filter.OncePerRequestFilter.doFilter(OncePerRequestFilter.java:116) ~[spring-web-6.1.5.jar:6.1.5]
	at org.apache.catalina.core.ApplicationFilterChain.internalDoFilter(ApplicationFilterChain.java:174) ~[tomcat-embed-core-10.1.19.jar:10.1.19]
	at org.apache.catalina.core.ApplicationFilterChain.doFilter(ApplicationFilterChain.java:149) ~[tomcat-embed-core-10.1.19.jar:10.1.19]
	at org.springframework.web.filter.CharacterEncodingFilter.doFilterInternal(CharacterEncodingFilter.java:201) ~[spring-web-6.1.5.jar:6.1.5]
	at org.springframework.web.filter.OncePerRequestFilter.doFilter(OncePerRequestFilter.java:116) ~[spring-web-6.1.5.jar:6.1.5]
	at org.apache.catalina.core.ApplicationFilterChain.internalDoFilter(ApplicationFilterChain.java:174) ~[tomcat-embed-core-10.1.19.jar:10.1.19]
	at org.apache.catalina.core.ApplicationFilterChain.doFilter(ApplicationFilterChain.java:149) ~[tomcat-embed-core-10.1.19.jar:10.1.19]
	at org.apache.catalina.core.StandardWrapperValve.invoke(StandardWrapperValve.java:167) ~[tomcat-embed-core-10.1.19.jar:10.1.19]
	at org.apache.catalina.core.StandardContextValve.invoke(StandardContextValve.java:90) ~[tomcat-embed-core-10.1.19.jar:10.1.19]
	at org.apache.catalina.authenticator.AuthenticatorBase.invoke(AuthenticatorBase.java:482) ~[tomcat-embed-core-10.1.19.jar:10.1.19]
	at org.apache.catalina.core.StandardHostValve.invoke(StandardHostValve.java:115) ~[tomcat-embed-core-10.1.19.jar:10.1.19]
	at org.apache.catalina.valves.ErrorReportValve.invoke(ErrorReportValve.java:93) ~[tomcat-embed-core-10.1.19.jar:10.1.19]
	at org.apache.catalina.core.StandardEngineValve.invoke(StandardEngineValve.java:74) ~[tomcat-embed-core-10.1.19.jar:10.1.19]
	at org.apache.catalina.connector.CoyoteAdapter.service(CoyoteAdapter.java:344) ~[tomcat-embed-core-10.1.19.jar:10.1.19]
	at org.apache.coyote.http11.Http11Processor.service(Http11Processor.java:391) ~[tomcat-embed-core-10.1.19.jar:10.1.19]
	at org.apache.coyote.AbstractProcessorLight.process(AbstractProcessorLight.java:63) ~[tomcat-embed-core-10.1.19.jar:10.1.19]
	at org.apache.coyote.AbstractProtocol$ConnectionHandler.process(AbstractProtocol.java:896) ~[tomcat-embed-core-10.1.19.jar:10.1.19]
	at org.apache.tomcat.util.net.NioEndpoint$SocketProcessor.doRun(NioEndpoint.java:1744) ~[tomcat-embed-core-10.1.19.jar:10.1.19]
	at org.apache.tomcat.util.net.SocketProcessorBase.run(SocketProcessorBase.java:52) ~[tomcat-embed-core-10.1.19.jar:10.1.19]
	at org.apache.tomcat.util.threads.ThreadPoolExecutor.runWorker(ThreadPoolExecutor.java:1191) ~[tomcat-embed-core-10.1.19.jar:10.1.19]
	at org.apache.tomcat.util.threads.ThreadPoolExecutor$Worker.run(ThreadPoolExecutor.java:659) ~[tomcat-embed-core-10.1.19.jar:10.1.19]
	at org.apache.tomcat.util.threads.TaskThread$WrappingRunnable.run(TaskThread.java:63) ~[tomcat-embed-core-10.1.19.jar:10.1.19]
	at java.base/java.lang.Thread.run(Thread.java:1575) ~[na:na]

2026-04-09T17:01:16.757+08:00 DEBUG 137720 --- [knowledgelink-trade] [http-nio-8081-exec-9] c.g.t.m.SellerOrderMapper.selectList     : ==>  Preparing: SELECT id,user_id,seller_id,book_id,price,count,total_price,book_name,status,create_time,update_time,finished_time,address FROM order WHERE (seller_id = ?) ORDER BY create_time DESC
2026-04-09T17:01:16.757+08:00 DEBUG 137720 --- [knowledgelink-trade] [http-nio-8081-exec-9] c.g.t.m.SellerOrderMapper.selectList     : ==> Parameters: 2042165939028353026(Long)
2026-04-09T17:01:16.779+08:00 ERROR 137720 --- [knowledgelink-trade] [http-nio-8081-exec-9] o.a.c.c.C.[.[.[.[dispatcherServlet]      : Servlet.service() for servlet [dispatcherServlet] in context with path [/trade] threw exception [Request processing failed: org.springframework.jdbc.BadSqlGrammarException: 
### Error querying database.  Cause: java.sql.SQLSyntaxErrorException: You have an error in your SQL syntax; check the manual that corresponds to your MySQL server version for the right syntax to use near 'order      WHERE  (seller_id = 2042165939028353026) ORDER BY create_time DESC' at line 1
### The error may exist in com/github/trade/mapper/SellerOrderMapper.java (best guess)
### The error may involve defaultParameterMap
### The error occurred while setting parameters
### SQL: SELECT  id,user_id,seller_id,book_id,price,count,total_price,book_name,status,create_time,update_time,finished_time,address  FROM order      WHERE  (seller_id = ?) ORDER BY create_time DESC
### Cause: java.sql.SQLSyntaxErrorException: You have an error in your SQL syntax; check the manual that corresponds to your MySQL server version for the right syntax to use near 'order      WHERE  (seller_id = 2042165939028353026) ORDER BY create_time DESC' at line 1
; bad SQL grammar []] with root cause

java.sql.SQLSyntaxErrorException: You have an error in your SQL syntax; check the manual that corresponds to your MySQL server version for the right syntax to use near 'order      WHERE  (seller_id = 2042165939028353026) ORDER BY create_time DESC' at line 1
	at com.mysql.cj.jdbc.exceptions.SQLError.createSQLException(SQLError.java:121) ~[mysql-connector-j-8.3.0.jar:8.3.0]
	at com.mysql.cj.jdbc.exceptions.SQLExceptionsMapping.translateException(SQLExceptionsMapping.java:122) ~[mysql-connector-j-8.3.0.jar:8.3.0]
	at com.mysql.cj.jdbc.ClientPreparedStatement.executeInternal(ClientPreparedStatement.java:912) ~[mysql-connector-j-8.3.0.jar:8.3.0]
	at com.mysql.cj.jdbc.ClientPreparedStatement.execute(ClientPreparedStatement.java:354) ~[mysql-connector-j-8.3.0.jar:8.3.0]
	at com.zaxxer.hikari.pool.ProxyPreparedStatement.execute(ProxyPreparedStatement.java:44) ~[HikariCP-5.0.1.jar:na]
	at com.zaxxer.hikari.pool.HikariProxyPreparedStatement.execute(HikariProxyPreparedStatement.java) ~[HikariCP-5.0.1.jar:na]
	at java.base/jdk.internal.reflect.DirectMethodHandleAccessor.invoke(DirectMethodHandleAccessor.java:103) ~[na:na]
	at java.base/java.lang.reflect.Method.invoke(Method.java:580) ~[na:na]
	at org.apache.ibatis.logging.jdbc.PreparedStatementLogger.invoke(PreparedStatementLogger.java:58) ~[mybatis-3.5.19.jar:3.5.19]
	at jdk.proxy3/jdk.proxy3.$Proxy117.execute(Unknown Source) ~[na:na]
	at org.apache.ibatis.executor.statement.PreparedStatementHandler.query(PreparedStatementHandler.java:65) ~[mybatis-3.5.19.jar:3.5.19]
	at org.apache.ibatis.executor.statement.RoutingStatementHandler.query(RoutingStatementHandler.java:80) ~[mybatis-3.5.19.jar:3.5.19]
	at org.apache.ibatis.executor.SimpleExecutor.doQuery(SimpleExecutor.java:65) ~[mybatis-3.5.19.jar:3.5.19]
	at org.apache.ibatis.executor.BaseExecutor.queryFromDatabase(BaseExecutor.java:336) ~[mybatis-3.5.19.jar:3.5.19]
	at org.apache.ibatis.executor.BaseExecutor.query(BaseExecutor.java:158) ~[mybatis-3.5.19.jar:3.5.19]
	at org.apache.ibatis.executor.CachingExecutor.query(CachingExecutor.java:110) ~[mybatis-3.5.19.jar:3.5.19]
	at org.apache.ibatis.executor.CachingExecutor.query(CachingExecutor.java:90) ~[mybatis-3.5.19.jar:3.5.19]
	at org.apache.ibatis.session.defaults.DefaultSqlSession.selectList(DefaultSqlSession.java:154) ~[mybatis-3.5.19.jar:3.5.19]
	at org.apache.ibatis.session.defaults.DefaultSqlSession.selectList(DefaultSqlSession.java:147) ~[mybatis-3.5.19.jar:3.5.19]
	at org.apache.ibatis.session.defaults.DefaultSqlSession.selectList(DefaultSqlSession.java:142) ~[mybatis-3.5.19.jar:3.5.19]
	at java.base/jdk.internal.reflect.DirectMethodHandleAccessor.invoke(DirectMethodHandleAccessor.java:103) ~[na:na]
	at java.base/java.lang.reflect.Method.invoke(Method.java:580) ~[na:na]
	at org.mybatis.spring.SqlSessionTemplate$SqlSessionInterceptor.invoke(SqlSessionTemplate.java:333) ~[mybatis-spring-3.0.4.jar:3.0.4]
	at jdk.proxy2/jdk.proxy2.$Proxy80.selectList(Unknown Source) ~[na:na]
	at org.mybatis.spring.SqlSessionTemplate.selectList(SqlSessionTemplate.java:194) ~[mybatis-spring-3.0.4.jar:3.0.4]
	at com.baomidou.mybatisplus.core.override.MybatisMapperMethod.executeForMany(MybatisMapperMethod.java:164) ~[mybatis-plus-core-3.5.10.1.jar:3.5.10.1]
	at com.baomidou.mybatisplus.core.override.MybatisMapperMethod.execute(MybatisMapperMethod.java:77) ~[mybatis-plus-core-3.5.10.1.jar:3.5.10.1]
	at com.baomidou.mybatisplus.core.override.MybatisMapperProxy$PlainMethodInvoker.invoke(MybatisMapperProxy.java:155) ~[mybatis-plus-core-3.5.10.1.jar:3.5.10.1]
	at com.baomidou.mybatisplus.core.override.MybatisMapperProxy.invoke(MybatisMapperProxy.java:92) ~[mybatis-plus-core-3.5.10.1.jar:3.5.10.1]
	at jdk.proxy2/jdk.proxy2.$Proxy104.selectList(Unknown Source) ~[na:na]
	at com.github.trade.service.impl.SellerOrderServiceImpl.getAllSellerOrder(SellerOrderServiceImpl.java:81) ~[classes/:na]
	at java.base/jdk.internal.reflect.DirectMethodHandleAccessor.invoke(DirectMethodHandleAccessor.java:103) ~[na:na]
	at java.base/java.lang.reflect.Method.invoke(Method.java:580) ~[na:na]
	at org.springframework.aop.support.AopUtils.invokeJoinpointUsingReflection(AopUtils.java:351) ~[spring-aop-6.1.5.jar:6.1.5]
	at org.springframework.aop.framework.CglibAopProxy$DynamicAdvisedInterceptor.intercept(CglibAopProxy.java:713) ~[spring-aop-6.1.5.jar:6.1.5]
	at com.github.trade.service.impl.SellerOrderServiceImpl$$SpringCGLIB$$0.getAllSellerOrder(<generated>) ~[classes/:na]
	at com.github.trade.controller.SellerOrderController.getAllSellerOrder(SellerOrderController.java:29) ~[classes/:na]
	at java.base/jdk.internal.reflect.DirectMethodHandleAccessor.invoke(DirectMethodHandleAccessor.java:103) ~[na:na]
	at java.base/java.lang.reflect.Method.invoke(Method.java:580) ~[na:na]
	at org.springframework.web.method.support.InvocableHandlerMethod.doInvoke(InvocableHandlerMethod.java:255) ~[spring-web-6.1.5.jar:6.1.5]
	at org.springframework.web.method.support.InvocableHandlerMethod.invokeForRequest(InvocableHandlerMethod.java:188) ~[spring-web-6.1.5.jar:6.1.5]
	at org.springframework.web.servlet.mvc.method.annotation.ServletInvocableHandlerMethod.invokeAndHandle(ServletInvocableHandlerMethod.java:118) ~[spring-webmvc-6.1.5.jar:6.1.5]
	at org.springframework.web.servlet.mvc.method.annotation.RequestMappingHandlerAdapter.invokeHandlerMethod(RequestMappingHandlerAdapter.java:925) ~[spring-webmvc-6.1.5.jar:6.1.5]
	at org.springframework.web.servlet.mvc.method.annotation.RequestMappingHandlerAdapter.handleInternal(RequestMappingHandlerAdapter.java:830) ~[spring-webmvc-6.1.5.jar:6.1.5]
	at org.springframework.web.servlet.mvc.method.AbstractHandlerMethodAdapter.handle(AbstractHandlerMethodAdapter.java:87) ~[spring-webmvc-6.1.5.jar:6.1.5]
	at org.springframework.web.servlet.DispatcherServlet.doDispatch(DispatcherServlet.java:1089) ~[spring-webmvc-6.1.5.jar:6.1.5]
	at org.springframework.web.servlet.DispatcherServlet.doService(DispatcherServlet.java:979) ~[spring-webmvc-6.1.5.jar:6.1.5]
	at org.springframework.web.servlet.FrameworkServlet.processRequest(FrameworkServlet.java:1014) ~[spring-webmvc-6.1.5.jar:6.1.5]
	at org.springframework.web.servlet.FrameworkServlet.doGet(FrameworkServlet.java:903) ~[spring-webmvc-6.1.5.jar:6.1.5]
	at jakarta.servlet.http.HttpServlet.service(HttpServlet.java:564) ~[tomcat-embed-core-10.1.19.jar:6.0]
	at org.springframework.web.servlet.FrameworkServlet.service(FrameworkServlet.java:885) ~[spring-webmvc-6.1.5.jar:6.1.5]
	at jakarta.servlet.http.HttpServlet.service(HttpServlet.java:658) ~[tomcat-embed-core-10.1.19.jar:6.0]
	at org.apache.catalina.core.ApplicationFilterChain.internalDoFilter(ApplicationFilterChain.java:205) ~[tomcat-embed-core-10.1.19.jar:10.1.19]
	at org.apache.catalina.core.ApplicationFilterChain.doFilter(ApplicationFilterChain.java:149) ~[tomcat-embed-core-10.1.19.jar:10.1.19]
	at org.apache.tomcat.websocket.server.WsFilter.doFilter(WsFilter.java:51) ~[tomcat-embed-websocket-10.1.19.jar:10.1.19]
	at org.apache.catalina.core.ApplicationFilterChain.internalDoFilter(ApplicationFilterChain.java:174) ~[tomcat-embed-core-10.1.19.jar:10.1.19]
	at org.apache.catalina.core.ApplicationFilterChain.doFilter(ApplicationFilterChain.java:149) ~[tomcat-embed-core-10.1.19.jar:10.1.19]
	at org.springframework.web.filter.RequestContextFilter.doFilterInternal(RequestContextFilter.java:100) ~[spring-web-6.1.5.jar:6.1.5]
	at org.springframework.web.filter.OncePerRequestFilter.doFilter(OncePerRequestFilter.java:116) ~[spring-web-6.1.5.jar:6.1.5]
	at org.apache.catalina.core.ApplicationFilterChain.internalDoFilter(ApplicationFilterChain.java:174) ~[tomcat-embed-core-10.1.19.jar:10.1.19]
	at org.apache.catalina.core.ApplicationFilterChain.doFilter(ApplicationFilterChain.java:149) ~[tomcat-embed-core-10.1.19.jar:10.1.19]
	at org.springframework.web.filter.FormContentFilter.doFilterInternal(FormContentFilter.java:93) ~[spring-web-6.1.5.jar:6.1.5]
	at org.springframework.web.filter.OncePerRequestFilter.doFilter(OncePerRequestFilter.java:116) ~[spring-web-6.1.5.jar:6.1.5]
	at org.apache.catalina.core.ApplicationFilterChain.internalDoFilter(ApplicationFilterChain.java:174) ~[tomcat-embed-core-10.1.19.jar:10.1.19]
	at org.apache.catalina.core.ApplicationFilterChain.doFilter(ApplicationFilterChain.java:149) ~[tomcat-embed-core-10.1.19.jar:10.1.19]
	at org.springframework.web.filter.CharacterEncodingFilter.doFilterInternal(CharacterEncodingFilter.java:201) ~[spring-web-6.1.5.jar:6.1.5]
	at org.springframework.web.filter.OncePerRequestFilter.doFilter(OncePerRequestFilter.java:116) ~[spring-web-6.1.5.jar:6.1.5]
	at org.apache.catalina.core.ApplicationFilterChain.internalDoFilter(ApplicationFilterChain.java:174) ~[tomcat-embed-core-10.1.19.jar:10.1.19]
	at org.apache.catalina.core.ApplicationFilterChain.doFilter(ApplicationFilterChain.java:149) ~[tomcat-embed-core-10.1.19.jar:10.1.19]
	at org.apache.catalina.core.StandardWrapperValve.invoke(StandardWrapperValve.java:167) ~[tomcat-embed-core-10.1.19.jar:10.1.19]
	at org.apache.catalina.core.StandardContextValve.invoke(StandardContextValve.java:90) ~[tomcat-embed-core-10.1.19.jar:10.1.19]
	at org.apache.catalina.authenticator.AuthenticatorBase.invoke(AuthenticatorBase.java:482) ~[tomcat-embed-core-10.1.19.jar:10.1.19]
	at org.apache.catalina.core.StandardHostValve.invoke(StandardHostValve.java:115) ~[tomcat-embed-core-10.1.19.jar:10.1.19]
	at org.apache.catalina.valves.ErrorReportValve.invoke(ErrorReportValve.java:93) ~[tomcat-embed-core-10.1.19.jar:10.1.19]
	at org.apache.catalina.core.StandardEngineValve.invoke(StandardEngineValve.java:74) ~[tomcat-embed-core-10.1.19.jar:10.1.19]
	at org.apache.catalina.connector.CoyoteAdapter.service(CoyoteAdapter.java:344) ~[tomcat-embed-core-10.1.19.jar:10.1.19]
	at org.apache.coyote.http11.Http11Processor.service(Http11Processor.java:391) ~[tomcat-embed-core-10.1.19.jar:10.1.19]
	at org.apache.coyote.AbstractProcessorLight.process(AbstractProcessorLight.java:63) ~[tomcat-embed-core-10.1.19.jar:10.1.19]
	at org.apache.coyote.AbstractProtocol$ConnectionHandler.process(AbstractProtocol.java:896) ~[tomcat-embed-core-10.1.19.jar:10.1.19]
	at org.apache.tomcat.util.net.NioEndpoint$SocketProcessor.doRun(NioEndpoint.java:1744) ~[tomcat-embed-core-10.1.19.jar:10.1.19]
	at org.apache.tomcat.util.net.SocketProcessorBase.run(SocketProcessorBase.java:52) ~[tomcat-embed-core-10.1.19.jar:10.1.19]
	at org.apache.tomcat.util.threads.ThreadPoolExecutor.runWorker(ThreadPoolExecutor.java:1191) ~[tomcat-embed-core-10.1.19.jar:10.1.19]
	at org.apache.tomcat.util.threads.ThreadPoolExecutor$Worker.run(ThreadPoolExecutor.java:659) ~[tomcat-embed-core-10.1.19.jar:10.1.19]
	at org.apache.tomcat.util.threads.TaskThread$WrappingRunnable.run(TaskThread.java:63) ~[tomcat-embed-core-10.1.19.jar:10.1.19]
	at java.base/java.lang.Thread.run(Thread.java:1575) ~[na:na]

2026-04-09T17:03:19.191+08:00  INFO 137720 --- [knowledgelink-trade] [org.springframework.amqp.rabbit.RabbitListenerEndpointContainer#0-2] o.s.a.r.l.SimpleMessageListenerContainer : Waiting for workers to finish.
2026-04-09T17:03:19.210+08:00  INFO 137720 --- [knowledgelink-trade] [org.springframework.amqp.rabbit.RabbitListenerEndpointContainer#1-2] o.s.a.r.l.SimpleMessageListenerContainer : Waiting for workers to finish.
2026-04-09T17:03:19.306+08:00  INFO 137720 --- [knowledgelink-trade] [org.springframework.amqp.rabbit.RabbitListenerEndpointContainer#0-2] o.s.a.r.l.SimpleMessageListenerContainer : Successfully waited for workers to finish.
2026-04-09T17:03:19.460+08:00  INFO 137720 --- [knowledgelink-trade] [org.springframework.amqp.rabbit.RabbitListenerEndpointContainer#1-2] o.s.a.r.l.SimpleMessageListenerContainer : Successfully waited for workers to finish.
2026-04-09T17:03:19.499+08:00  INFO 137720 --- [knowledgelink-trade] [SpringApplicationShutdownHook] com.zaxxer.hikari.HikariDataSource       : HikariPool-1 - Shutdown initiated...
2026-04-09T17:03:19.502+08:00  INFO 137720 --- [knowledgelink-trade] [SpringApplicationShutdownHook] com.zaxxer.hikari.HikariDataSource       : HikariPool-1 - Shutdown completed.
2026-04-09T17:03:33.261+08:00  INFO 147820 --- [knowledgelink-trade] [main] c.g.trade.KnowledgeLinkTradeApplication  : No active profile set, falling back to 1 default profile: "default"
2026-04-09T17:03:33.555+08:00  INFO 147820 --- [knowledgelink-trade] [main] .s.d.r.c.RepositoryConfigurationDelegate : Multiple Spring Data modules found, entering strict repository configuration mode
2026-04-09T17:03:33.555+08:00  INFO 147820 --- [knowledgelink-trade] [main] .s.d.r.c.RepositoryConfigurationDelegate : Bootstrapping Spring Data Redis repositories in DEFAULT mode.
2026-04-09T17:03:33.569+08:00  INFO 147820 --- [knowledgelink-trade] [main] .s.d.r.c.RepositoryConfigurationDelegate : Finished Spring Data repository scanning in 6 ms. Found 0 Redis repository interfaces.
2026-04-09T17:03:33.692+08:00  INFO 147820 --- [knowledgelink-trade] [main] o.s.cloud.context.scope.GenericScope     : BeanFactory id=72654a98-15b9-374f-b9aa-57a221285212
2026-04-09T17:03:33.778+08:00  WARN 147820 --- [knowledgelink-trade] [main] trationDelegate$BeanPostProcessorChecker : Bean 'org.springframework.cloud.client.loadbalancer.LoadBalancerAutoConfiguration$DeferringLoadBalancerInterceptorConfig' of type [org.springframework.cloud.client.loadbalancer.LoadBalancerAutoConfiguration$DeferringLoadBalancerInterceptorConfig] is not eligible for getting processed by all BeanPostProcessors (for example: not eligible for auto-proxying). The currently created BeanPostProcessor [lbRestClientPostProcessor] is declared through a non-static factory method on that class; consider declaring it as static instead.
2026-04-09T17:03:33.779+08:00  WARN 147820 --- [knowledgelink-trade] [main] trationDelegate$BeanPostProcessorChecker : Bean 'deferringLoadBalancerInterceptor' of type [org.springframework.cloud.client.loadbalancer.DeferringLoadBalancerInterceptor] is not eligible for getting processed by all BeanPostProcessors (for example: not eligible for auto-proxying). Is this bean getting eagerly injected into a currently created BeanPostProcessor [lbRestClientPostProcessor]? Check the corresponding BeanPostProcessor declaration and its dependencies.
2026-04-09T17:03:33.886+08:00  INFO 147820 --- [knowledgelink-trade] [main] o.s.b.w.embedded.tomcat.TomcatWebServer  : Tomcat initialized with port 8081 (http)
2026-04-09T17:03:33.892+08:00  INFO 147820 --- [knowledgelink-trade] [main] o.apache.catalina.core.StandardService   : Starting service [Tomcat]
2026-04-09T17:03:33.892+08:00  INFO 147820 --- [knowledgelink-trade] [main] o.apache.catalina.core.StandardEngine    : Starting Servlet engine: [Apache Tomcat/10.1.19]
2026-04-09T17:03:33.943+08:00  INFO 147820 --- [knowledgelink-trade] [main] o.a.c.c.C.[Tomcat].[localhost].[/trade]  : Initializing Spring embedded WebApplicationContext
2026-04-09T17:03:33.944+08:00  INFO 147820 --- [knowledgelink-trade] [main] w.s.c.ServletWebServerApplicationContext : Root WebApplicationContext: initialization completed in 669 ms
2026-04-09T17:03:34.493+08:00  INFO 147820 --- [knowledgelink-trade] [main] com.github.common.utils.CosUtil          : 腾讯云 COS 客户端初始化成功，Region: ap-nanjing
2026-04-09T17:03:34.554+08:00  INFO 147820 --- [knowledgelink-trade] [main] o.s.c.openfeign.FeignClientFactoryBean   : For 'knowledgelink-recommend' URL not provided. Will try picking an instance via load-balancing.
2026-04-09T17:03:35.010+08:00  WARN 147820 --- [knowledgelink-trade] [main] iguration$LoadBalancerCaffeineWarnLogger : Spring Cloud LoadBalancer is currently working with the default cache. While this cache implementation is useful for development and tests, it's recommended to use Caffeine cache in production.You can switch to using Caffeine cache, by adding it and org.springframework.cache.caffeine.CaffeineCacheManager to the classpath.
2026-04-09T17:03:35.058+08:00  INFO 147820 --- [knowledgelink-trade] [main] o.s.b.w.embedded.tomcat.TomcatWebServer  : Tomcat started on port 8081 (http) with context path '/trade'
2026-04-09T17:03:35.063+08:00  INFO 147820 --- [knowledgelink-trade] [main] o.s.a.r.c.CachingConnectionFactory       : Attempting to connect to: [175.27.129.187:5672]
2026-04-09T17:03:35.178+08:00  INFO 147820 --- [knowledgelink-trade] [main] o.s.a.r.c.CachingConnectionFactory       : Created new connection: rabbitConnectionFactory#49bc71b4:0/SimpleConnection@45302e66 [delegate=amqp://admin@175.27.129.187:5672/, localPort=61797]
2026-04-09T17:03:35.728+08:00  INFO 147820 --- [knowledgelink-trade] [main] c.g.trade.KnowledgeLinkTradeApplication  : Started KnowledgeLinkTradeApplication in 4.944 seconds (process running for 5.242)
2026-04-09T17:03:35.803+08:00  INFO 147820 --- [knowledgelink-trade] [main] c.github.trade.config.BookEsInitRunner   : book ES 索引初始化完成
2026-04-09T17:04:01.734+08:00  INFO 147820 --- [knowledgelink-trade] [http-nio-8081-exec-1] o.a.c.c.C.[Tomcat].[localhost].[/trade]  : Initializing Spring DispatcherServlet 'dispatcherServlet'
2026-04-09T17:04:01.735+08:00  INFO 147820 --- [knowledgelink-trade] [http-nio-8081-exec-1] o.s.web.servlet.DispatcherServlet        : Initializing Servlet 'dispatcherServlet'
2026-04-09T17:04:01.736+08:00  INFO 147820 --- [knowledgelink-trade] [http-nio-8081-exec-1] o.s.web.servlet.DispatcherServlet        : Completed initialization in 1 ms
2026-04-09T17:04:01.790+08:00  INFO 147820 --- [knowledgelink-trade] [http-nio-8081-exec-1] com.zaxxer.hikari.HikariDataSource       : HikariPool-1 - Starting...
2026-04-09T17:04:03.071+08:00  INFO 147820 --- [knowledgelink-trade] [http-nio-8081-exec-1] com.zaxxer.hikari.pool.HikariPool        : HikariPool-1 - Added connection com.mysql.cj.jdbc.ConnectionImpl@6b25c99d
2026-04-09T17:04:03.073+08:00  INFO 147820 --- [knowledgelink-trade] [http-nio-8081-exec-1] com.zaxxer.hikari.HikariDataSource       : HikariPool-1 - Start completed.
2026-04-09T17:04:03.077+08:00 DEBUG 147820 --- [knowledgelink-trade] [http-nio-8081-exec-1] c.g.t.m.ConsumerOrderMapper.selectList   : ==>  Preparing: SELECT id,user_id,seller_id,book_id,price,count,total_price,book_name,status,create_time,update_time,finished_time,address FROM order WHERE (user_id = ?) ORDER BY create_time DESC
2026-04-09T17:04:03.092+08:00 DEBUG 147820 --- [knowledgelink-trade] [http-nio-8081-exec-1] c.g.t.m.ConsumerOrderMapper.selectList   : ==> Parameters: 2042166632657182722(Long)
2026-04-09T17:04:03.191+08:00 ERROR 147820 --- [knowledgelink-trade] [http-nio-8081-exec-1] o.a.c.c.C.[.[.[.[dispatcherServlet]      : Servlet.service() for servlet [dispatcherServlet] in context with path [/trade] threw exception [Request processing failed: org.springframework.jdbc.BadSqlGrammarException: 
### Error querying database.  Cause: java.sql.SQLSyntaxErrorException: You have an error in your SQL syntax; check the manual that corresponds to your MySQL server version for the right syntax to use near 'order      WHERE  (user_id = 2042166632657182722) ORDER BY create_time DESC' at line 1
### The error may exist in com/github/trade/mapper/ConsumerOrderMapper.java (best guess)
### The error may involve defaultParameterMap
### The error occurred while setting parameters
### SQL: SELECT  id,user_id,seller_id,book_id,price,count,total_price,book_name,status,create_time,update_time,finished_time,address  FROM order      WHERE  (user_id = ?) ORDER BY create_time DESC
### Cause: java.sql.SQLSyntaxErrorException: You have an error in your SQL syntax; check the manual that corresponds to your MySQL server version for the right syntax to use near 'order      WHERE  (user_id = 2042166632657182722) ORDER BY create_time DESC' at line 1
; bad SQL grammar []] with root cause

java.sql.SQLSyntaxErrorException: You have an error in your SQL syntax; check the manual that corresponds to your MySQL server version for the right syntax to use near 'order      WHERE  (user_id = 2042166632657182722) ORDER BY create_time DESC' at line 1
	at com.mysql.cj.jdbc.exceptions.SQLError.createSQLException(SQLError.java:121) ~[mysql-connector-j-8.3.0.jar:8.3.0]
	at com.mysql.cj.jdbc.exceptions.SQLExceptionsMapping.translateException(SQLExceptionsMapping.java:122) ~[mysql-connector-j-8.3.0.jar:8.3.0]
	at com.mysql.cj.jdbc.ClientPreparedStatement.executeInternal(ClientPreparedStatement.java:912) ~[mysql-connector-j-8.3.0.jar:8.3.0]
	at com.mysql.cj.jdbc.ClientPreparedStatement.execute(ClientPreparedStatement.java:354) ~[mysql-connector-j-8.3.0.jar:8.3.0]
	at com.zaxxer.hikari.pool.ProxyPreparedStatement.execute(ProxyPreparedStatement.java:44) ~[HikariCP-5.0.1.jar:na]
	at com.zaxxer.hikari.pool.HikariProxyPreparedStatement.execute(HikariProxyPreparedStatement.java) ~[HikariCP-5.0.1.jar:na]
	at java.base/jdk.internal.reflect.DirectMethodHandleAccessor.invoke(DirectMethodHandleAccessor.java:103) ~[na:na]
	at java.base/java.lang.reflect.Method.invoke(Method.java:580) ~[na:na]
	at org.apache.ibatis.logging.jdbc.PreparedStatementLogger.invoke(PreparedStatementLogger.java:58) ~[mybatis-3.5.19.jar:3.5.19]
	at jdk.proxy3/jdk.proxy3.$Proxy114.execute(Unknown Source) ~[na:na]
	at org.apache.ibatis.executor.statement.PreparedStatementHandler.query(PreparedStatementHandler.java:65) ~[mybatis-3.5.19.jar:3.5.19]
	at org.apache.ibatis.executor.statement.RoutingStatementHandler.query(RoutingStatementHandler.java:80) ~[mybatis-3.5.19.jar:3.5.19]
	at org.apache.ibatis.executor.SimpleExecutor.doQuery(SimpleExecutor.java:65) ~[mybatis-3.5.19.jar:3.5.19]
	at org.apache.ibatis.executor.BaseExecutor.queryFromDatabase(BaseExecutor.java:336) ~[mybatis-3.5.19.jar:3.5.19]
	at org.apache.ibatis.executor.BaseExecutor.query(BaseExecutor.java:158) ~[mybatis-3.5.19.jar:3.5.19]
	at org.apache.ibatis.executor.CachingExecutor.query(CachingExecutor.java:110) ~[mybatis-3.5.19.jar:3.5.19]
	at org.apache.ibatis.executor.CachingExecutor.query(CachingExecutor.java:90) ~[mybatis-3.5.19.jar:3.5.19]
	at org.apache.ibatis.session.defaults.DefaultSqlSession.selectList(DefaultSqlSession.java:154) ~[mybatis-3.5.19.jar:3.5.19]
	at org.apache.ibatis.session.defaults.DefaultSqlSession.selectList(DefaultSqlSession.java:147) ~[mybatis-3.5.19.jar:3.5.19]
	at org.apache.ibatis.session.defaults.DefaultSqlSession.selectList(DefaultSqlSession.java:142) ~[mybatis-3.5.19.jar:3.5.19]
	at java.base/jdk.internal.reflect.DirectMethodHandleAccessor.invoke(DirectMethodHandleAccessor.java:103) ~[na:na]
	at java.base/java.lang.reflect.Method.invoke(Method.java:580) ~[na:na]
	at org.mybatis.spring.SqlSessionTemplate$SqlSessionInterceptor.invoke(SqlSessionTemplate.java:333) ~[mybatis-spring-3.0.4.jar:3.0.4]
	at jdk.proxy2/jdk.proxy2.$Proxy80.selectList(Unknown Source) ~[na:na]
	at org.mybatis.spring.SqlSessionTemplate.selectList(SqlSessionTemplate.java:194) ~[mybatis-spring-3.0.4.jar:3.0.4]
	at com.baomidou.mybatisplus.core.override.MybatisMapperMethod.executeForMany(MybatisMapperMethod.java:164) ~[mybatis-plus-core-3.5.10.1.jar:3.5.10.1]
	at com.baomidou.mybatisplus.core.override.MybatisMapperMethod.execute(MybatisMapperMethod.java:77) ~[mybatis-plus-core-3.5.10.1.jar:3.5.10.1]
	at com.baomidou.mybatisplus.core.override.MybatisMapperProxy$PlainMethodInvoker.invoke(MybatisMapperProxy.java:155) ~[mybatis-plus-core-3.5.10.1.jar:3.5.10.1]
	at com.baomidou.mybatisplus.core.override.MybatisMapperProxy.invoke(MybatisMapperProxy.java:92) ~[mybatis-plus-core-3.5.10.1.jar:3.5.10.1]
	at jdk.proxy2/jdk.proxy2.$Proxy101.selectList(Unknown Source) ~[na:na]
	at com.github.trade.service.impl.ConsumerOrderServiceImpl.getAllConsumerOrder(ConsumerOrderServiceImpl.java:254) ~[classes/:na]
	at java.base/jdk.internal.reflect.DirectMethodHandleAccessor.invoke(DirectMethodHandleAccessor.java:103) ~[na:na]
	at java.base/java.lang.reflect.Method.invoke(Method.java:580) ~[na:na]
	at org.springframework.aop.support.AopUtils.invokeJoinpointUsingReflection(AopUtils.java:351) ~[spring-aop-6.1.5.jar:6.1.5]
	at org.springframework.aop.framework.CglibAopProxy$DynamicAdvisedInterceptor.intercept(CglibAopProxy.java:713) ~[spring-aop-6.1.5.jar:6.1.5]
	at com.github.trade.service.impl.ConsumerOrderServiceImpl$$SpringCGLIB$$0.getAllConsumerOrder(<generated>) ~[classes/:na]
	at com.github.trade.controller.ConsumerOrderController.getAllConsumerOrder(ConsumerOrderController.java:58) ~[classes/:na]
	at java.base/jdk.internal.reflect.DirectMethodHandleAccessor.invoke(DirectMethodHandleAccessor.java:103) ~[na:na]
	at java.base/java.lang.reflect.Method.invoke(Method.java:580) ~[na:na]
	at org.springframework.web.method.support.InvocableHandlerMethod.doInvoke(InvocableHandlerMethod.java:255) ~[spring-web-6.1.5.jar:6.1.5]
	at org.springframework.web.method.support.InvocableHandlerMethod.invokeForRequest(InvocableHandlerMethod.java:188) ~[spring-web-6.1.5.jar:6.1.5]
	at org.springframework.web.servlet.mvc.method.annotation.ServletInvocableHandlerMethod.invokeAndHandle(ServletInvocableHandlerMethod.java:118) ~[spring-webmvc-6.1.5.jar:6.1.5]
	at org.springframework.web.servlet.mvc.method.annotation.RequestMappingHandlerAdapter.invokeHandlerMethod(RequestMappingHandlerAdapter.java:925) ~[spring-webmvc-6.1.5.jar:6.1.5]
	at org.springframework.web.servlet.mvc.method.annotation.RequestMappingHandlerAdapter.handleInternal(RequestMappingHandlerAdapter.java:830) ~[spring-webmvc-6.1.5.jar:6.1.5]
	at org.springframework.web.servlet.mvc.method.AbstractHandlerMethodAdapter.handle(AbstractHandlerMethodAdapter.java:87) ~[spring-webmvc-6.1.5.jar:6.1.5]
	at org.springframework.web.servlet.DispatcherServlet.doDispatch(DispatcherServlet.java:1089) ~[spring-webmvc-6.1.5.jar:6.1.5]
	at org.springframework.web.servlet.DispatcherServlet.doService(DispatcherServlet.java:979) ~[spring-webmvc-6.1.5.jar:6.1.5]
	at org.springframework.web.servlet.FrameworkServlet.processRequest(FrameworkServlet.java:1014) ~[spring-webmvc-6.1.5.jar:6.1.5]
	at org.springframework.web.servlet.FrameworkServlet.doGet(FrameworkServlet.java:903) ~[spring-webmvc-6.1.5.jar:6.1.5]
	at jakarta.servlet.http.HttpServlet.service(HttpServlet.java:564) ~[tomcat-embed-core-10.1.19.jar:6.0]
	at org.springframework.web.servlet.FrameworkServlet.service(FrameworkServlet.java:885) ~[spring-webmvc-6.1.5.jar:6.1.5]
	at jakarta.servlet.http.HttpServlet.service(HttpServlet.java:658) ~[tomcat-embed-core-10.1.19.jar:6.0]
	at org.apache.catalina.core.ApplicationFilterChain.internalDoFilter(ApplicationFilterChain.java:205) ~[tomcat-embed-core-10.1.19.jar:10.1.19]
	at org.apache.catalina.core.ApplicationFilterChain.doFilter(ApplicationFilterChain.java:149) ~[tomcat-embed-core-10.1.19.jar:10.1.19]
	at org.apache.tomcat.websocket.server.WsFilter.doFilter(WsFilter.java:51) ~[tomcat-embed-websocket-10.1.19.jar:10.1.19]
	at org.apache.catalina.core.ApplicationFilterChain.internalDoFilter(ApplicationFilterChain.java:174) ~[tomcat-embed-core-10.1.19.jar:10.1.19]
	at org.apache.catalina.core.ApplicationFilterChain.doFilter(ApplicationFilterChain.java:149) ~[tomcat-embed-core-10.1.19.jar:10.1.19]
	at org.springframework.web.filter.RequestContextFilter.doFilterInternal(RequestContextFilter.java:100) ~[spring-web-6.1.5.jar:6.1.5]
	at org.springframework.web.filter.OncePerRequestFilter.doFilter(OncePerRequestFilter.java:116) ~[spring-web-6.1.5.jar:6.1.5]
	at org.apache.catalina.core.ApplicationFilterChain.internalDoFilter(ApplicationFilterChain.java:174) ~[tomcat-embed-core-10.1.19.jar:10.1.19]
	at org.apache.catalina.core.ApplicationFilterChain.doFilter(ApplicationFilterChain.java:149) ~[tomcat-embed-core-10.1.19.jar:10.1.19]
	at org.springframework.web.filter.FormContentFilter.doFilterInternal(FormContentFilter.java:93) ~[spring-web-6.1.5.jar:6.1.5]
	at org.springframework.web.filter.OncePerRequestFilter.doFilter(OncePerRequestFilter.java:116) ~[spring-web-6.1.5.jar:6.1.5]
	at org.apache.catalina.core.ApplicationFilterChain.internalDoFilter(ApplicationFilterChain.java:174) ~[tomcat-embed-core-10.1.19.jar:10.1.19]
	at org.apache.catalina.core.ApplicationFilterChain.doFilter(ApplicationFilterChain.java:149) ~[tomcat-embed-core-10.1.19.jar:10.1.19]
	at org.springframework.web.filter.CharacterEncodingFilter.doFilterInternal(CharacterEncodingFilter.java:201) ~[spring-web-6.1.5.jar:6.1.5]
	at org.springframework.web.filter.OncePerRequestFilter.doFilter(OncePerRequestFilter.java:116) ~[spring-web-6.1.5.jar:6.1.5]
	at org.apache.catalina.core.ApplicationFilterChain.internalDoFilter(ApplicationFilterChain.java:174) ~[tomcat-embed-core-10.1.19.jar:10.1.19]
	at org.apache.catalina.core.ApplicationFilterChain.doFilter(ApplicationFilterChain.java:149) ~[tomcat-embed-core-10.1.19.jar:10.1.19]
	at org.apache.catalina.core.StandardWrapperValve.invoke(StandardWrapperValve.java:167) ~[tomcat-embed-core-10.1.19.jar:10.1.19]
	at org.apache.catalina.core.StandardContextValve.invoke(StandardContextValve.java:90) ~[tomcat-embed-core-10.1.19.jar:10.1.19]
	at org.apache.catalina.authenticator.AuthenticatorBase.invoke(AuthenticatorBase.java:482) ~[tomcat-embed-core-10.1.19.jar:10.1.19]
	at org.apache.catalina.core.StandardHostValve.invoke(StandardHostValve.java:115) ~[tomcat-embed-core-10.1.19.jar:10.1.19]
	at org.apache.catalina.valves.ErrorReportValve.invoke(ErrorReportValve.java:93) ~[tomcat-embed-core-10.1.19.jar:10.1.19]
	at org.apache.catalina.core.StandardEngineValve.invoke(StandardEngineValve.java:74) ~[tomcat-embed-core-10.1.19.jar:10.1.19]
	at org.apache.catalina.connector.CoyoteAdapter.service(CoyoteAdapter.java:344) ~[tomcat-embed-core-10.1.19.jar:10.1.19]
	at org.apache.coyote.http11.Http11Processor.service(Http11Processor.java:391) ~[tomcat-embed-core-10.1.19.jar:10.1.19]
	at org.apache.coyote.AbstractProcessorLight.process(AbstractProcessorLight.java:63) ~[tomcat-embed-core-10.1.19.jar:10.1.19]
	at org.apache.coyote.AbstractProtocol$ConnectionHandler.process(AbstractProtocol.java:896) ~[tomcat-embed-core-10.1.19.jar:10.1.19]
	at org.apache.tomcat.util.net.NioEndpoint$SocketProcessor.doRun(NioEndpoint.java:1744) ~[tomcat-embed-core-10.1.19.jar:10.1.19]
	at org.apache.tomcat.util.net.SocketProcessorBase.run(SocketProcessorBase.java:52) ~[tomcat-embed-core-10.1.19.jar:10.1.19]
	at org.apache.tomcat.util.threads.ThreadPoolExecutor.runWorker(ThreadPoolExecutor.java:1191) ~[tomcat-embed-core-10.1.19.jar:10.1.19]
	at org.apache.tomcat.util.threads.ThreadPoolExecutor$Worker.run(ThreadPoolExecutor.java:659) ~[tomcat-embed-core-10.1.19.jar:10.1.19]
	at org.apache.tomcat.util.threads.TaskThread$WrappingRunnable.run(TaskThread.java:63) ~[tomcat-embed-core-10.1.19.jar:10.1.19]
	at java.base/java.lang.Thread.run(Thread.java:1575) ~[na:na]

2026-04-09T17:04:03.370+08:00 DEBUG 147820 --- [knowledgelink-trade] [http-nio-8081-exec-2] c.g.t.m.SellerOrderMapper.selectList     : ==>  Preparing: SELECT id,user_id,seller_id,book_id,price,count,total_price,book_name,status,create_time,update_time,finished_time,address FROM order WHERE (seller_id = ?) ORDER BY create_time DESC
2026-04-09T17:04:03.370+08:00 DEBUG 147820 --- [knowledgelink-trade] [http-nio-8081-exec-2] c.g.t.m.SellerOrderMapper.selectList     : ==> Parameters: 2042166632657182722(Long)
2026-04-09T17:04:03.393+08:00 ERROR 147820 --- [knowledgelink-trade] [http-nio-8081-exec-2] o.a.c.c.C.[.[.[.[dispatcherServlet]      : Servlet.service() for servlet [dispatcherServlet] in context with path [/trade] threw exception [Request processing failed: org.springframework.jdbc.BadSqlGrammarException: 
### Error querying database.  Cause: java.sql.SQLSyntaxErrorException: You have an error in your SQL syntax; check the manual that corresponds to your MySQL server version for the right syntax to use near 'order      WHERE  (seller_id = 2042166632657182722) ORDER BY create_time DESC' at line 1
### The error may exist in com/github/trade/mapper/SellerOrderMapper.java (best guess)
### The error may involve defaultParameterMap
### The error occurred while setting parameters
### SQL: SELECT  id,user_id,seller_id,book_id,price,count,total_price,book_name,status,create_time,update_time,finished_time,address  FROM order      WHERE  (seller_id = ?) ORDER BY create_time DESC
### Cause: java.sql.SQLSyntaxErrorException: You have an error in your SQL syntax; check the manual that corresponds to your MySQL server version for the right syntax to use near 'order      WHERE  (seller_id = 2042166632657182722) ORDER BY create_time DESC' at line 1
; bad SQL grammar []] with root cause

java.sql.SQLSyntaxErrorException: You have an error in your SQL syntax; check the manual that corresponds to your MySQL server version for the right syntax to use near 'order      WHERE  (seller_id = 2042166632657182722) ORDER BY create_time DESC' at line 1
	at com.mysql.cj.jdbc.exceptions.SQLError.createSQLException(SQLError.java:121) ~[mysql-connector-j-8.3.0.jar:8.3.0]
	at com.mysql.cj.jdbc.exceptions.SQLExceptionsMapping.translateException(SQLExceptionsMapping.java:122) ~[mysql-connector-j-8.3.0.jar:8.3.0]
	at com.mysql.cj.jdbc.ClientPreparedStatement.executeInternal(ClientPreparedStatement.java:912) ~[mysql-connector-j-8.3.0.jar:8.3.0]
	at com.mysql.cj.jdbc.ClientPreparedStatement.execute(ClientPreparedStatement.java:354) ~[mysql-connector-j-8.3.0.jar:8.3.0]
	at com.zaxxer.hikari.pool.ProxyPreparedStatement.execute(ProxyPreparedStatement.java:44) ~[HikariCP-5.0.1.jar:na]
	at com.zaxxer.hikari.pool.HikariProxyPreparedStatement.execute(HikariProxyPreparedStatement.java) ~[HikariCP-5.0.1.jar:na]
	at java.base/jdk.internal.reflect.DirectMethodHandleAccessor.invoke(DirectMethodHandleAccessor.java:103) ~[na:na]
	at java.base/java.lang.reflect.Method.invoke(Method.java:580) ~[na:na]
	at org.apache.ibatis.logging.jdbc.PreparedStatementLogger.invoke(PreparedStatementLogger.java:58) ~[mybatis-3.5.19.jar:3.5.19]
	at jdk.proxy3/jdk.proxy3.$Proxy114.execute(Unknown Source) ~[na:na]
	at org.apache.ibatis.executor.statement.PreparedStatementHandler.query(PreparedStatementHandler.java:65) ~[mybatis-3.5.19.jar:3.5.19]
	at org.apache.ibatis.executor.statement.RoutingStatementHandler.query(RoutingStatementHandler.java:80) ~[mybatis-3.5.19.jar:3.5.19]
	at org.apache.ibatis.executor.SimpleExecutor.doQuery(SimpleExecutor.java:65) ~[mybatis-3.5.19.jar:3.5.19]
	at org.apache.ibatis.executor.BaseExecutor.queryFromDatabase(BaseExecutor.java:336) ~[mybatis-3.5.19.jar:3.5.19]
	at org.apache.ibatis.executor.BaseExecutor.query(BaseExecutor.java:158) ~[mybatis-3.5.19.jar:3.5.19]
	at org.apache.ibatis.executor.CachingExecutor.query(CachingExecutor.java:110) ~[mybatis-3.5.19.jar:3.5.19]
	at org.apache.ibatis.executor.CachingExecutor.query(CachingExecutor.java:90) ~[mybatis-3.5.19.jar:3.5.19]
	at org.apache.ibatis.session.defaults.DefaultSqlSession.selectList(DefaultSqlSession.java:154) ~[mybatis-3.5.19.jar:3.5.19]
	at org.apache.ibatis.session.defaults.DefaultSqlSession.selectList(DefaultSqlSession.java:147) ~[mybatis-3.5.19.jar:3.5.19]
	at org.apache.ibatis.session.defaults.DefaultSqlSession.selectList(DefaultSqlSession.java:142) ~[mybatis-3.5.19.jar:3.5.19]
	at java.base/jdk.internal.reflect.DirectMethodHandleAccessor.invoke(DirectMethodHandleAccessor.java:103) ~[na:na]
	at java.base/java.lang.reflect.Method.invoke(Method.java:580) ~[na:na]
	at org.mybatis.spring.SqlSessionTemplate$SqlSessionInterceptor.invoke(SqlSessionTemplate.java:333) ~[mybatis-spring-3.0.4.jar:3.0.4]
	at jdk.proxy2/jdk.proxy2.$Proxy80.selectList(Unknown Source) ~[na:na]
	at org.mybatis.spring.SqlSessionTemplate.selectList(SqlSessionTemplate.java:194) ~[mybatis-spring-3.0.4.jar:3.0.4]
	at com.baomidou.mybatisplus.core.override.MybatisMapperMethod.executeForMany(MybatisMapperMethod.java:164) ~[mybatis-plus-core-3.5.10.1.jar:3.5.10.1]
	at com.baomidou.mybatisplus.core.override.MybatisMapperMethod.execute(MybatisMapperMethod.java:77) ~[mybatis-plus-core-3.5.10.1.jar:3.5.10.1]
	at com.baomidou.mybatisplus.core.override.MybatisMapperProxy$PlainMethodInvoker.invoke(MybatisMapperProxy.java:155) ~[mybatis-plus-core-3.5.10.1.jar:3.5.10.1]
	at com.baomidou.mybatisplus.core.override.MybatisMapperProxy.invoke(MybatisMapperProxy.java:92) ~[mybatis-plus-core-3.5.10.1.jar:3.5.10.1]
	at jdk.proxy2/jdk.proxy2.$Proxy104.selectList(Unknown Source) ~[na:na]
	at com.github.trade.service.impl.SellerOrderServiceImpl.getAllSellerOrder(SellerOrderServiceImpl.java:81) ~[classes/:na]
	at java.base/jdk.internal.reflect.DirectMethodHandleAccessor.invoke(DirectMethodHandleAccessor.java:103) ~[na:na]
	at java.base/java.lang.reflect.Method.invoke(Method.java:580) ~[na:na]
	at org.springframework.aop.support.AopUtils.invokeJoinpointUsingReflection(AopUtils.java:351) ~[spring-aop-6.1.5.jar:6.1.5]
	at org.springframework.aop.framework.CglibAopProxy$DynamicAdvisedInterceptor.intercept(CglibAopProxy.java:713) ~[spring-aop-6.1.5.jar:6.1.5]
	at com.github.trade.service.impl.SellerOrderServiceImpl$$SpringCGLIB$$0.getAllSellerOrder(<generated>) ~[classes/:na]
	at com.github.trade.controller.SellerOrderController.getAllSellerOrder(SellerOrderController.java:29) ~[classes/:na]
	at java.base/jdk.internal.reflect.DirectMethodHandleAccessor.invoke(DirectMethodHandleAccessor.java:103) ~[na:na]
	at java.base/java.lang.reflect.Method.invoke(Method.java:580) ~[na:na]
	at org.springframework.web.method.support.InvocableHandlerMethod.doInvoke(InvocableHandlerMethod.java:255) ~[spring-web-6.1.5.jar:6.1.5]
	at org.springframework.web.method.support.InvocableHandlerMethod.invokeForRequest(InvocableHandlerMethod.java:188) ~[spring-web-6.1.5.jar:6.1.5]
	at org.springframework.web.servlet.mvc.method.annotation.ServletInvocableHandlerMethod.invokeAndHandle(ServletInvocableHandlerMethod.java:118) ~[spring-webmvc-6.1.5.jar:6.1.5]
	at org.springframework.web.servlet.mvc.method.annotation.RequestMappingHandlerAdapter.invokeHandlerMethod(RequestMappingHandlerAdapter.java:925) ~[spring-webmvc-6.1.5.jar:6.1.5]
	at org.springframework.web.servlet.mvc.method.annotation.RequestMappingHandlerAdapter.handleInternal(RequestMappingHandlerAdapter.java:830) ~[spring-webmvc-6.1.5.jar:6.1.5]
	at org.springframework.web.servlet.mvc.method.AbstractHandlerMethodAdapter.handle(AbstractHandlerMethodAdapter.java:87) ~[spring-webmvc-6.1.5.jar:6.1.5]
	at org.springframework.web.servlet.DispatcherServlet.doDispatch(DispatcherServlet.java:1089) ~[spring-webmvc-6.1.5.jar:6.1.5]
	at org.springframework.web.servlet.DispatcherServlet.doService(DispatcherServlet.java:979) ~[spring-webmvc-6.1.5.jar:6.1.5]
	at org.springframework.web.servlet.FrameworkServlet.processRequest(FrameworkServlet.java:1014) ~[spring-webmvc-6.1.5.jar:6.1.5]
	at org.springframework.web.servlet.FrameworkServlet.doGet(FrameworkServlet.java:903) ~[spring-webmvc-6.1.5.jar:6.1.5]
	at jakarta.servlet.http.HttpServlet.service(HttpServlet.java:564) ~[tomcat-embed-core-10.1.19.jar:6.0]
	at org.springframework.web.servlet.FrameworkServlet.service(FrameworkServlet.java:885) ~[spring-webmvc-6.1.5.jar:6.1.5]
	at jakarta.servlet.http.HttpServlet.service(HttpServlet.java:658) ~[tomcat-embed-core-10.1.19.jar:6.0]
	at org.apache.catalina.core.ApplicationFilterChain.internalDoFilter(ApplicationFilterChain.java:205) ~[tomcat-embed-core-10.1.19.jar:10.1.19]
	at org.apache.catalina.core.ApplicationFilterChain.doFilter(ApplicationFilterChain.java:149) ~[tomcat-embed-core-10.1.19.jar:10.1.19]
	at org.apache.tomcat.websocket.server.WsFilter.doFilter(WsFilter.java:51) ~[tomcat-embed-websocket-10.1.19.jar:10.1.19]
	at org.apache.catalina.core.ApplicationFilterChain.internalDoFilter(ApplicationFilterChain.java:174) ~[tomcat-embed-core-10.1.19.jar:10.1.19]
	at org.apache.catalina.core.ApplicationFilterChain.doFilter(ApplicationFilterChain.java:149) ~[tomcat-embed-core-10.1.19.jar:10.1.19]
	at org.springframework.web.filter.RequestContextFilter.doFilterInternal(RequestContextFilter.java:100) ~[spring-web-6.1.5.jar:6.1.5]
	at org.springframework.web.filter.OncePerRequestFilter.doFilter(OncePerRequestFilter.java:116) ~[spring-web-6.1.5.jar:6.1.5]
	at org.apache.catalina.core.ApplicationFilterChain.internalDoFilter(ApplicationFilterChain.java:174) ~[tomcat-embed-core-10.1.19.jar:10.1.19]
	at org.apache.catalina.core.ApplicationFilterChain.doFilter(ApplicationFilterChain.java:149) ~[tomcat-embed-core-10.1.19.jar:10.1.19]
	at org.springframework.web.filter.FormContentFilter.doFilterInternal(FormContentFilter.java:93) ~[spring-web-6.1.5.jar:6.1.5]
	at org.springframework.web.filter.OncePerRequestFilter.doFilter(OncePerRequestFilter.java:116) ~[spring-web-6.1.5.jar:6.1.5]
	at org.apache.catalina.core.ApplicationFilterChain.internalDoFilter(ApplicationFilterChain.java:174) ~[tomcat-embed-core-10.1.19.jar:10.1.19]
	at org.apache.catalina.core.ApplicationFilterChain.doFilter(ApplicationFilterChain.java:149) ~[tomcat-embed-core-10.1.19.jar:10.1.19]
	at org.springframework.web.filter.CharacterEncodingFilter.doFilterInternal(CharacterEncodingFilter.java:201) ~[spring-web-6.1.5.jar:6.1.5]
	at org.springframework.web.filter.OncePerRequestFilter.doFilter(OncePerRequestFilter.java:116) ~[spring-web-6.1.5.jar:6.1.5]
	at org.apache.catalina.core.ApplicationFilterChain.internalDoFilter(ApplicationFilterChain.java:174) ~[tomcat-embed-core-10.1.19.jar:10.1.19]
	at org.apache.catalina.core.ApplicationFilterChain.doFilter(ApplicationFilterChain.java:149) ~[tomcat-embed-core-10.1.19.jar:10.1.19]
	at org.apache.catalina.core.StandardWrapperValve.invoke(StandardWrapperValve.java:167) ~[tomcat-embed-core-10.1.19.jar:10.1.19]
	at org.apache.catalina.core.StandardContextValve.invoke(StandardContextValve.java:90) ~[tomcat-embed-core-10.1.19.jar:10.1.19]
	at org.apache.catalina.authenticator.AuthenticatorBase.invoke(AuthenticatorBase.java:482) ~[tomcat-embed-core-10.1.19.jar:10.1.19]
	at org.apache.catalina.core.StandardHostValve.invoke(StandardHostValve.java:115) ~[tomcat-embed-core-10.1.19.jar:10.1.19]
	at org.apache.catalina.valves.ErrorReportValve.invoke(ErrorReportValve.java:93) ~[tomcat-embed-core-10.1.19.jar:10.1.19]
	at org.apache.catalina.core.StandardEngineValve.invoke(StandardEngineValve.java:74) ~[tomcat-embed-core-10.1.19.jar:10.1.19]
	at org.apache.catalina.connector.CoyoteAdapter.service(CoyoteAdapter.java:344) ~[tomcat-embed-core-10.1.19.jar:10.1.19]
	at org.apache.coyote.http11.Http11Processor.service(Http11Processor.java:391) ~[tomcat-embed-core-10.1.19.jar:10.1.19]
	at org.apache.coyote.AbstractProcessorLight.process(AbstractProcessorLight.java:63) ~[tomcat-embed-core-10.1.19.jar:10.1.19]
	at org.apache.coyote.AbstractProtocol$ConnectionHandler.process(AbstractProtocol.java:896) ~[tomcat-embed-core-10.1.19.jar:10.1.19]
	at org.apache.tomcat.util.net.NioEndpoint$SocketProcessor.doRun(NioEndpoint.java:1744) ~[tomcat-embed-core-10.1.19.jar:10.1.19]
	at org.apache.tomcat.util.net.SocketProcessorBase.run(SocketProcessorBase.java:52) ~[tomcat-embed-core-10.1.19.jar:10.1.19]
	at org.apache.tomcat.util.threads.ThreadPoolExecutor.runWorker(ThreadPoolExecutor.java:1191) ~[tomcat-embed-core-10.1.19.jar:10.1.19]
	at org.apache.tomcat.util.threads.ThreadPoolExecutor$Worker.run(ThreadPoolExecutor.java:659) ~[tomcat-embed-core-10.1.19.jar:10.1.19]
	at org.apache.tomcat.util.threads.TaskThread$WrappingRunnable.run(TaskThread.java:63) ~[tomcat-embed-core-10.1.19.jar:10.1.19]
	at java.base/java.lang.Thread.run(Thread.java:1575) ~[na:na]

2026-04-09T17:05:03.548+08:00  INFO 147820 --- [knowledgelink-trade] [org.springframework.amqp.rabbit.RabbitListenerEndpointContainer#0-2] o.s.a.r.l.SimpleMessageListenerContainer : Waiting for workers to finish.
2026-04-09T17:05:03.571+08:00  INFO 147820 --- [knowledgelink-trade] [org.springframework.amqp.rabbit.RabbitListenerEndpointContainer#1-2] o.s.a.r.l.SimpleMessageListenerContainer : Waiting for workers to finish.
2026-04-09T17:05:04.249+08:00  INFO 147820 --- [knowledgelink-trade] [org.springframework.amqp.rabbit.RabbitListenerEndpointContainer#0-2] o.s.a.r.l.SimpleMessageListenerContainer : Successfully waited for workers to finish.
2026-04-09T17:05:04.405+08:00  INFO 147820 --- [knowledgelink-trade] [org.springframework.amqp.rabbit.RabbitListenerEndpointContainer#1-2] o.s.a.r.l.SimpleMessageListenerContainer : Successfully waited for workers to finish.
2026-04-09T17:05:04.444+08:00  INFO 147820 --- [knowledgelink-trade] [SpringApplicationShutdownHook] com.zaxxer.hikari.HikariDataSource       : HikariPool-1 - Shutdown initiated...
2026-04-09T17:05:04.448+08:00  INFO 147820 --- [knowledgelink-trade] [SpringApplicationShutdownHook] com.zaxxer.hikari.HikariDataSource       : HikariPool-1 - Shutdown completed.
2026-04-09T17:05:17.194+08:00  INFO 149420 --- [knowledgelink-trade] [main] c.g.trade.KnowledgeLinkTradeApplication  : No active profile set, falling back to 1 default profile: "default"
2026-04-09T17:05:17.490+08:00  INFO 149420 --- [knowledgelink-trade] [main] .s.d.r.c.RepositoryConfigurationDelegate : Multiple Spring Data modules found, entering strict repository configuration mode
2026-04-09T17:05:17.498+08:00  INFO 149420 --- [knowledgelink-trade] [main] .s.d.r.c.RepositoryConfigurationDelegate : Bootstrapping Spring Data Redis repositories in DEFAULT mode.
2026-04-09T17:05:17.511+08:00  INFO 149420 --- [knowledgelink-trade] [main] .s.d.r.c.RepositoryConfigurationDelegate : Finished Spring Data repository scanning in 6 ms. Found 0 Redis repository interfaces.
2026-04-09T17:05:17.636+08:00  INFO 149420 --- [knowledgelink-trade] [main] o.s.cloud.context.scope.GenericScope     : BeanFactory id=72654a98-15b9-374f-b9aa-57a221285212
2026-04-09T17:05:17.721+08:00  WARN 149420 --- [knowledgelink-trade] [main] trationDelegate$BeanPostProcessorChecker : Bean 'org.springframework.cloud.client.loadbalancer.LoadBalancerAutoConfiguration$DeferringLoadBalancerInterceptorConfig' of type [org.springframework.cloud.client.loadbalancer.LoadBalancerAutoConfiguration$DeferringLoadBalancerInterceptorConfig] is not eligible for getting processed by all BeanPostProcessors (for example: not eligible for auto-proxying). The currently created BeanPostProcessor [lbRestClientPostProcessor] is declared through a non-static factory method on that class; consider declaring it as static instead.
2026-04-09T17:05:17.722+08:00  WARN 149420 --- [knowledgelink-trade] [main] trationDelegate$BeanPostProcessorChecker : Bean 'deferringLoadBalancerInterceptor' of type [org.springframework.cloud.client.loadbalancer.DeferringLoadBalancerInterceptor] is not eligible for getting processed by all BeanPostProcessors (for example: not eligible for auto-proxying). Is this bean getting eagerly injected into a currently created BeanPostProcessor [lbRestClientPostProcessor]? Check the corresponding BeanPostProcessor declaration and its dependencies.
2026-04-09T17:05:17.826+08:00  INFO 149420 --- [knowledgelink-trade] [main] o.s.b.w.embedded.tomcat.TomcatWebServer  : Tomcat initialized with port 8081 (http)
2026-04-09T17:05:17.833+08:00  INFO 149420 --- [knowledgelink-trade] [main] o.apache.catalina.core.StandardService   : Starting service [Tomcat]
2026-04-09T17:05:17.833+08:00  INFO 149420 --- [knowledgelink-trade] [main] o.apache.catalina.core.StandardEngine    : Starting Servlet engine: [Apache Tomcat/10.1.19]
2026-04-09T17:05:17.884+08:00  INFO 149420 --- [knowledgelink-trade] [main] o.a.c.c.C.[Tomcat].[localhost].[/trade]  : Initializing Spring embedded WebApplicationContext
2026-04-09T17:05:17.884+08:00  INFO 149420 --- [knowledgelink-trade] [main] w.s.c.ServletWebServerApplicationContext : Root WebApplicationContext: initialization completed in 677 ms
2026-04-09T17:05:18.418+08:00  INFO 149420 --- [knowledgelink-trade] [main] com.github.common.utils.CosUtil          : 腾讯云 COS 客户端初始化成功，Region: ap-nanjing
2026-04-09T17:05:18.472+08:00  INFO 149420 --- [knowledgelink-trade] [main] o.s.c.openfeign.FeignClientFactoryBean   : For 'knowledgelink-recommend' URL not provided. Will try picking an instance via load-balancing.
2026-04-09T17:05:18.874+08:00  WARN 149420 --- [knowledgelink-trade] [main] iguration$LoadBalancerCaffeineWarnLogger : Spring Cloud LoadBalancer is currently working with the default cache. While this cache implementation is useful for development and tests, it's recommended to use Caffeine cache in production.You can switch to using Caffeine cache, by adding it and org.springframework.cache.caffeine.CaffeineCacheManager to the classpath.
2026-04-09T17:05:18.918+08:00  INFO 149420 --- [knowledgelink-trade] [main] o.s.b.w.embedded.tomcat.TomcatWebServer  : Tomcat started on port 8081 (http) with context path '/trade'
2026-04-09T17:05:18.923+08:00  INFO 149420 --- [knowledgelink-trade] [main] o.s.a.r.c.CachingConnectionFactory       : Attempting to connect to: [175.27.129.187:5672]
2026-04-09T17:05:19.037+08:00  INFO 149420 --- [knowledgelink-trade] [main] o.s.a.r.c.CachingConnectionFactory       : Created new connection: rabbitConnectionFactory#49bc71b4:0/SimpleConnection@45302e66 [delegate=amqp://admin@175.27.129.187:5672/, localPort=63368]
2026-04-09T17:05:19.590+08:00  INFO 149420 --- [knowledgelink-trade] [main] c.g.trade.KnowledgeLinkTradeApplication  : Started KnowledgeLinkTradeApplication in 4.884 seconds (process running for 5.173)
2026-04-09T17:05:19.672+08:00  INFO 149420 --- [knowledgelink-trade] [main] c.github.trade.config.BookEsInitRunner   : book ES 索引初始化完成
2026-04-09T17:05:37.778+08:00  INFO 149420 --- [knowledgelink-trade] [http-nio-8081-exec-1] o.a.c.c.C.[Tomcat].[localhost].[/trade]  : Initializing Spring DispatcherServlet 'dispatcherServlet'
2026-04-09T17:05:37.778+08:00  INFO 149420 --- [knowledgelink-trade] [http-nio-8081-exec-1] o.s.web.servlet.DispatcherServlet        : Initializing Servlet 'dispatcherServlet'
2026-04-09T17:05:37.778+08:00  INFO 149420 --- [knowledgelink-trade] [http-nio-8081-exec-1] o.s.web.servlet.DispatcherServlet        : Completed initialization in 0 ms
2026-04-09T17:05:37.838+08:00  INFO 149420 --- [knowledgelink-trade] [http-nio-8081-exec-1] com.zaxxer.hikari.HikariDataSource       : HikariPool-1 - Starting...
2026-04-09T17:05:38.129+08:00  INFO 149420 --- [knowledgelink-trade] [http-nio-8081-exec-1] com.zaxxer.hikari.pool.HikariPool        : HikariPool-1 - Added connection com.mysql.cj.jdbc.ConnectionImpl@6b25c99d
2026-04-09T17:05:38.129+08:00  INFO 149420 --- [knowledgelink-trade] [http-nio-8081-exec-1] com.zaxxer.hikari.HikariDataSource       : HikariPool-1 - Start completed.
2026-04-09T17:05:38.136+08:00 DEBUG 149420 --- [knowledgelink-trade] [http-nio-8081-exec-1] c.g.t.m.ConsumerOrderMapper.selectList   : ==>  Preparing: SELECT id,user_id,seller_id,book_id,price,count,total_price,book_name,status,create_time,update_time,finished_time,address FROM order WHERE (user_id = ?) ORDER BY create_time DESC
2026-04-09T17:05:38.152+08:00 DEBUG 149420 --- [knowledgelink-trade] [http-nio-8081-exec-1] c.g.t.m.ConsumerOrderMapper.selectList   : ==> Parameters: 2042167035461361665(Long)
2026-04-09T17:05:38.360+08:00 DEBUG 149420 --- [knowledgelink-trade] [http-nio-8081-exec-5] c.g.t.m.SellerOrderMapper.selectList     : ==>  Preparing: SELECT id,user_id,seller_id,book_id,price,count,total_price,book_name,status,create_time,update_time,finished_time,address FROM order WHERE (seller_id = ?) ORDER BY create_time DESC
2026-04-09T17:05:38.360+08:00 DEBUG 149420 --- [knowledgelink-trade] [http-nio-8081-exec-5] c.g.t.m.SellerOrderMapper.selectList     : ==> Parameters: 2042167035461361665(Long)
2026-04-09T17:12:42.685+08:00  WARN 149420 --- [knowledgelink-trade] [http-nio-8081-exec-4] o.s.c.l.core.RoundRobinLoadBalancer      : No servers available for service: knowledgelink-recommend
2026-04-09T17:12:42.688+08:00  WARN 149420 --- [knowledgelink-trade] [http-nio-8081-exec-4] RetryableFeignBlockingLoadBalancerClient : Service instance was not resolved, executing the original request
2026-04-09T17:12:43.947+08:00  WARN 149420 --- [knowledgelink-trade] [http-nio-8081-exec-4] o.s.c.l.core.RoundRobinLoadBalancer      : No servers available for service: knowledgelink-recommend
2026-04-09T17:12:43.947+08:00  WARN 149420 --- [knowledgelink-trade] [http-nio-8081-exec-4] RetryableFeignBlockingLoadBalancerClient : Service instance was not resolved, executing the original request
2026-04-09T17:12:48.962+08:00  WARN 149420 --- [knowledgelink-trade] [http-nio-8081-exec-4] com.zaxxer.hikari.pool.PoolBase          : HikariPool-1 - Failed to validate connection com.mysql.cj.jdbc.ConnectionImpl@6b25c99d (No operations allowed after connection closed.). Possibly consider using a shorter maxLifetime value.
2026-04-09T17:12:53.972+08:00  WARN 149420 --- [knowledgelink-trade] [http-nio-8081-exec-4] com.zaxxer.hikari.pool.PoolBase          : HikariPool-1 - Failed to validate connection com.mysql.cj.jdbc.ConnectionImpl@2558787d (No operations allowed after connection closed.). Possibly consider using a shorter maxLifetime value.
2026-04-09T17:12:58.983+08:00  WARN 149420 --- [knowledgelink-trade] [http-nio-8081-exec-4] com.zaxxer.hikari.pool.PoolBase          : HikariPool-1 - Failed to validate connection com.mysql.cj.jdbc.ConnectionImpl@2dbba1c2 (No operations allowed after connection closed.). Possibly consider using a shorter maxLifetime value.
2026-04-09T17:13:03.987+08:00  WARN 149420 --- [knowledgelink-trade] [http-nio-8081-exec-4] com.zaxxer.hikari.pool.PoolBase          : HikariPool-1 - Failed to validate connection com.mysql.cj.jdbc.ConnectionImpl@20940249 (No operations allowed after connection closed.). Possibly consider using a shorter maxLifetime value.
2026-04-09T17:13:09.001+08:00  WARN 149420 --- [knowledgelink-trade] [http-nio-8081-exec-4] com.zaxxer.hikari.pool.PoolBase          : HikariPool-1 - Failed to validate connection com.mysql.cj.jdbc.ConnectionImpl@3f6bab58 (No operations allowed after connection closed.). Possibly consider using a shorter maxLifetime value.
2026-04-09T17:13:14.004+08:00  WARN 149420 --- [knowledgelink-trade] [http-nio-8081-exec-4] com.zaxxer.hikari.pool.PoolBase          : HikariPool-1 - Failed to validate connection com.mysql.cj.jdbc.ConnectionImpl@3181cd26 (No operations allowed after connection closed.). Possibly consider using a shorter maxLifetime value.
2026-04-09T17:13:19.084+08:00  WARN 149420 --- [knowledgelink-trade] [http-nio-8081-exec-2] com.zaxxer.hikari.pool.PoolBase          : HikariPool-1 - Failed to validate connection com.mysql.cj.jdbc.ConnectionImpl@1932cd7c (No operations allowed after connection closed.). Possibly consider using a shorter maxLifetime value.
2026-04-09T17:13:24.093+08:00  WARN 149420 --- [knowledgelink-trade] [http-nio-8081-exec-2] com.zaxxer.hikari.pool.PoolBase          : HikariPool-1 - Failed to validate connection com.mysql.cj.jdbc.ConnectionImpl@5c69b596 (No operations allowed after connection closed.). Possibly consider using a shorter maxLifetime value.
2026-04-09T17:13:29.102+08:00  WARN 149420 --- [knowledgelink-trade] [http-nio-8081-exec-2] com.zaxxer.hikari.pool.PoolBase          : HikariPool-1 - Failed to validate connection com.mysql.cj.jdbc.ConnectionImpl@508f45bd (No operations allowed after connection closed.). Possibly consider using a shorter maxLifetime value.
2026-04-09T17:13:34.113+08:00  WARN 149420 --- [knowledgelink-trade] [http-nio-8081-exec-2] com.zaxxer.hikari.pool.PoolBase          : HikariPool-1 - Failed to validate connection com.mysql.cj.jdbc.ConnectionImpl@5d3855bc (No operations allowed after connection closed.). Possibly consider using a shorter maxLifetime value.
2026-04-09T17:13:34.133+08:00 DEBUG 149420 --- [knowledgelink-trade] [http-nio-8081-exec-2] c.g.trade.mapper.CartMapper.selectList   : ==>  Preparing: SELECT id,user_id,book_id,count,create_time,update_time,inventory FROM shopping_car WHERE (user_id = ?)
2026-04-09T17:13:34.134+08:00 DEBUG 149420 --- [knowledgelink-trade] [http-nio-8081-exec-2] c.g.trade.mapper.CartMapper.selectList   : ==> Parameters: 2042168817570799618(Long)
2026-04-09T17:13:34.172+08:00 DEBUG 149420 --- [knowledgelink-trade] [http-nio-8081-exec-2] c.g.trade.mapper.CartMapper.selectList   : <==      Total: 0
2026-04-09T17:13:34.247+08:00 DEBUG 149420 --- [knowledgelink-trade] [http-nio-8081-exec-6] c.g.t.m.UserAddressMapper.selectList     : ==>  Preparing: SELECT id,user_id,receiver_name,receiver_phone,province,city,district,detail_address,is_default,create_time,update_time FROM user_address WHERE (user_id = ?) ORDER BY is_default DESC,update_time DESC
2026-04-09T17:13:34.248+08:00 DEBUG 149420 --- [knowledgelink-trade] [http-nio-8081-exec-6] c.g.t.m.UserAddressMapper.selectList     : ==> Parameters: 2042168817570799618(Long)
2026-04-09T17:13:34.273+08:00 DEBUG 149420 --- [knowledgelink-trade] [http-nio-8081-exec-6] c.g.t.m.UserAddressMapper.selectList     : <==      Total: 0
2026-04-09T17:13:34.345+08:00 DEBUG 149420 --- [knowledgelink-trade] [http-nio-8081-exec-7] c.g.t.m.ConsumerOrderMapper.selectList   : ==>  Preparing: SELECT id,user_id,seller_id,book_id,price,count,total_price,book_name,status,create_time,update_time,finished_time,address FROM order WHERE (user_id = ?) ORDER BY create_time DESC
2026-04-09T17:13:34.345+08:00 DEBUG 149420 --- [knowledgelink-trade] [http-nio-8081-exec-7] c.g.t.m.ConsumerOrderMapper.selectList   : ==> Parameters: 2042168817570799618(Long)
2026-04-09T17:13:34.441+08:00 DEBUG 149420 --- [knowledgelink-trade] [http-nio-8081-exec-8] c.g.t.m.SellerOrderMapper.selectList     : ==>  Preparing: SELECT id,user_id,seller_id,book_id,price,count,total_price,book_name,status,create_time,update_time,finished_time,address FROM order WHERE (seller_id = ?) ORDER BY create_time DESC
2026-04-09T17:13:34.441+08:00 DEBUG 149420 --- [knowledgelink-trade] [http-nio-8081-exec-8] c.g.t.m.SellerOrderMapper.selectList     : ==> Parameters: 2042168817570799618(Long)
2026-04-09T19:50:26.344+08:00  INFO 154208 --- [knowledgelink-trade] [main] c.g.trade.KnowledgeLinkTradeApplication  : No active profile set, falling back to 1 default profile: "default"
2026-04-09T19:50:26.703+08:00  INFO 154208 --- [knowledgelink-trade] [main] .s.d.r.c.RepositoryConfigurationDelegate : Multiple Spring Data modules found, entering strict repository configuration mode
2026-04-09T19:50:26.704+08:00  INFO 154208 --- [knowledgelink-trade] [main] .s.d.r.c.RepositoryConfigurationDelegate : Bootstrapping Spring Data Redis repositories in DEFAULT mode.
2026-04-09T19:50:26.719+08:00  INFO 154208 --- [knowledgelink-trade] [main] .s.d.r.c.RepositoryConfigurationDelegate : Finished Spring Data repository scanning in 7 ms. Found 0 Redis repository interfaces.
2026-04-09T19:50:26.867+08:00  INFO 154208 --- [knowledgelink-trade] [main] o.s.cloud.context.scope.GenericScope     : BeanFactory id=72654a98-15b9-374f-b9aa-57a221285212
2026-04-09T19:50:26.971+08:00  WARN 154208 --- [knowledgelink-trade] [main] trationDelegate$BeanPostProcessorChecker : Bean 'org.springframework.cloud.client.loadbalancer.LoadBalancerAutoConfiguration$DeferringLoadBalancerInterceptorConfig' of type [org.springframework.cloud.client.loadbalancer.LoadBalancerAutoConfiguration$DeferringLoadBalancerInterceptorConfig] is not eligible for getting processed by all BeanPostProcessors (for example: not eligible for auto-proxying). The currently created BeanPostProcessor [lbRestClientPostProcessor] is declared through a non-static factory method on that class; consider declaring it as static instead.
2026-04-09T19:50:26.972+08:00  WARN 154208 --- [knowledgelink-trade] [main] trationDelegate$BeanPostProcessorChecker : Bean 'deferringLoadBalancerInterceptor' of type [org.springframework.cloud.client.loadbalancer.DeferringLoadBalancerInterceptor] is not eligible for getting processed by all BeanPostProcessors (for example: not eligible for auto-proxying). Is this bean getting eagerly injected into a currently created BeanPostProcessor [lbRestClientPostProcessor]? Check the corresponding BeanPostProcessor declaration and its dependencies.
2026-04-09T19:50:27.104+08:00  INFO 154208 --- [knowledgelink-trade] [main] o.s.b.w.embedded.tomcat.TomcatWebServer  : Tomcat initialized with port 8081 (http)
2026-04-09T19:50:27.112+08:00  INFO 154208 --- [knowledgelink-trade] [main] o.apache.catalina.core.StandardService   : Starting service [Tomcat]
2026-04-09T19:50:27.112+08:00  INFO 154208 --- [knowledgelink-trade] [main] o.apache.catalina.core.StandardEngine    : Starting Servlet engine: [Apache Tomcat/10.1.19]
2026-04-09T19:50:27.164+08:00  INFO 154208 --- [knowledgelink-trade] [main] o.a.c.c.C.[Tomcat].[localhost].[/trade]  : Initializing Spring embedded WebApplicationContext
2026-04-09T19:50:27.166+08:00  INFO 154208 --- [knowledgelink-trade] [main] w.s.c.ServletWebServerApplicationContext : Root WebApplicationContext: initialization completed in 801 ms
2026-04-09T19:50:27.932+08:00  INFO 154208 --- [knowledgelink-trade] [main] com.github.common.utils.CosUtil          : 腾讯云 COS 客户端初始化成功，Region: ap-nanjing
2026-04-09T19:50:28.023+08:00  INFO 154208 --- [knowledgelink-trade] [main] o.s.c.openfeign.FeignClientFactoryBean   : For 'knowledgelink-recommend' URL not provided. Will try picking an instance via load-balancing.
2026-04-09T19:50:28.631+08:00  WARN 154208 --- [knowledgelink-trade] [main] iguration$LoadBalancerCaffeineWarnLogger : Spring Cloud LoadBalancer is currently working with the default cache. While this cache implementation is useful for development and tests, it's recommended to use Caffeine cache in production.You can switch to using Caffeine cache, by adding it and org.springframework.cache.caffeine.CaffeineCacheManager to the classpath.
2026-04-09T19:50:28.689+08:00  INFO 154208 --- [knowledgelink-trade] [main] o.s.b.w.embedded.tomcat.TomcatWebServer  : Tomcat started on port 8081 (http) with context path '/trade'
2026-04-09T19:50:28.696+08:00  INFO 154208 --- [knowledgelink-trade] [main] o.s.a.r.c.CachingConnectionFactory       : Attempting to connect to: [175.27.129.187:5672]
2026-04-09T19:50:28.893+08:00  INFO 154208 --- [knowledgelink-trade] [main] o.s.a.r.c.CachingConnectionFactory       : Created new connection: rabbitConnectionFactory#49bc71b4:0/SimpleConnection@45302e66 [delegate=amqp://admin@175.27.129.187:5672/, localPort=52720]
2026-04-09T19:50:29.577+08:00  INFO 154208 --- [knowledgelink-trade] [main] c.g.trade.KnowledgeLinkTradeApplication  : Started KnowledgeLinkTradeApplication in 5.723 seconds (process running for 6.037)
2026-04-09T19:50:29.687+08:00  INFO 154208 --- [knowledgelink-trade] [main] c.github.trade.config.BookEsInitRunner   : book ES 索引初始化完成
2026-04-09T19:54:20.226+08:00  INFO 289584 --- [knowledgelink-trade] [main] c.g.trade.KnowledgeLinkTradeApplication  : No active profile set, falling back to 1 default profile: "default"
2026-04-09T19:54:20.606+08:00  INFO 289584 --- [knowledgelink-trade] [main] .s.d.r.c.RepositoryConfigurationDelegate : Multiple Spring Data modules found, entering strict repository configuration mode
2026-04-09T19:54:20.607+08:00  INFO 289584 --- [knowledgelink-trade] [main] .s.d.r.c.RepositoryConfigurationDelegate : Bootstrapping Spring Data Redis repositories in DEFAULT mode.
2026-04-09T19:54:20.624+08:00  INFO 289584 --- [knowledgelink-trade] [main] .s.d.r.c.RepositoryConfigurationDelegate : Finished Spring Data repository scanning in 9 ms. Found 0 Redis repository interfaces.
2026-04-09T19:54:20.785+08:00  INFO 289584 --- [knowledgelink-trade] [main] o.s.cloud.context.scope.GenericScope     : BeanFactory id=72654a98-15b9-374f-b9aa-57a221285212
2026-04-09T19:54:20.903+08:00  WARN 289584 --- [knowledgelink-trade] [main] trationDelegate$BeanPostProcessorChecker : Bean 'org.springframework.cloud.client.loadbalancer.LoadBalancerAutoConfiguration$DeferringLoadBalancerInterceptorConfig' of type [org.springframework.cloud.client.loadbalancer.LoadBalancerAutoConfiguration$DeferringLoadBalancerInterceptorConfig] is not eligible for getting processed by all BeanPostProcessors (for example: not eligible for auto-proxying). The currently created BeanPostProcessor [lbRestClientPostProcessor] is declared through a non-static factory method on that class; consider declaring it as static instead.
2026-04-09T19:54:20.904+08:00  WARN 289584 --- [knowledgelink-trade] [main] trationDelegate$BeanPostProcessorChecker : Bean 'deferringLoadBalancerInterceptor' of type [org.springframework.cloud.client.loadbalancer.DeferringLoadBalancerInterceptor] is not eligible for getting processed by all BeanPostProcessors (for example: not eligible for auto-proxying). Is this bean getting eagerly injected into a currently created BeanPostProcessor [lbRestClientPostProcessor]? Check the corresponding BeanPostProcessor declaration and its dependencies.
2026-04-09T19:54:21.051+08:00  INFO 289584 --- [knowledgelink-trade] [main] o.s.b.w.embedded.tomcat.TomcatWebServer  : Tomcat initialized with port 8081 (http)
2026-04-09T19:54:21.058+08:00  INFO 289584 --- [knowledgelink-trade] [main] o.apache.catalina.core.StandardService   : Starting service [Tomcat]
2026-04-09T19:54:21.058+08:00  INFO 289584 --- [knowledgelink-trade] [main] o.apache.catalina.core.StandardEngine    : Starting Servlet engine: [Apache Tomcat/10.1.19]
2026-04-09T19:54:21.117+08:00  INFO 289584 --- [knowledgelink-trade] [main] o.a.c.c.C.[Tomcat].[localhost].[/trade]  : Initializing Spring embedded WebApplicationContext
2026-04-09T19:54:21.119+08:00  INFO 289584 --- [knowledgelink-trade] [main] w.s.c.ServletWebServerApplicationContext : Root WebApplicationContext: initialization completed in 874 ms
2026-04-09T19:54:21.857+08:00  INFO 289584 --- [knowledgelink-trade] [main] com.github.common.utils.CosUtil          : 腾讯云 COS 客户端初始化成功，Region: ap-nanjing
2026-04-09T19:54:21.937+08:00  INFO 289584 --- [knowledgelink-trade] [main] o.s.c.openfeign.FeignClientFactoryBean   : For 'knowledgelink-recommend' URL not provided. Will try picking an instance via load-balancing.
2026-04-09T19:54:22.529+08:00  WARN 289584 --- [knowledgelink-trade] [main] iguration$LoadBalancerCaffeineWarnLogger : Spring Cloud LoadBalancer is currently working with the default cache. While this cache implementation is useful for development and tests, it's recommended to use Caffeine cache in production.You can switch to using Caffeine cache, by adding it and org.springframework.cache.caffeine.CaffeineCacheManager to the classpath.
2026-04-09T19:54:22.591+08:00  INFO 289584 --- [knowledgelink-trade] [main] o.s.b.w.embedded.tomcat.TomcatWebServer  : Tomcat started on port 8081 (http) with context path '/trade'
2026-04-09T19:54:22.598+08:00  INFO 289584 --- [knowledgelink-trade] [main] o.s.a.r.c.CachingConnectionFactory       : Attempting to connect to: [175.27.129.187:5672]
2026-04-09T19:54:22.702+08:00  INFO 289584 --- [knowledgelink-trade] [main] o.s.a.r.c.CachingConnectionFactory       : Created new connection: rabbitConnectionFactory#49bc71b4:0/SimpleConnection@45302e66 [delegate=amqp://admin@175.27.129.187:5672/, localPort=62940]
2026-04-09T19:54:23.217+08:00  INFO 289584 --- [knowledgelink-trade] [main] c.g.trade.KnowledgeLinkTradeApplication  : Started KnowledgeLinkTradeApplication in 5.493 seconds (process running for 5.81)
2026-04-09T19:54:23.322+08:00  INFO 289584 --- [knowledgelink-trade] [main] c.github.trade.config.BookEsInitRunner   : book ES 索引初始化完成
2026-04-09T20:27:35.803+08:00  INFO 314764 --- [knowledgelink-trade] [main] c.g.trade.KnowledgeLinkTradeApplication  : No active profile set, falling back to 1 default profile: "default"
2026-04-09T20:27:36.176+08:00  INFO 314764 --- [knowledgelink-trade] [main] .s.d.r.c.RepositoryConfigurationDelegate : Multiple Spring Data modules found, entering strict repository configuration mode
2026-04-09T20:27:36.178+08:00  INFO 314764 --- [knowledgelink-trade] [main] .s.d.r.c.RepositoryConfigurationDelegate : Bootstrapping Spring Data Redis repositories in DEFAULT mode.
2026-04-09T20:27:36.197+08:00  INFO 314764 --- [knowledgelink-trade] [main] .s.d.r.c.RepositoryConfigurationDelegate : Finished Spring Data repository scanning in 9 ms. Found 0 Redis repository interfaces.
2026-04-09T20:27:36.344+08:00  INFO 314764 --- [knowledgelink-trade] [main] o.s.cloud.context.scope.GenericScope     : BeanFactory id=72654a98-15b9-374f-b9aa-57a221285212
2026-04-09T20:27:36.451+08:00  WARN 314764 --- [knowledgelink-trade] [main] trationDelegate$BeanPostProcessorChecker : Bean 'org.springframework.cloud.client.loadbalancer.LoadBalancerAutoConfiguration$DeferringLoadBalancerInterceptorConfig' of type [org.springframework.cloud.client.loadbalancer.LoadBalancerAutoConfiguration$DeferringLoadBalancerInterceptorConfig] is not eligible for getting processed by all BeanPostProcessors (for example: not eligible for auto-proxying). The currently created BeanPostProcessor [lbRestClientPostProcessor] is declared through a non-static factory method on that class; consider declaring it as static instead.
2026-04-09T20:27:36.453+08:00  WARN 314764 --- [knowledgelink-trade] [main] trationDelegate$BeanPostProcessorChecker : Bean 'deferringLoadBalancerInterceptor' of type [org.springframework.cloud.client.loadbalancer.DeferringLoadBalancerInterceptor] is not eligible for getting processed by all BeanPostProcessors (for example: not eligible for auto-proxying). Is this bean getting eagerly injected into a currently created BeanPostProcessor [lbRestClientPostProcessor]? Check the corresponding BeanPostProcessor declaration and its dependencies.
2026-04-09T20:27:36.602+08:00  INFO 314764 --- [knowledgelink-trade] [main] o.s.b.w.embedded.tomcat.TomcatWebServer  : Tomcat initialized with port 8082 (http)
2026-04-09T20:27:36.610+08:00  INFO 314764 --- [knowledgelink-trade] [main] o.apache.catalina.core.StandardService   : Starting service [Tomcat]
2026-04-09T20:27:36.611+08:00  INFO 314764 --- [knowledgelink-trade] [main] o.apache.catalina.core.StandardEngine    : Starting Servlet engine: [Apache Tomcat/10.1.19]
2026-04-09T20:27:36.660+08:00  INFO 314764 --- [knowledgelink-trade] [main] o.a.c.c.C.[Tomcat].[localhost].[/trade]  : Initializing Spring embedded WebApplicationContext
2026-04-09T20:27:36.660+08:00  INFO 314764 --- [knowledgelink-trade] [main] w.s.c.ServletWebServerApplicationContext : Root WebApplicationContext: initialization completed in 843 ms
2026-04-09T20:27:37.439+08:00  INFO 314764 --- [knowledgelink-trade] [main] com.github.common.utils.CosUtil          : 腾讯云 COS 客户端初始化成功，Region: ap-nanjing
2026-04-09T20:27:38.137+08:00  WARN 314764 --- [knowledgelink-trade] [main] iguration$LoadBalancerCaffeineWarnLogger : Spring Cloud LoadBalancer is currently working with the default cache. While this cache implementation is useful for development and tests, it's recommended to use Caffeine cache in production.You can switch to using Caffeine cache, by adding it and org.springframework.cache.caffeine.CaffeineCacheManager to the classpath.
2026-04-09T20:27:38.181+08:00  WARN 314764 --- [knowledgelink-trade] [main] ConfigServletWebServerApplicationContext : Exception encountered during context initialization - cancelling refresh attempt: org.springframework.context.ApplicationContextException: Failed to start bean 'webServerStartStop'
2026-04-09T20:27:38.191+08:00  INFO 314764 --- [knowledgelink-trade] [main] o.apache.catalina.core.StandardService   : Stopping service [Tomcat]
2026-04-09T20:27:38.199+08:00  INFO 314764 --- [knowledgelink-trade] [main] .s.b.a.l.ConditionEvaluationReportLogger : 

Error starting ApplicationContext. To display the condition evaluation report re-run your application with 'debug' enabled.
2026-04-09T20:27:38.210+08:00 ERROR 314764 --- [knowledgelink-trade] [main] o.s.b.d.LoggingFailureAnalysisReporter   : 

***************************
APPLICATION FAILED TO START
***************************

Description:

Web server failed to start. Port 8082 was already in use.

Action:

Identify and stop the process that's listening on port 8082 or configure this application to listen on another port.

2026-04-09T20:30:11.869+08:00  INFO 319708 --- [knowledgelink-trade] [main] c.g.trade.KnowledgeLinkTradeApplication  : No active profile set, falling back to 1 default profile: "default"
2026-04-09T20:30:12.222+08:00  INFO 319708 --- [knowledgelink-trade] [main] .s.d.r.c.RepositoryConfigurationDelegate : Multiple Spring Data modules found, entering strict repository configuration mode
2026-04-09T20:30:12.224+08:00  INFO 319708 --- [knowledgelink-trade] [main] .s.d.r.c.RepositoryConfigurationDelegate : Bootstrapping Spring Data Redis repositories in DEFAULT mode.
2026-04-09T20:30:12.239+08:00  INFO 319708 --- [knowledgelink-trade] [main] .s.d.r.c.RepositoryConfigurationDelegate : Finished Spring Data repository scanning in 8 ms. Found 0 Redis repository interfaces.
2026-04-09T20:30:12.390+08:00  INFO 319708 --- [knowledgelink-trade] [main] o.s.cloud.context.scope.GenericScope     : BeanFactory id=72654a98-15b9-374f-b9aa-57a221285212
2026-04-09T20:30:12.501+08:00  WARN 319708 --- [knowledgelink-trade] [main] trationDelegate$BeanPostProcessorChecker : Bean 'org.springframework.cloud.client.loadbalancer.LoadBalancerAutoConfiguration$DeferringLoadBalancerInterceptorConfig' of type [org.springframework.cloud.client.loadbalancer.LoadBalancerAutoConfiguration$DeferringLoadBalancerInterceptorConfig] is not eligible for getting processed by all BeanPostProcessors (for example: not eligible for auto-proxying). The currently created BeanPostProcessor [lbRestClientPostProcessor] is declared through a non-static factory method on that class; consider declaring it as static instead.
2026-04-09T20:30:12.503+08:00  WARN 319708 --- [knowledgelink-trade] [main] trationDelegate$BeanPostProcessorChecker : Bean 'deferringLoadBalancerInterceptor' of type [org.springframework.cloud.client.loadbalancer.DeferringLoadBalancerInterceptor] is not eligible for getting processed by all BeanPostProcessors (for example: not eligible for auto-proxying). Is this bean getting eagerly injected into a currently created BeanPostProcessor [lbRestClientPostProcessor]? Check the corresponding BeanPostProcessor declaration and its dependencies.
2026-04-09T20:30:12.653+08:00  INFO 319708 --- [knowledgelink-trade] [main] o.s.b.w.embedded.tomcat.TomcatWebServer  : Tomcat initialized with port 8082 (http)
2026-04-09T20:30:12.662+08:00  INFO 319708 --- [knowledgelink-trade] [main] o.apache.catalina.core.StandardService   : Starting service [Tomcat]
2026-04-09T20:30:12.662+08:00  INFO 319708 --- [knowledgelink-trade] [main] o.apache.catalina.core.StandardEngine    : Starting Servlet engine: [Apache Tomcat/10.1.19]
2026-04-09T20:30:12.720+08:00  INFO 319708 --- [knowledgelink-trade] [main] o.a.c.c.C.[Tomcat].[localhost].[/trade]  : Initializing Spring embedded WebApplicationContext
2026-04-09T20:30:12.722+08:00  INFO 319708 --- [knowledgelink-trade] [main] w.s.c.ServletWebServerApplicationContext : Root WebApplicationContext: initialization completed in 837 ms
2026-04-09T20:30:13.481+08:00  INFO 319708 --- [knowledgelink-trade] [main] com.github.common.utils.CosUtil          : 腾讯云 COS 客户端初始化成功，Region: ap-nanjing
2026-04-09T20:30:14.155+08:00  WARN 319708 --- [knowledgelink-trade] [main] iguration$LoadBalancerCaffeineWarnLogger : Spring Cloud LoadBalancer is currently working with the default cache. While this cache implementation is useful for development and tests, it's recommended to use Caffeine cache in production.You can switch to using Caffeine cache, by adding it and org.springframework.cache.caffeine.CaffeineCacheManager to the classpath.
2026-04-09T20:30:14.199+08:00  WARN 319708 --- [knowledgelink-trade] [main] ConfigServletWebServerApplicationContext : Exception encountered during context initialization - cancelling refresh attempt: org.springframework.context.ApplicationContextException: Failed to start bean 'webServerStartStop'
2026-04-09T20:30:14.210+08:00  INFO 319708 --- [knowledgelink-trade] [main] o.apache.catalina.core.StandardService   : Stopping service [Tomcat]
2026-04-09T20:30:14.220+08:00  INFO 319708 --- [knowledgelink-trade] [main] .s.b.a.l.ConditionEvaluationReportLogger : 

Error starting ApplicationContext. To display the condition evaluation report re-run your application with 'debug' enabled.
2026-04-09T20:30:14.232+08:00 ERROR 319708 --- [knowledgelink-trade] [main] o.s.b.d.LoggingFailureAnalysisReporter   : 

***************************
APPLICATION FAILED TO START
***************************

Description:

Web server failed to start. Port 8082 was already in use.

Action:

Identify and stop the process that's listening on port 8082 or configure this application to listen on another port.

2026-04-09T20:31:41.362+08:00  INFO 319132 --- [knowledgelink-trade] [main] c.g.trade.KnowledgeLinkTradeApplication  : No active profile set, falling back to 1 default profile: "default"
2026-04-09T20:31:41.725+08:00  INFO 319132 --- [knowledgelink-trade] [main] .s.d.r.c.RepositoryConfigurationDelegate : Multiple Spring Data modules found, entering strict repository configuration mode
2026-04-09T20:31:41.727+08:00  INFO 319132 --- [knowledgelink-trade] [main] .s.d.r.c.RepositoryConfigurationDelegate : Bootstrapping Spring Data Redis repositories in DEFAULT mode.
2026-04-09T20:31:41.743+08:00  INFO 319132 --- [knowledgelink-trade] [main] .s.d.r.c.RepositoryConfigurationDelegate : Finished Spring Data repository scanning in 9 ms. Found 0 Redis repository interfaces.
2026-04-09T20:31:41.900+08:00  INFO 319132 --- [knowledgelink-trade] [main] o.s.cloud.context.scope.GenericScope     : BeanFactory id=72654a98-15b9-374f-b9aa-57a221285212
2026-04-09T20:31:42.009+08:00  WARN 319132 --- [knowledgelink-trade] [main] trationDelegate$BeanPostProcessorChecker : Bean 'org.springframework.cloud.client.loadbalancer.LoadBalancerAutoConfiguration$DeferringLoadBalancerInterceptorConfig' of type [org.springframework.cloud.client.loadbalancer.LoadBalancerAutoConfiguration$DeferringLoadBalancerInterceptorConfig] is not eligible for getting processed by all BeanPostProcessors (for example: not eligible for auto-proxying). The currently created BeanPostProcessor [lbRestClientPostProcessor] is declared through a non-static factory method on that class; consider declaring it as static instead.
2026-04-09T20:31:42.010+08:00  WARN 319132 --- [knowledgelink-trade] [main] trationDelegate$BeanPostProcessorChecker : Bean 'deferringLoadBalancerInterceptor' of type [org.springframework.cloud.client.loadbalancer.DeferringLoadBalancerInterceptor] is not eligible for getting processed by all BeanPostProcessors (for example: not eligible for auto-proxying). Is this bean getting eagerly injected into a currently created BeanPostProcessor [lbRestClientPostProcessor]? Check the corresponding BeanPostProcessor declaration and its dependencies.
2026-04-09T20:31:42.152+08:00  INFO 319132 --- [knowledgelink-trade] [main] o.s.b.w.embedded.tomcat.TomcatWebServer  : Tomcat initialized with port 8082 (http)
2026-04-09T20:31:42.159+08:00  INFO 319132 --- [knowledgelink-trade] [main] o.apache.catalina.core.StandardService   : Starting service [Tomcat]
2026-04-09T20:31:42.159+08:00  INFO 319132 --- [knowledgelink-trade] [main] o.apache.catalina.core.StandardEngine    : Starting Servlet engine: [Apache Tomcat/10.1.19]
2026-04-09T20:31:42.216+08:00  INFO 319132 --- [knowledgelink-trade] [main] o.a.c.c.C.[Tomcat].[localhost].[/trade]  : Initializing Spring embedded WebApplicationContext
2026-04-09T20:31:42.217+08:00  INFO 319132 --- [knowledgelink-trade] [main] w.s.c.ServletWebServerApplicationContext : Root WebApplicationContext: initialization completed in 838 ms
2026-04-09T20:31:42.963+08:00  INFO 319132 --- [knowledgelink-trade] [main] com.github.common.utils.CosUtil          : 腾讯云 COS 客户端初始化成功，Region: ap-nanjing
2026-04-09T20:31:43.635+08:00  WARN 319132 --- [knowledgelink-trade] [main] iguration$LoadBalancerCaffeineWarnLogger : Spring Cloud LoadBalancer is currently working with the default cache. While this cache implementation is useful for development and tests, it's recommended to use Caffeine cache in production.You can switch to using Caffeine cache, by adding it and org.springframework.cache.caffeine.CaffeineCacheManager to the classpath.
2026-04-09T20:31:43.692+08:00  INFO 319132 --- [knowledgelink-trade] [main] o.s.b.w.embedded.tomcat.TomcatWebServer  : Tomcat started on port 8082 (http) with context path '/trade'
2026-04-09T20:31:43.698+08:00  INFO 319132 --- [knowledgelink-trade] [main] o.s.a.r.c.CachingConnectionFactory       : Attempting to connect to: [175.27.129.187:5672]
2026-04-09T20:31:43.812+08:00  INFO 319132 --- [knowledgelink-trade] [main] o.s.a.r.c.CachingConnectionFactory       : Created new connection: rabbitConnectionFactory#70f5f57d:0/SimpleConnection@f26cd76 [delegate=amqp://admin@175.27.129.187:5672/, localPort=63849]
2026-04-09T20:31:44.319+08:00  INFO 319132 --- [knowledgelink-trade] [main] c.g.trade.KnowledgeLinkTradeApplication  : Started KnowledgeLinkTradeApplication in 5.458 seconds (process running for 5.766)
2026-04-09T20:31:44.396+08:00  INFO 319132 --- [knowledgelink-trade] [main] c.github.trade.config.BookEsInitRunner   : book ES 索引初始化完成
2026-04-09T20:39:25.968+08:00  INFO 319216 --- [knowledgelink-trade] [main] c.g.trade.KnowledgeLinkTradeApplication  : No active profile set, falling back to 1 default profile: "default"
2026-04-09T20:39:26.341+08:00  INFO 319216 --- [knowledgelink-trade] [main] .s.d.r.c.RepositoryConfigurationDelegate : Multiple Spring Data modules found, entering strict repository configuration mode
2026-04-09T20:39:26.343+08:00  INFO 319216 --- [knowledgelink-trade] [main] .s.d.r.c.RepositoryConfigurationDelegate : Bootstrapping Spring Data Redis repositories in DEFAULT mode.
2026-04-09T20:39:26.359+08:00  INFO 319216 --- [knowledgelink-trade] [main] .s.d.r.c.RepositoryConfigurationDelegate : Finished Spring Data repository scanning in 8 ms. Found 0 Redis repository interfaces.
2026-04-09T20:39:26.510+08:00  INFO 319216 --- [knowledgelink-trade] [main] o.s.cloud.context.scope.GenericScope     : BeanFactory id=72654a98-15b9-374f-b9aa-57a221285212
2026-04-09T20:39:26.614+08:00  WARN 319216 --- [knowledgelink-trade] [main] trationDelegate$BeanPostProcessorChecker : Bean 'org.springframework.cloud.client.loadbalancer.LoadBalancerAutoConfiguration$DeferringLoadBalancerInterceptorConfig' of type [org.springframework.cloud.client.loadbalancer.LoadBalancerAutoConfiguration$DeferringLoadBalancerInterceptorConfig] is not eligible for getting processed by all BeanPostProcessors (for example: not eligible for auto-proxying). The currently created BeanPostProcessor [lbRestClientPostProcessor] is declared through a non-static factory method on that class; consider declaring it as static instead.
2026-04-09T20:39:26.619+08:00  WARN 319216 --- [knowledgelink-trade] [main] trationDelegate$BeanPostProcessorChecker : Bean 'deferringLoadBalancerInterceptor' of type [org.springframework.cloud.client.loadbalancer.DeferringLoadBalancerInterceptor] is not eligible for getting processed by all BeanPostProcessors (for example: not eligible for auto-proxying). Is this bean getting eagerly injected into a currently created BeanPostProcessor [lbRestClientPostProcessor]? Check the corresponding BeanPostProcessor declaration and its dependencies.
2026-04-09T20:39:26.748+08:00  INFO 319216 --- [knowledgelink-trade] [main] o.s.b.w.embedded.tomcat.TomcatWebServer  : Tomcat initialized with port 8081 (http)
2026-04-09T20:39:26.755+08:00  INFO 319216 --- [knowledgelink-trade] [main] o.apache.catalina.core.StandardService   : Starting service [Tomcat]
2026-04-09T20:39:26.756+08:00  INFO 319216 --- [knowledgelink-trade] [main] o.apache.catalina.core.StandardEngine    : Starting Servlet engine: [Apache Tomcat/10.1.19]
2026-04-09T20:39:26.803+08:00  INFO 319216 --- [knowledgelink-trade] [main] o.a.c.c.C.[Tomcat].[localhost].[/trade]  : Initializing Spring embedded WebApplicationContext
2026-04-09T20:39:26.804+08:00  INFO 319216 --- [knowledgelink-trade] [main] w.s.c.ServletWebServerApplicationContext : Root WebApplicationContext: initialization completed in 819 ms
2026-04-09T20:39:27.738+08:00  INFO 319216 --- [knowledgelink-trade] [main] com.github.common.utils.CosUtil          : 腾讯云 COS 客户端初始化成功，Region: ap-nanjing
2026-04-09T20:39:28.564+08:00  WARN 319216 --- [knowledgelink-trade] [main] iguration$LoadBalancerCaffeineWarnLogger : Spring Cloud LoadBalancer is currently working with the default cache. While this cache implementation is useful for development and tests, it's recommended to use Caffeine cache in production.You can switch to using Caffeine cache, by adding it and org.springframework.cache.caffeine.CaffeineCacheManager to the classpath.
2026-04-09T20:39:28.717+08:00  INFO 319216 --- [knowledgelink-trade] [main] o.s.b.w.embedded.tomcat.TomcatWebServer  : Tomcat started on port 8081 (http) with context path '/trade'
2026-04-09T20:39:28.732+08:00  INFO 319216 --- [knowledgelink-trade] [main] o.s.a.r.c.CachingConnectionFactory       : Attempting to connect to: [175.27.129.187:5672]
2026-04-09T20:39:28.859+08:00  INFO 319216 --- [knowledgelink-trade] [main] o.s.a.r.c.CachingConnectionFactory       : Created new connection: rabbitConnectionFactory#70f5f57d:0/SimpleConnection@f26cd76 [delegate=amqp://admin@175.27.129.187:5672/, localPort=62539]
2026-04-09T20:39:29.469+08:00  INFO 319216 --- [knowledgelink-trade] [main] c.g.trade.KnowledgeLinkTradeApplication  : Started KnowledgeLinkTradeApplication in 6.078 seconds (process running for 6.398)
2026-04-09T20:39:30.508+08:00 ERROR 319216 --- [knowledgelink-trade] [main] c.github.trade.config.BookEsInitRunner   : book ES 索引初始化失败

java.net.ConnectException: Timeout connecting to [/175.27.129.187:9200]
	at org.elasticsearch.client.RestClient.extractAndWrapCause(RestClient.java:934) ~[elasticsearch-rest-client-9.3.1.jar:9.3.1]
	at org.elasticsearch.client.RestClient.performRequest(RestClient.java:304) ~[elasticsearch-rest-client-9.3.1.jar:9.3.1]
	at org.elasticsearch.client.RestClient.performRequest(RestClient.java:292) ~[elasticsearch-rest-client-9.3.1.jar:9.3.1]
	at co.elastic.clients.transport.rest_client.RestClientHttpClient.performRequest(RestClientHttpClient.java:92) ~[elasticsearch-java-9.3.1.jar:na]
	at co.elastic.clients.transport.ElasticsearchTransportBase.performRequest(ElasticsearchTransportBase.java:153) ~[elasticsearch-java-9.3.1.jar:na]
	at co.elastic.clients.elasticsearch.indices.ElasticsearchIndicesClient.exists(ElasticsearchIndicesClient.java:1266) ~[elasticsearch-java-9.3.1.jar:na]
	at co.elastic.clients.elasticsearch.indices.ElasticsearchIndicesClient.exists(ElasticsearchIndicesClient.java:1284) ~[elasticsearch-java-9.3.1.jar:na]
	at com.github.trade.service.BookEsService.initIndexAndSync(BookEsService.java:46) ~[classes/:na]
	at com.github.trade.config.BookEsInitRunner.run(BookEsInitRunner.java:25) ~[classes/:na]
	at org.springframework.boot.SpringApplication.lambda$callRunner$4(SpringApplication.java:786) ~[spring-boot-3.2.4.jar:3.2.4]
	at org.springframework.util.function.ThrowingConsumer$1.acceptWithException(ThrowingConsumer.java:83) ~[spring-core-6.1.5.jar:6.1.5]
	at org.springframework.util.function.ThrowingConsumer.accept(ThrowingConsumer.java:60) ~[spring-core-6.1.5.jar:6.1.5]
	at org.springframework.util.function.ThrowingConsumer$1.accept(ThrowingConsumer.java:88) ~[spring-core-6.1.5.jar:6.1.5]
	at org.springframework.boot.SpringApplication.callRunner(SpringApplication.java:798) ~[spring-boot-3.2.4.jar:3.2.4]
	at org.springframework.boot.SpringApplication.callRunner(SpringApplication.java:786) ~[spring-boot-3.2.4.jar:3.2.4]
	at org.springframework.boot.SpringApplication.lambda$callRunners$3(SpringApplication.java:774) ~[spring-boot-3.2.4.jar:3.2.4]
	at java.base/java.util.stream.ForEachOps$ForEachOp$OfRef.accept(ForEachOps.java:184) ~[na:na]
	at java.base/java.util.stream.SortedOps$SizedRefSortingSink.end(SortedOps.java:357) ~[na:na]
	at java.base/java.util.stream.AbstractPipeline.copyInto(AbstractPipeline.java:571) ~[na:na]
	at java.base/java.util.stream.AbstractPipeline.wrapAndCopyInto(AbstractPipeline.java:560) ~[na:na]
	at java.base/java.util.stream.ForEachOps$ForEachOp.evaluateSequential(ForEachOps.java:151) ~[na:na]
	at java.base/java.util.stream.ForEachOps$ForEachOp$OfRef.evaluateSequential(ForEachOps.java:174) ~[na:na]
	at java.base/java.util.stream.AbstractPipeline.evaluate(AbstractPipeline.java:265) ~[na:na]
	at java.base/java.util.stream.ReferencePipeline.forEach(ReferencePipeline.java:636) ~[na:na]
	at org.springframework.boot.SpringApplication.callRunners(SpringApplication.java:774) ~[spring-boot-3.2.4.jar:3.2.4]
	at org.springframework.boot.SpringApplication.run(SpringApplication.java:341) ~[spring-boot-3.2.4.jar:3.2.4]
	at org.springframework.boot.SpringApplication.run(SpringApplication.java:1354) ~[spring-boot-3.2.4.jar:3.2.4]
	at org.springframework.boot.SpringApplication.run(SpringApplication.java:1343) ~[spring-boot-3.2.4.jar:3.2.4]
	at com.github.trade.KnowledgeLinkTradeApplication.main(KnowledgeLinkTradeApplication.java:17) ~[classes/:na]
Caused by: java.net.ConnectException: Timeout connecting to [/175.27.129.187:9200]
	at org.apache.http.nio.pool.RouteSpecificPool.timeout(RouteSpecificPool.java:169) ~[httpcore-nio-4.4.16.jar:4.4.16]
	at org.apache.http.nio.pool.AbstractNIOConnPool.requestTimeout(AbstractNIOConnPool.java:630) ~[httpcore-nio-4.4.16.jar:4.4.16]
	at org.apache.http.nio.pool.AbstractNIOConnPool$InternalSessionRequestCallback.timeout(AbstractNIOConnPool.java:896) ~[httpcore-nio-4.4.16.jar:4.4.16]
	at org.apache.http.impl.nio.reactor.SessionRequestImpl.timeout(SessionRequestImpl.java:198) ~[httpcore-nio-4.4.16.jar:4.4.16]
	at org.apache.http.impl.nio.reactor.DefaultConnectingIOReactor.processTimeouts(DefaultConnectingIOReactor.java:213) ~[httpcore-nio-4.4.16.jar:4.4.16]
	at org.apache.http.impl.nio.reactor.DefaultConnectingIOReactor.processEvents(DefaultConnectingIOReactor.java:158) ~[httpcore-nio-4.4.16.jar:4.4.16]
	at org.apache.http.impl.nio.reactor.AbstractMultiworkerIOReactor.execute(AbstractMultiworkerIOReactor.java:351) ~[httpcore-nio-4.4.16.jar:4.4.16]
	at org.apache.http.impl.nio.conn.PoolingNHttpClientConnectionManager.execute(PoolingNHttpClientConnectionManager.java:221) ~[httpasyncclient-4.1.5.jar:4.1.5]
	at org.apache.http.impl.nio.client.CloseableHttpAsyncClientBase$1.run(CloseableHttpAsyncClientBase.java:64) ~[httpasyncclient-4.1.5.jar:4.1.5]
	at java.base/java.lang.Thread.run(Thread.java:1575) ~[na:na]

2026-04-09T22:57:48.052+08:00  WARN 319216 --- [knowledgelink-trade] [AMQP Connection 175.27.129.187:5672] c.r.c.impl.ForgivingExceptionHandler     : An unexpected connection driver error occurred (Exception message: Connection reset)
2026-04-09T22:57:48.676+08:00  INFO 319216 --- [knowledgelink-trade] [org.springframework.amqp.rabbit.RabbitListenerEndpointContainer#1-1] o.s.a.r.l.SimpleMessageListenerContainer : Restarting Consumer@1832b0f6: tags=[[amq.ctag-cPjzYd-vxAeYKbC7Z2-yKA]], channel=Cached Rabbit Channel: AMQChannel(amqp://admin@175.27.129.187:5672/,2), conn: Proxy@47c422d3 Shared Rabbit Connection: SimpleConnection@f26cd76 [delegate=amqp://admin@175.27.129.187:5672/, localPort=62539], acknowledgeMode=AUTO local queue size=0
2026-04-09T22:57:48.679+08:00  INFO 319216 --- [knowledgelink-trade] [org.springframework.amqp.rabbit.RabbitListenerEndpointContainer#1-2] o.s.a.r.c.CachingConnectionFactory       : Attempting to connect to: [175.27.129.187:5672]
2026-04-09T22:57:48.857+08:00  INFO 319216 --- [knowledgelink-trade] [org.springframework.amqp.rabbit.RabbitListenerEndpointContainer#0-1] o.s.a.r.l.SimpleMessageListenerContainer : Restarting Consumer@750b200b: tags=[[amq.ctag-a5wqKZrsvFzJJAihh7ylww]], channel=Cached Rabbit Channel: AMQChannel(amqp://admin@175.27.129.187:5672/,1), conn: Proxy@47c422d3 Shared Rabbit Connection: null, acknowledgeMode=AUTO local queue size=0
2026-04-09T22:58:09.733+08:00  INFO 319216 --- [knowledgelink-trade] [org.springframework.amqp.rabbit.RabbitListenerEndpointContainer#0-2] o.s.a.r.c.CachingConnectionFactory       : Attempting to connect to: [175.27.129.187:5672]
2026-04-09T22:58:09.733+08:00 ERROR 319216 --- [knowledgelink-trade] [org.springframework.amqp.rabbit.RabbitListenerEndpointContainer#1-2] o.s.a.r.l.SimpleMessageListenerContainer : Failed to check/redeclare auto-delete queue(s).

org.springframework.amqp.AmqpConnectException: java.net.ConnectException: Connection timed out: getsockopt
	at org.springframework.amqp.rabbit.support.RabbitExceptionTranslator.convertRabbitAccessException(RabbitExceptionTranslator.java:61) ~[spring-rabbit-3.1.3.jar:3.1.3]
	at org.springframework.amqp.rabbit.connection.AbstractConnectionFactory.createBareConnection(AbstractConnectionFactory.java:622) ~[spring-rabbit-3.1.3.jar:3.1.3]
	at org.springframework.amqp.rabbit.connection.CachingConnectionFactory.createConnection(CachingConnectionFactory.java:727) ~[spring-rabbit-3.1.3.jar:3.1.3]
	at org.springframework.amqp.rabbit.connection.CachingConnectionFactory.createBareChannel(CachingConnectionFactory.java:672) ~[spring-rabbit-3.1.3.jar:3.1.3]
	at org.springframework.amqp.rabbit.connection.CachingConnectionFactory.getCachedChannelProxy(CachingConnectionFactory.java:645) ~[spring-rabbit-3.1.3.jar:3.1.3]
	at org.springframework.amqp.rabbit.connection.CachingConnectionFactory.getChannel(CachingConnectionFactory.java:534) ~[spring-rabbit-3.1.3.jar:3.1.3]
	at org.springframework.amqp.rabbit.connection.CachingConnectionFactory$ChannelCachingConnectionProxy.createChannel(CachingConnectionFactory.java:1503) ~[spring-rabbit-3.1.3.jar:3.1.3]
	at org.springframework.amqp.rabbit.core.RabbitTemplate.doExecute(RabbitTemplate.java:2255) ~[spring-rabbit-3.1.3.jar:3.1.3]
	at org.springframework.amqp.rabbit.core.RabbitTemplate.execute(RabbitTemplate.java:2222) ~[spring-rabbit-3.1.3.jar:3.1.3]
	at org.springframework.amqp.rabbit.core.RabbitTemplate.execute(RabbitTemplate.java:2202) ~[spring-rabbit-3.1.3.jar:3.1.3]
	at org.springframework.amqp.rabbit.core.RabbitAdmin.getQueueInfo(RabbitAdmin.java:467) ~[spring-rabbit-3.1.3.jar:3.1.3]
	at org.springframework.amqp.rabbit.core.RabbitAdmin.getQueueProperties(RabbitAdmin.java:451) ~[spring-rabbit-3.1.3.jar:3.1.3]
	at org.springframework.amqp.rabbit.listener.AbstractMessageListenerContainer.attemptDeclarations(AbstractMessageListenerContainer.java:1960) ~[spring-rabbit-3.1.3.jar:3.1.3]
	at org.springframework.amqp.rabbit.listener.AbstractMessageListenerContainer.redeclareElementsIfNecessary(AbstractMessageListenerContainer.java:1924) ~[spring-rabbit-3.1.3.jar:3.1.3]
	at org.springframework.amqp.rabbit.listener.SimpleMessageListenerContainer$AsyncMessageProcessingConsumer.initialize(SimpleMessageListenerContainer.java:1480) ~[spring-rabbit-3.1.3.jar:3.1.3]
	at org.springframework.amqp.rabbit.listener.SimpleMessageListenerContainer$AsyncMessageProcessingConsumer.run(SimpleMessageListenerContainer.java:1322) ~[spring-rabbit-3.1.3.jar:3.1.3]
	at java.base/java.lang.Thread.run(Thread.java:1575) ~[na:na]
Caused by: java.net.ConnectException: Connection timed out: getsockopt
	at java.base/sun.nio.ch.Net.pollConnect(Native Method) ~[na:na]
	at java.base/sun.nio.ch.Net.pollConnectNow(Net.java:682) ~[na:na]
	at java.base/sun.nio.ch.NioSocketImpl.timedFinishConnect(NioSocketImpl.java:549) ~[na:na]
	at java.base/sun.nio.ch.NioSocketImpl.connect(NioSocketImpl.java:592) ~[na:na]
	at java.base/java.net.SocksSocketImpl.connect(SocksSocketImpl.java:327) ~[na:na]
	at java.base/java.net.Socket.connect(Socket.java:760) ~[na:na]
	at com.rabbitmq.client.impl.SocketFrameHandlerFactory.create(SocketFrameHandlerFactory.java:61) ~[amqp-client-5.19.0.jar:5.19.0]
	at com.rabbitmq.client.ConnectionFactory.newConnection(ConnectionFactory.java:1249) ~[amqp-client-5.19.0.jar:5.19.0]
	at com.rabbitmq.client.ConnectionFactory.newConnection(ConnectionFactory.java:1198) ~[amqp-client-5.19.0.jar:5.19.0]
	at org.springframework.amqp.rabbit.connection.AbstractConnectionFactory.connectAddresses(AbstractConnectionFactory.java:668) ~[spring-rabbit-3.1.3.jar:3.1.3]
	at org.springframework.amqp.rabbit.connection.AbstractConnectionFactory.connect(AbstractConnectionFactory.java:637) ~[spring-rabbit-3.1.3.jar:3.1.3]
	at org.springframework.amqp.rabbit.connection.AbstractConnectionFactory.createBareConnection(AbstractConnectionFactory.java:584) ~[spring-rabbit-3.1.3.jar:3.1.3]
	... 15 common frames omitted

2026-04-09T22:58:30.767+08:00  INFO 319216 --- [knowledgelink-trade] [org.springframework.amqp.rabbit.RabbitListenerEndpointContainer#1-2] o.s.a.r.c.CachingConnectionFactory       : Attempting to connect to: [175.27.129.187:5672]
2026-04-09T22:58:30.767+08:00 ERROR 319216 --- [knowledgelink-trade] [org.springframework.amqp.rabbit.RabbitListenerEndpointContainer#0-2] o.s.a.r.l.SimpleMessageListenerContainer : Failed to check/redeclare auto-delete queue(s).

org.springframework.amqp.AmqpConnectException: java.net.ConnectException: Connection timed out: getsockopt
	at org.springframework.amqp.rabbit.support.RabbitExceptionTranslator.convertRabbitAccessException(RabbitExceptionTranslator.java:61) ~[spring-rabbit-3.1.3.jar:3.1.3]
	at org.springframework.amqp.rabbit.connection.AbstractConnectionFactory.createBareConnection(AbstractConnectionFactory.java:622) ~[spring-rabbit-3.1.3.jar:3.1.3]
	at org.springframework.amqp.rabbit.connection.CachingConnectionFactory.createConnection(CachingConnectionFactory.java:727) ~[spring-rabbit-3.1.3.jar:3.1.3]
	at org.springframework.amqp.rabbit.connection.ConnectionFactoryUtils.createConnection(ConnectionFactoryUtils.java:257) ~[spring-rabbit-3.1.3.jar:3.1.3]
	at org.springframework.amqp.rabbit.core.RabbitTemplate.doExecute(RabbitTemplate.java:2249) ~[spring-rabbit-3.1.3.jar:3.1.3]
	at org.springframework.amqp.rabbit.core.RabbitTemplate.execute(RabbitTemplate.java:2222) ~[spring-rabbit-3.1.3.jar:3.1.3]
	at org.springframework.amqp.rabbit.core.RabbitTemplate.execute(RabbitTemplate.java:2202) ~[spring-rabbit-3.1.3.jar:3.1.3]
	at org.springframework.amqp.rabbit.core.RabbitAdmin.getQueueInfo(RabbitAdmin.java:467) ~[spring-rabbit-3.1.3.jar:3.1.3]
	at org.springframework.amqp.rabbit.core.RabbitAdmin.getQueueProperties(RabbitAdmin.java:451) ~[spring-rabbit-3.1.3.jar:3.1.3]
	at org.springframework.amqp.rabbit.listener.AbstractMessageListenerContainer.attemptDeclarations(AbstractMessageListenerContainer.java:1960) ~[spring-rabbit-3.1.3.jar:3.1.3]
	at org.springframework.amqp.rabbit.listener.AbstractMessageListenerContainer.redeclareElementsIfNecessary(AbstractMessageListenerContainer.java:1924) ~[spring-rabbit-3.1.3.jar:3.1.3]
	at org.springframework.amqp.rabbit.listener.SimpleMessageListenerContainer$AsyncMessageProcessingConsumer.initialize(SimpleMessageListenerContainer.java:1480) ~[spring-rabbit-3.1.3.jar:3.1.3]
	at org.springframework.amqp.rabbit.listener.SimpleMessageListenerContainer$AsyncMessageProcessingConsumer.run(SimpleMessageListenerContainer.java:1322) ~[spring-rabbit-3.1.3.jar:3.1.3]
	at java.base/java.lang.Thread.run(Thread.java:1575) ~[na:na]
Caused by: java.net.ConnectException: Connection timed out: getsockopt
	at java.base/sun.nio.ch.Net.pollConnect(Native Method) ~[na:na]
	at java.base/sun.nio.ch.Net.pollConnectNow(Net.java:682) ~[na:na]
	at java.base/sun.nio.ch.NioSocketImpl.timedFinishConnect(NioSocketImpl.java:549) ~[na:na]
	at java.base/sun.nio.ch.NioSocketImpl.connect(NioSocketImpl.java:592) ~[na:na]
	at java.base/java.net.SocksSocketImpl.connect(SocksSocketImpl.java:327) ~[na:na]
	at java.base/java.net.Socket.connect(Socket.java:760) ~[na:na]
	at com.rabbitmq.client.impl.SocketFrameHandlerFactory.create(SocketFrameHandlerFactory.java:61) ~[amqp-client-5.19.0.jar:5.19.0]
	at com.rabbitmq.client.ConnectionFactory.newConnection(ConnectionFactory.java:1249) ~[amqp-client-5.19.0.jar:5.19.0]
	at com.rabbitmq.client.ConnectionFactory.newConnection(ConnectionFactory.java:1198) ~[amqp-client-5.19.0.jar:5.19.0]
	at org.springframework.amqp.rabbit.connection.AbstractConnectionFactory.connectAddresses(AbstractConnectionFactory.java:668) ~[spring-rabbit-3.1.3.jar:3.1.3]
	at org.springframework.amqp.rabbit.connection.AbstractConnectionFactory.connect(AbstractConnectionFactory.java:637) ~[spring-rabbit-3.1.3.jar:3.1.3]
	at org.springframework.amqp.rabbit.connection.AbstractConnectionFactory.createBareConnection(AbstractConnectionFactory.java:584) ~[spring-rabbit-3.1.3.jar:3.1.3]
	... 12 common frames omitted

2026-04-09T22:58:51.810+08:00  INFO 319216 --- [knowledgelink-trade] [org.springframework.amqp.rabbit.RabbitListenerEndpointContainer#0-2] o.s.a.r.c.CachingConnectionFactory       : Attempting to connect to: [175.27.129.187:5672]
2026-04-09T22:58:56.927+08:00  WARN 319216 --- [knowledgelink-trade] [org.springframework.amqp.rabbit.RabbitListenerEndpointContainer#1-2] o.s.a.r.l.SimpleMessageListenerContainer : Consumer raised exception, processing can restart if the connection factory supports it. Exception summary: org.springframework.amqp.AmqpConnectException: java.net.ConnectException: Connection timed out: getsockopt
2026-04-09T22:58:56.927+08:00  INFO 319216 --- [knowledgelink-trade] [org.springframework.amqp.rabbit.RabbitListenerEndpointContainer#1-2] o.s.a.r.l.SimpleMessageListenerContainer : Restarting Consumer@579698d4: tags=[[]], channel=null, acknowledgeMode=AUTO local queue size=0
2026-04-09T22:59:12.862+08:00  INFO 319216 --- [knowledgelink-trade] [org.springframework.amqp.rabbit.RabbitListenerEndpointContainer#1-3] o.s.a.r.c.CachingConnectionFactory       : Attempting to connect to: [175.27.129.187:5672]
2026-04-09T22:59:17.959+08:00  WARN 319216 --- [knowledgelink-trade] [org.springframework.amqp.rabbit.RabbitListenerEndpointContainer#0-2] o.s.a.r.l.SimpleMessageListenerContainer : Consumer raised exception, processing can restart if the connection factory supports it. Exception summary: org.springframework.amqp.AmqpConnectException: java.net.ConnectException: Connection timed out: getsockopt
2026-04-09T22:59:17.959+08:00  INFO 319216 --- [knowledgelink-trade] [org.springframework.amqp.rabbit.RabbitListenerEndpointContainer#0-2] o.s.a.r.l.SimpleMessageListenerContainer : Restarting Consumer@50b708c7: tags=[[]], channel=null, acknowledgeMode=AUTO local queue size=0
2026-04-09T22:59:33.909+08:00 ERROR 319216 --- [knowledgelink-trade] [org.springframework.amqp.rabbit.RabbitListenerEndpointContainer#1-3] o.s.a.r.l.SimpleMessageListenerContainer : Failed to check/redeclare auto-delete queue(s).
2026-04-09T22:59:33.909+08:00  INFO 319216 --- [knowledgelink-trade] [org.springframework.amqp.rabbit.RabbitListenerEndpointContainer#0-3] o.s.a.r.c.CachingConnectionFactory       : Attempting to connect to: [175.27.129.187:5672]
2026-04-09T22:59:54.947+08:00  INFO 319216 --- [knowledgelink-trade] [org.springframework.amqp.rabbit.RabbitListenerEndpointContainer#1-3] o.s.a.r.c.CachingConnectionFactory       : Attempting to connect to: [175.27.129.187:5672]
2026-04-09T22:59:54.947+08:00 ERROR 319216 --- [knowledgelink-trade] [org.springframework.amqp.rabbit.RabbitListenerEndpointContainer#0-3] o.s.a.r.l.SimpleMessageListenerContainer : Failed to check/redeclare auto-delete queue(s).
2026-04-09T23:00:15.976+08:00  INFO 319216 --- [knowledgelink-trade] [org.springframework.amqp.rabbit.RabbitListenerEndpointContainer#0-3] o.s.a.r.c.CachingConnectionFactory       : Attempting to connect to: [175.27.129.187:5672]
2026-04-09T23:00:21.126+08:00  WARN 319216 --- [knowledgelink-trade] [org.springframework.amqp.rabbit.RabbitListenerEndpointContainer#1-3] o.s.a.r.l.SimpleMessageListenerContainer : Consumer raised exception, processing can restart if the connection factory supports it. Exception summary: org.springframework.amqp.AmqpConnectException: java.net.ConnectException: Connection timed out: getsockopt
2026-04-09T23:00:21.127+08:00  INFO 319216 --- [knowledgelink-trade] [org.springframework.amqp.rabbit.RabbitListenerEndpointContainer#1-3] o.s.a.r.l.SimpleMessageListenerContainer : Restarting Consumer@4af52246: tags=[[]], channel=null, acknowledgeMode=AUTO local queue size=0
2026-04-09T23:00:37.024+08:00  INFO 319216 --- [knowledgelink-trade] [org.springframework.amqp.rabbit.RabbitListenerEndpointContainer#1-4] o.s.a.r.c.CachingConnectionFactory       : Attempting to connect to: [175.27.129.187:5672]
2026-04-09T23:00:42.144+08:00  WARN 319216 --- [knowledgelink-trade] [org.springframework.amqp.rabbit.RabbitListenerEndpointContainer#0-3] o.s.a.r.l.SimpleMessageListenerContainer : Consumer raised exception, processing can restart if the connection factory supports it. Exception summary: org.springframework.amqp.AmqpConnectException: java.net.ConnectException: Connection timed out: getsockopt
2026-04-09T23:00:42.144+08:00  INFO 319216 --- [knowledgelink-trade] [org.springframework.amqp.rabbit.RabbitListenerEndpointContainer#0-3] o.s.a.r.l.SimpleMessageListenerContainer : Restarting Consumer@530f1329: tags=[[]], channel=null, acknowledgeMode=AUTO local queue size=0
2026-04-09T23:00:58.079+08:00 ERROR 319216 --- [knowledgelink-trade] [org.springframework.amqp.rabbit.RabbitListenerEndpointContainer#1-4] o.s.a.r.l.SimpleMessageListenerContainer : Failed to check/redeclare auto-delete queue(s).
2026-04-09T23:00:58.079+08:00  INFO 319216 --- [knowledgelink-trade] [org.springframework.amqp.rabbit.RabbitListenerEndpointContainer#0-4] o.s.a.r.c.CachingConnectionFactory       : Attempting to connect to: [175.27.129.187:5672]
2026-04-09T23:01:19.116+08:00 ERROR 319216 --- [knowledgelink-trade] [org.springframework.amqp.rabbit.RabbitListenerEndpointContainer#0-4] o.s.a.r.l.SimpleMessageListenerContainer : Failed to check/redeclare auto-delete queue(s).
2026-04-09T23:01:19.116+08:00  INFO 319216 --- [knowledgelink-trade] [org.springframework.amqp.rabbit.RabbitListenerEndpointContainer#1-4] o.s.a.r.c.CachingConnectionFactory       : Attempting to connect to: [175.27.129.187:5672]
2026-04-09T23:01:40.148+08:00  INFO 319216 --- [knowledgelink-trade] [org.springframework.amqp.rabbit.RabbitListenerEndpointContainer#0-4] o.s.a.r.c.CachingConnectionFactory       : Attempting to connect to: [175.27.129.187:5672]
2026-04-09T23:01:45.250+08:00  WARN 319216 --- [knowledgelink-trade] [org.springframework.amqp.rabbit.RabbitListenerEndpointContainer#1-4] o.s.a.r.l.SimpleMessageListenerContainer : Consumer raised exception, processing can restart if the connection factory supports it. Exception summary: org.springframework.amqp.AmqpConnectException: java.net.ConnectException: Connection timed out: getsockopt
2026-04-09T23:01:45.250+08:00  INFO 319216 --- [knowledgelink-trade] [org.springframework.amqp.rabbit.RabbitListenerEndpointContainer#1-4] o.s.a.r.l.SimpleMessageListenerContainer : Restarting Consumer@717f7f8b: tags=[[]], channel=null, acknowledgeMode=AUTO local queue size=0
2026-04-09T23:02:01.181+08:00  INFO 319216 --- [knowledgelink-trade] [org.springframework.amqp.rabbit.RabbitListenerEndpointContainer#1-5] o.s.a.r.c.CachingConnectionFactory       : Attempting to connect to: [175.27.129.187:5672]
2026-04-09T23:02:06.276+08:00  WARN 319216 --- [knowledgelink-trade] [org.springframework.amqp.rabbit.RabbitListenerEndpointContainer#0-4] o.s.a.r.l.SimpleMessageListenerContainer : Consumer raised exception, processing can restart if the connection factory supports it. Exception summary: org.springframework.amqp.AmqpConnectException: java.net.ConnectException: Connection timed out: getsockopt
2026-04-09T23:02:06.276+08:00  INFO 319216 --- [knowledgelink-trade] [org.springframework.amqp.rabbit.RabbitListenerEndpointContainer#0-4] o.s.a.r.l.SimpleMessageListenerContainer : Restarting Consumer@2319e60b: tags=[[]], channel=null, acknowledgeMode=AUTO local queue size=0
2026-04-09T23:02:22.226+08:00 ERROR 319216 --- [knowledgelink-trade] [org.springframework.amqp.rabbit.RabbitListenerEndpointContainer#1-5] o.s.a.r.l.SimpleMessageListenerContainer : Failed to check/redeclare auto-delete queue(s).
2026-04-09T23:02:22.226+08:00  INFO 319216 --- [knowledgelink-trade] [org.springframework.amqp.rabbit.RabbitListenerEndpointContainer#0-5] o.s.a.r.c.CachingConnectionFactory       : Attempting to connect to: [175.27.129.187:5672]
2026-04-09T23:02:43.299+08:00  INFO 319216 --- [knowledgelink-trade] [org.springframework.amqp.rabbit.RabbitListenerEndpointContainer#1-5] o.s.a.r.c.CachingConnectionFactory       : Attempting to connect to: [175.27.129.187:5672]
2026-04-09T23:02:43.299+08:00 ERROR 319216 --- [knowledgelink-trade] [org.springframework.amqp.rabbit.RabbitListenerEndpointContainer#0-5] o.s.a.r.l.SimpleMessageListenerContainer : Failed to check/redeclare auto-delete queue(s).
2026-04-09T23:03:04.333+08:00  INFO 319216 --- [knowledgelink-trade] [org.springframework.amqp.rabbit.RabbitListenerEndpointContainer#0-5] o.s.a.r.c.CachingConnectionFactory       : Attempting to connect to: [175.27.129.187:5672]
2026-04-09T23:03:09.434+08:00  WARN 319216 --- [knowledgelink-trade] [org.springframework.amqp.rabbit.RabbitListenerEndpointContainer#1-5] o.s.a.r.l.SimpleMessageListenerContainer : Consumer raised exception, processing can restart if the connection factory supports it. Exception summary: org.springframework.amqp.AmqpConnectException: java.net.ConnectException: Connection timed out: getsockopt
2026-04-09T23:03:09.434+08:00  INFO 319216 --- [knowledgelink-trade] [org.springframework.amqp.rabbit.RabbitListenerEndpointContainer#1-5] o.s.a.r.l.SimpleMessageListenerContainer : Restarting Consumer@1a7d8a94: tags=[[]], channel=null, acknowledgeMode=AUTO local queue size=0
2026-04-09T23:03:25.374+08:00  INFO 319216 --- [knowledgelink-trade] [org.springframework.amqp.rabbit.RabbitListenerEndpointContainer#1-6] o.s.a.r.c.CachingConnectionFactory       : Attempting to connect to: [175.27.129.187:5672]
2026-04-09T23:03:30.472+08:00  WARN 319216 --- [knowledgelink-trade] [org.springframework.amqp.rabbit.RabbitListenerEndpointContainer#0-5] o.s.a.r.l.SimpleMessageListenerContainer : Consumer raised exception, processing can restart if the connection factory supports it. Exception summary: org.springframework.amqp.AmqpConnectException: java.net.ConnectException: Connection timed out: getsockopt
2026-04-09T23:03:30.472+08:00  INFO 319216 --- [knowledgelink-trade] [org.springframework.amqp.rabbit.RabbitListenerEndpointContainer#0-5] o.s.a.r.l.SimpleMessageListenerContainer : Restarting Consumer@3fbe4628: tags=[[]], channel=null, acknowledgeMode=AUTO local queue size=0
2026-04-09T23:03:46.417+08:00 ERROR 319216 --- [knowledgelink-trade] [org.springframework.amqp.rabbit.RabbitListenerEndpointContainer#1-6] o.s.a.r.l.SimpleMessageListenerContainer : Failed to check/redeclare auto-delete queue(s).
2026-04-09T23:03:46.417+08:00  INFO 319216 --- [knowledgelink-trade] [org.springframework.amqp.rabbit.RabbitListenerEndpointContainer#0-6] o.s.a.r.c.CachingConnectionFactory       : Attempting to connect to: [175.27.129.187:5672]
2026-04-09T23:04:07.458+08:00 ERROR 319216 --- [knowledgelink-trade] [org.springframework.amqp.rabbit.RabbitListenerEndpointContainer#0-6] o.s.a.r.l.SimpleMessageListenerContainer : Failed to check/redeclare auto-delete queue(s).
2026-04-09T23:04:07.458+08:00  INFO 319216 --- [knowledgelink-trade] [org.springframework.amqp.rabbit.RabbitListenerEndpointContainer#1-6] o.s.a.r.c.CachingConnectionFactory       : Attempting to connect to: [175.27.129.187:5672]
2026-04-09T23:04:28.507+08:00  INFO 319216 --- [knowledgelink-trade] [org.springframework.amqp.rabbit.RabbitListenerEndpointContainer#0-6] o.s.a.r.c.CachingConnectionFactory       : Attempting to connect to: [175.27.129.187:5672]
2026-04-09T23:04:33.551+08:00  WARN 319216 --- [knowledgelink-trade] [org.springframework.amqp.rabbit.RabbitListenerEndpointContainer#1-6] o.s.a.r.l.SimpleMessageListenerContainer : Consumer raised exception, processing can restart if the connection factory supports it. Exception summary: org.springframework.amqp.AmqpConnectException: java.net.ConnectException: Connection timed out: getsockopt
2026-04-09T23:04:33.551+08:00  INFO 319216 --- [knowledgelink-trade] [org.springframework.amqp.rabbit.RabbitListenerEndpointContainer#1-6] o.s.a.r.l.SimpleMessageListenerContainer : Restarting Consumer@35869f47: tags=[[]], channel=null, acknowledgeMode=AUTO local queue size=0
2026-04-09T23:04:49.553+08:00  INFO 319216 --- [knowledgelink-trade] [org.springframework.amqp.rabbit.RabbitListenerEndpointContainer#1-7] o.s.a.r.c.CachingConnectionFactory       : Attempting to connect to: [175.27.129.187:5672]
2026-04-09T23:04:54.632+08:00  WARN 319216 --- [knowledgelink-trade] [org.springframework.amqp.rabbit.RabbitListenerEndpointContainer#0-6] o.s.a.r.l.SimpleMessageListenerContainer : Consumer raised exception, processing can restart if the connection factory supports it. Exception summary: org.springframework.amqp.AmqpConnectException: java.net.ConnectException: Connection timed out: getsockopt
2026-04-09T23:04:54.632+08:00  INFO 319216 --- [knowledgelink-trade] [org.springframework.amqp.rabbit.RabbitListenerEndpointContainer#0-6] o.s.a.r.l.SimpleMessageListenerContainer : Restarting Consumer@177917be: tags=[[]], channel=null, acknowledgeMode=AUTO local queue size=0
2026-04-09T23:05:10.590+08:00 ERROR 319216 --- [knowledgelink-trade] [org.springframework.amqp.rabbit.RabbitListenerEndpointContainer#1-7] o.s.a.r.l.SimpleMessageListenerContainer : Failed to check/redeclare auto-delete queue(s).
2026-04-09T23:05:10.590+08:00  INFO 319216 --- [knowledgelink-trade] [org.springframework.amqp.rabbit.RabbitListenerEndpointContainer#0-7] o.s.a.r.c.CachingConnectionFactory       : Attempting to connect to: [175.27.129.187:5672]
2026-04-09T23:05:31.622+08:00 ERROR 319216 --- [knowledgelink-trade] [org.springframework.amqp.rabbit.RabbitListenerEndpointContainer#0-7] o.s.a.r.l.SimpleMessageListenerContainer : Failed to check/redeclare auto-delete queue(s).
2026-04-09T23:05:31.622+08:00  INFO 319216 --- [knowledgelink-trade] [org.springframework.amqp.rabbit.RabbitListenerEndpointContainer#1-7] o.s.a.r.c.CachingConnectionFactory       : Attempting to connect to: [175.27.129.187:5672]
2026-04-09T23:05:52.677+08:00  INFO 319216 --- [knowledgelink-trade] [org.springframework.amqp.rabbit.RabbitListenerEndpointContainer#0-7] o.s.a.r.c.CachingConnectionFactory       : Attempting to connect to: [175.27.129.187:5672]
2026-04-09T23:05:57.757+08:00  WARN 319216 --- [knowledgelink-trade] [org.springframework.amqp.rabbit.RabbitListenerEndpointContainer#1-7] o.s.a.r.l.SimpleMessageListenerContainer : Consumer raised exception, processing can restart if the connection factory supports it. Exception summary: org.springframework.amqp.AmqpConnectException: java.net.ConnectException: Connection timed out: getsockopt
2026-04-09T23:05:57.757+08:00  INFO 319216 --- [knowledgelink-trade] [org.springframework.amqp.rabbit.RabbitListenerEndpointContainer#1-7] o.s.a.r.l.SimpleMessageListenerContainer : Restarting Consumer@7c81e6d5: tags=[[]], channel=null, acknowledgeMode=AUTO local queue size=0
2026-04-09T23:06:13.721+08:00  INFO 319216 --- [knowledgelink-trade] [org.springframework.amqp.rabbit.RabbitListenerEndpointContainer#1-8] o.s.a.r.c.CachingConnectionFactory       : Attempting to connect to: [175.27.129.187:5672]
2026-04-09T23:06:18.845+08:00  WARN 319216 --- [knowledgelink-trade] [org.springframework.amqp.rabbit.RabbitListenerEndpointContainer#0-7] o.s.a.r.l.SimpleMessageListenerContainer : Consumer raised exception, processing can restart if the connection factory supports it. Exception summary: org.springframework.amqp.AmqpConnectException: java.net.ConnectException: Connection timed out: getsockopt
2026-04-09T23:06:18.845+08:00  INFO 319216 --- [knowledgelink-trade] [org.springframework.amqp.rabbit.RabbitListenerEndpointContainer#0-7] o.s.a.r.l.SimpleMessageListenerContainer : Restarting Consumer@342e7342: tags=[[]], channel=null, acknowledgeMode=AUTO local queue size=0
2026-04-09T23:06:34.772+08:00  INFO 319216 --- [knowledgelink-trade] [org.springframework.amqp.rabbit.RabbitListenerEndpointContainer#0-8] o.s.a.r.c.CachingConnectionFactory       : Attempting to connect to: [175.27.129.187:5672]
2026-04-09T23:06:34.772+08:00 ERROR 319216 --- [knowledgelink-trade] [org.springframework.amqp.rabbit.RabbitListenerEndpointContainer#1-8] o.s.a.r.l.SimpleMessageListenerContainer : Failed to check/redeclare auto-delete queue(s).
2026-04-09T23:06:55.830+08:00  INFO 319216 --- [knowledgelink-trade] [org.springframework.amqp.rabbit.RabbitListenerEndpointContainer#1-8] o.s.a.r.c.CachingConnectionFactory       : Attempting to connect to: [175.27.129.187:5672]
2026-04-09T23:06:55.830+08:00 ERROR 319216 --- [knowledgelink-trade] [org.springframework.amqp.rabbit.RabbitListenerEndpointContainer#0-8] o.s.a.r.l.SimpleMessageListenerContainer : Failed to check/redeclare auto-delete queue(s).
2026-04-09T23:07:16.858+08:00  INFO 319216 --- [knowledgelink-trade] [org.springframework.amqp.rabbit.RabbitListenerEndpointContainer#0-8] o.s.a.r.c.CachingConnectionFactory       : Attempting to connect to: [175.27.129.187:5672]
2026-04-09T23:07:22.031+08:00  WARN 319216 --- [knowledgelink-trade] [org.springframework.amqp.rabbit.RabbitListenerEndpointContainer#1-8] o.s.a.r.l.SimpleMessageListenerContainer : Consumer raised exception, processing can restart if the connection factory supports it. Exception summary: org.springframework.amqp.AmqpConnectException: java.net.ConnectException: Connection timed out: getsockopt
2026-04-09T23:07:22.031+08:00  INFO 319216 --- [knowledgelink-trade] [org.springframework.amqp.rabbit.RabbitListenerEndpointContainer#1-8] o.s.a.r.l.SimpleMessageListenerContainer : Restarting Consumer@6a821430: tags=[[]], channel=null, acknowledgeMode=AUTO local queue size=0
2026-04-09T23:07:37.895+08:00  INFO 319216 --- [knowledgelink-trade] [org.springframework.amqp.rabbit.RabbitListenerEndpointContainer#1-9] o.s.a.r.c.CachingConnectionFactory       : Attempting to connect to: [175.27.129.187:5672]
2026-04-09T23:07:42.943+08:00  WARN 319216 --- [knowledgelink-trade] [org.springframework.amqp.rabbit.RabbitListenerEndpointContainer#0-8] o.s.a.r.l.SimpleMessageListenerContainer : Consumer raised exception, processing can restart if the connection factory supports it. Exception summary: org.springframework.amqp.AmqpConnectException: java.net.ConnectException: Connection timed out: getsockopt
2026-04-09T23:07:42.943+08:00  INFO 319216 --- [knowledgelink-trade] [org.springframework.amqp.rabbit.RabbitListenerEndpointContainer#0-8] o.s.a.r.l.SimpleMessageListenerContainer : Restarting Consumer@75feb0d7: tags=[[]], channel=null, acknowledgeMode=AUTO local queue size=0
2026-04-09T23:07:58.932+08:00 ERROR 319216 --- [knowledgelink-trade] [org.springframework.amqp.rabbit.RabbitListenerEndpointContainer#1-9] o.s.a.r.l.SimpleMessageListenerContainer : Failed to check/redeclare auto-delete queue(s).
2026-04-09T23:07:58.932+08:00  INFO 319216 --- [knowledgelink-trade] [org.springframework.amqp.rabbit.RabbitListenerEndpointContainer#0-9] o.s.a.r.c.CachingConnectionFactory       : Attempting to connect to: [175.27.129.187:5672]
2026-04-09T23:08:19.979+08:00 ERROR 319216 --- [knowledgelink-trade] [org.springframework.amqp.rabbit.RabbitListenerEndpointContainer#0-9] o.s.a.r.l.SimpleMessageListenerContainer : Failed to check/redeclare auto-delete queue(s).
2026-04-09T23:08:19.979+08:00  INFO 319216 --- [knowledgelink-trade] [org.springframework.amqp.rabbit.RabbitListenerEndpointContainer#1-9] o.s.a.r.c.CachingConnectionFactory       : Attempting to connect to: [175.27.129.187:5672]
2026-04-09T23:08:41.016+08:00  INFO 319216 --- [knowledgelink-trade] [org.springframework.amqp.rabbit.RabbitListenerEndpointContainer#0-9] o.s.a.r.c.CachingConnectionFactory       : Attempting to connect to: [175.27.129.187:5672]
2026-04-09T23:08:46.117+08:00  WARN 319216 --- [knowledgelink-trade] [org.springframework.amqp.rabbit.RabbitListenerEndpointContainer#1-9] o.s.a.r.l.SimpleMessageListenerContainer : Consumer raised exception, processing can restart if the connection factory supports it. Exception summary: org.springframework.amqp.AmqpConnectException: java.net.ConnectException: Connection timed out: getsockopt
2026-04-09T23:08:46.117+08:00  INFO 319216 --- [knowledgelink-trade] [org.springframework.amqp.rabbit.RabbitListenerEndpointContainer#1-9] o.s.a.r.l.SimpleMessageListenerContainer : Restarting Consumer@605e7180: tags=[[]], channel=null, acknowledgeMode=AUTO local queue size=0
2026-04-09T23:09:02.043+08:00  INFO 319216 --- [knowledgelink-trade] [org.springframework.amqp.rabbit.RabbitListenerEndpointContainer#1-10] o.s.a.r.c.CachingConnectionFactory       : Attempting to connect to: [175.27.129.187:5672]
2026-04-09T23:09:07.157+08:00  WARN 319216 --- [knowledgelink-trade] [org.springframework.amqp.rabbit.RabbitListenerEndpointContainer#0-9] o.s.a.r.l.SimpleMessageListenerContainer : Consumer raised exception, processing can restart if the connection factory supports it. Exception summary: org.springframework.amqp.AmqpConnectException: java.net.ConnectException: Connection timed out: getsockopt
2026-04-09T23:09:07.157+08:00  INFO 319216 --- [knowledgelink-trade] [org.springframework.amqp.rabbit.RabbitListenerEndpointContainer#0-9] o.s.a.r.l.SimpleMessageListenerContainer : Restarting Consumer@7354d56c: tags=[[]], channel=null, acknowledgeMode=AUTO local queue size=0
2026-04-09T23:09:23.085+08:00  INFO 319216 --- [knowledgelink-trade] [org.springframework.amqp.rabbit.RabbitListenerEndpointContainer#0-10] o.s.a.r.c.CachingConnectionFactory       : Attempting to connect to: [175.27.129.187:5672]
2026-04-09T23:09:23.085+08:00 ERROR 319216 --- [knowledgelink-trade] [org.springframework.amqp.rabbit.RabbitListenerEndpointContainer#1-10] o.s.a.r.l.SimpleMessageListenerContainer : Failed to check/redeclare auto-delete queue(s).
2026-04-09T23:09:44.120+08:00  INFO 319216 --- [knowledgelink-trade] [org.springframework.amqp.rabbit.RabbitListenerEndpointContainer#1-10] o.s.a.r.c.CachingConnectionFactory       : Attempting to connect to: [175.27.129.187:5672]
2026-04-09T23:09:44.120+08:00 ERROR 319216 --- [knowledgelink-trade] [org.springframework.amqp.rabbit.RabbitListenerEndpointContainer#0-10] o.s.a.r.l.SimpleMessageListenerContainer : Failed to check/redeclare auto-delete queue(s).
2026-04-09T23:10:05.175+08:00  INFO 319216 --- [knowledgelink-trade] [org.springframework.amqp.rabbit.RabbitListenerEndpointContainer#0-10] o.s.a.r.c.CachingConnectionFactory       : Attempting to connect to: [175.27.129.187:5672]
2026-04-09T23:10:10.291+08:00  WARN 319216 --- [knowledgelink-trade] [org.springframework.amqp.rabbit.RabbitListenerEndpointContainer#1-10] o.s.a.r.l.SimpleMessageListenerContainer : Consumer raised exception, processing can restart if the connection factory supports it. Exception summary: org.springframework.amqp.AmqpConnectException: java.net.ConnectException: Connection timed out: getsockopt
2026-04-09T23:10:10.291+08:00  INFO 319216 --- [knowledgelink-trade] [org.springframework.amqp.rabbit.RabbitListenerEndpointContainer#1-10] o.s.a.r.l.SimpleMessageListenerContainer : Restarting Consumer@24ee507b: tags=[[]], channel=null, acknowledgeMode=AUTO local queue size=0
2026-04-09T23:10:26.192+08:00  INFO 319216 --- [knowledgelink-trade] [org.springframework.amqp.rabbit.RabbitListenerEndpointContainer#1-11] o.s.a.r.c.CachingConnectionFactory       : Attempting to connect to: [175.27.129.187:5672]
2026-04-09T23:10:31.298+08:00  WARN 319216 --- [knowledgelink-trade] [org.springframework.amqp.rabbit.RabbitListenerEndpointContainer#0-10] o.s.a.r.l.SimpleMessageListenerContainer : Consumer raised exception, processing can restart if the connection factory supports it. Exception summary: org.springframework.amqp.AmqpConnectException: java.net.ConnectException: Connection timed out: getsockopt
2026-04-09T23:10:31.298+08:00  INFO 319216 --- [knowledgelink-trade] [org.springframework.amqp.rabbit.RabbitListenerEndpointContainer#0-10] o.s.a.r.l.SimpleMessageListenerContainer : Restarting Consumer@3b306367: tags=[[]], channel=null, acknowledgeMode=AUTO local queue size=0
2026-04-09T23:10:47.235+08:00 ERROR 319216 --- [knowledgelink-trade] [org.springframework.amqp.rabbit.RabbitListenerEndpointContainer#1-11] o.s.a.r.l.SimpleMessageListenerContainer : Failed to check/redeclare auto-delete queue(s).
2026-04-09T23:10:47.235+08:00  INFO 319216 --- [knowledgelink-trade] [org.springframework.amqp.rabbit.RabbitListenerEndpointContainer#0-11] o.s.a.r.c.CachingConnectionFactory       : Attempting to connect to: [175.27.129.187:5672]
2026-04-09T23:11:08.274+08:00 ERROR 319216 --- [knowledgelink-trade] [org.springframework.amqp.rabbit.RabbitListenerEndpointContainer#0-11] o.s.a.r.l.SimpleMessageListenerContainer : Failed to check/redeclare auto-delete queue(s).
2026-04-09T23:11:08.274+08:00  INFO 319216 --- [knowledgelink-trade] [org.springframework.amqp.rabbit.RabbitListenerEndpointContainer#1-11] o.s.a.r.c.CachingConnectionFactory       : Attempting to connect to: [175.27.129.187:5672]
2026-04-09T23:11:29.308+08:00  INFO 319216 --- [knowledgelink-trade] [org.springframework.amqp.rabbit.RabbitListenerEndpointContainer#0-11] o.s.a.r.c.CachingConnectionFactory       : Attempting to connect to: [175.27.129.187:5672]
2026-04-09T23:11:34.365+08:00  WARN 319216 --- [knowledgelink-trade] [org.springframework.amqp.rabbit.RabbitListenerEndpointContainer#1-11] o.s.a.r.l.SimpleMessageListenerContainer : Consumer raised exception, processing can restart if the connection factory supports it. Exception summary: org.springframework.amqp.AmqpConnectException: java.net.ConnectException: Connection timed out: getsockopt
2026-04-09T23:11:34.365+08:00  INFO 319216 --- [knowledgelink-trade] [org.springframework.amqp.rabbit.RabbitListenerEndpointContainer#1-11] o.s.a.r.l.SimpleMessageListenerContainer : Restarting Consumer@73ac6bf9: tags=[[]], channel=null, acknowledgeMode=AUTO local queue size=0
2026-04-09T23:11:50.338+08:00  INFO 319216 --- [knowledgelink-trade] [org.springframework.amqp.rabbit.RabbitListenerEndpointContainer#1-12] o.s.a.r.c.CachingConnectionFactory       : Attempting to connect to: [175.27.129.187:5672]
2026-04-09T23:11:55.420+08:00  WARN 319216 --- [knowledgelink-trade] [org.springframework.amqp.rabbit.RabbitListenerEndpointContainer#0-11] o.s.a.r.l.SimpleMessageListenerContainer : Consumer raised exception, processing can restart if the connection factory supports it. Exception summary: org.springframework.amqp.AmqpConnectException: java.net.ConnectException: Connection timed out: getsockopt
2026-04-09T23:11:55.420+08:00  INFO 319216 --- [knowledgelink-trade] [org.springframework.amqp.rabbit.RabbitListenerEndpointContainer#0-11] o.s.a.r.l.SimpleMessageListenerContainer : Restarting Consumer@69660a4c: tags=[[]], channel=null, acknowledgeMode=AUTO local queue size=0
2026-04-09T23:12:11.375+08:00  INFO 319216 --- [knowledgelink-trade] [org.springframework.amqp.rabbit.RabbitListenerEndpointContainer#0-12] o.s.a.r.c.CachingConnectionFactory       : Attempting to connect to: [175.27.129.187:5672]
2026-04-09T23:12:11.375+08:00 ERROR 319216 --- [knowledgelink-trade] [org.springframework.amqp.rabbit.RabbitListenerEndpointContainer#1-12] o.s.a.r.l.SimpleMessageListenerContainer : Failed to check/redeclare auto-delete queue(s).
2026-04-09T23:12:32.396+08:00  INFO 319216 --- [knowledgelink-trade] [org.springframework.amqp.rabbit.RabbitListenerEndpointContainer#1-12] o.s.a.r.c.CachingConnectionFactory       : Attempting to connect to: [175.27.129.187:5672]
2026-04-09T23:12:32.396+08:00 ERROR 319216 --- [knowledgelink-trade] [org.springframework.amqp.rabbit.RabbitListenerEndpointContainer#0-12] o.s.a.r.l.SimpleMessageListenerContainer : Failed to check/redeclare auto-delete queue(s).
2026-04-09T23:12:53.432+08:00  INFO 319216 --- [knowledgelink-trade] [org.springframework.amqp.rabbit.RabbitListenerEndpointContainer#0-12] o.s.a.r.c.CachingConnectionFactory       : Attempting to connect to: [175.27.129.187:5672]
2026-04-09T23:12:58.504+08:00  WARN 319216 --- [knowledgelink-trade] [org.springframework.amqp.rabbit.RabbitListenerEndpointContainer#1-12] o.s.a.r.l.SimpleMessageListenerContainer : Consumer raised exception, processing can restart if the connection factory supports it. Exception summary: org.springframework.amqp.AmqpConnectException: java.net.ConnectException: Connection timed out: getsockopt
2026-04-09T23:12:58.504+08:00  INFO 319216 --- [knowledgelink-trade] [org.springframework.amqp.rabbit.RabbitListenerEndpointContainer#1-12] o.s.a.r.l.SimpleMessageListenerContainer : Restarting Consumer@5a067c5b: tags=[[]], channel=null, acknowledgeMode=AUTO local queue size=0
2026-04-09T23:13:14.468+08:00  INFO 319216 --- [knowledgelink-trade] [org.springframework.amqp.rabbit.RabbitListenerEndpointContainer#1-13] o.s.a.r.c.CachingConnectionFactory       : Attempting to connect to: [175.27.129.187:5672]
2026-04-09T23:13:19.622+08:00  WARN 319216 --- [knowledgelink-trade] [org.springframework.amqp.rabbit.RabbitListenerEndpointContainer#0-12] o.s.a.r.l.SimpleMessageListenerContainer : Consumer raised exception, processing can restart if the connection factory supports it. Exception summary: org.springframework.amqp.AmqpConnectException: java.net.ConnectException: Connection timed out: getsockopt
2026-04-09T23:13:19.622+08:00  INFO 319216 --- [knowledgelink-trade] [org.springframework.amqp.rabbit.RabbitListenerEndpointContainer#0-12] o.s.a.r.l.SimpleMessageListenerContainer : Restarting Consumer@1f5ff04f: tags=[[]], channel=null, acknowledgeMode=AUTO local queue size=0
2026-04-09T23:13:35.504+08:00 ERROR 319216 --- [knowledgelink-trade] [org.springframework.amqp.rabbit.RabbitListenerEndpointContainer#1-13] o.s.a.r.l.SimpleMessageListenerContainer : Failed to check/redeclare auto-delete queue(s).
2026-04-09T23:13:35.504+08:00  INFO 319216 --- [knowledgelink-trade] [org.springframework.amqp.rabbit.RabbitListenerEndpointContainer#0-13] o.s.a.r.c.CachingConnectionFactory       : Attempting to connect to: [175.27.129.187:5672]
2026-04-09T23:13:56.539+08:00 ERROR 319216 --- [knowledgelink-trade] [org.springframework.amqp.rabbit.RabbitListenerEndpointContainer#0-13] o.s.a.r.l.SimpleMessageListenerContainer : Failed to check/redeclare auto-delete queue(s).
2026-04-09T23:13:56.539+08:00  INFO 319216 --- [knowledgelink-trade] [org.springframework.amqp.rabbit.RabbitListenerEndpointContainer#1-13] o.s.a.r.c.CachingConnectionFactory       : Attempting to connect to: [175.27.129.187:5672]
2026-04-09T23:14:17.574+08:00  INFO 319216 --- [knowledgelink-trade] [org.springframework.amqp.rabbit.RabbitListenerEndpointContainer#0-13] o.s.a.r.c.CachingConnectionFactory       : Attempting to connect to: [175.27.129.187:5672]
2026-04-09T23:14:22.683+08:00  WARN 319216 --- [knowledgelink-trade] [org.springframework.amqp.rabbit.RabbitListenerEndpointContainer#1-13] o.s.a.r.l.SimpleMessageListenerContainer : Consumer raised exception, processing can restart if the connection factory supports it. Exception summary: org.springframework.amqp.AmqpConnectException: java.net.ConnectException: Connection timed out: getsockopt
2026-04-09T23:14:22.683+08:00  INFO 319216 --- [knowledgelink-trade] [org.springframework.amqp.rabbit.RabbitListenerEndpointContainer#1-13] o.s.a.r.l.SimpleMessageListenerContainer : Restarting Consumer@478b550b: tags=[[]], channel=null, acknowledgeMode=AUTO local queue size=0
2026-04-09T23:14:38.625+08:00  INFO 319216 --- [knowledgelink-trade] [org.springframework.amqp.rabbit.RabbitListenerEndpointContainer#1-14] o.s.a.r.c.CachingConnectionFactory       : Attempting to connect to: [175.27.129.187:5672]
2026-04-09T23:14:43.743+08:00  WARN 319216 --- [knowledgelink-trade] [org.springframework.amqp.rabbit.RabbitListenerEndpointContainer#0-13] o.s.a.r.l.SimpleMessageListenerContainer : Consumer raised exception, processing can restart if the connection factory supports it. Exception summary: org.springframework.amqp.AmqpConnectException: java.net.ConnectException: Connection timed out: getsockopt
2026-04-09T23:14:43.743+08:00  INFO 319216 --- [knowledgelink-trade] [org.springframework.amqp.rabbit.RabbitListenerEndpointContainer#0-13] o.s.a.r.l.SimpleMessageListenerContainer : Restarting Consumer@4b3b4142: tags=[[]], channel=null, acknowledgeMode=AUTO local queue size=0
2026-04-09T23:14:59.667+08:00 ERROR 319216 --- [knowledgelink-trade] [org.springframework.amqp.rabbit.RabbitListenerEndpointContainer#1-14] o.s.a.r.l.SimpleMessageListenerContainer : Failed to check/redeclare auto-delete queue(s).
2026-04-09T23:14:59.667+08:00  INFO 319216 --- [knowledgelink-trade] [org.springframework.amqp.rabbit.RabbitListenerEndpointContainer#0-14] o.s.a.r.c.CachingConnectionFactory       : Attempting to connect to: [175.27.129.187:5672]
2026-04-09T23:15:20.690+08:00  INFO 319216 --- [knowledgelink-trade] [org.springframework.amqp.rabbit.RabbitListenerEndpointContainer#1-14] o.s.a.r.c.CachingConnectionFactory       : Attempting to connect to: [175.27.129.187:5672]
2026-04-09T23:15:20.690+08:00 ERROR 319216 --- [knowledgelink-trade] [org.springframework.amqp.rabbit.RabbitListenerEndpointContainer#0-14] o.s.a.r.l.SimpleMessageListenerContainer : Failed to check/redeclare auto-delete queue(s).
2026-04-09T23:15:41.725+08:00  INFO 319216 --- [knowledgelink-trade] [org.springframework.amqp.rabbit.RabbitListenerEndpointContainer#0-14] o.s.a.r.c.CachingConnectionFactory       : Attempting to connect to: [175.27.129.187:5672]
2026-04-09T23:15:46.836+08:00  WARN 319216 --- [knowledgelink-trade] [org.springframework.amqp.rabbit.RabbitListenerEndpointContainer#1-14] o.s.a.r.l.SimpleMessageListenerContainer : Consumer raised exception, processing can restart if the connection factory supports it. Exception summary: org.springframework.amqp.AmqpConnectException: java.net.ConnectException: Connection timed out: getsockopt
2026-04-09T23:15:46.836+08:00  INFO 319216 --- [knowledgelink-trade] [org.springframework.amqp.rabbit.RabbitListenerEndpointContainer#1-14] o.s.a.r.l.SimpleMessageListenerContainer : Restarting Consumer@40dd447f: tags=[[]], channel=null, acknowledgeMode=AUTO local queue size=0
2026-04-09T23:16:02.739+08:00  INFO 319216 --- [knowledgelink-trade] [org.springframework.amqp.rabbit.RabbitListenerEndpointContainer#1-15] o.s.a.r.c.CachingConnectionFactory       : Attempting to connect to: [175.27.129.187:5672]
2026-04-09T23:16:07.841+08:00  WARN 319216 --- [knowledgelink-trade] [org.springframework.amqp.rabbit.RabbitListenerEndpointContainer#0-14] o.s.a.r.l.SimpleMessageListenerContainer : Consumer raised exception, processing can restart if the connection factory supports it. Exception summary: org.springframework.amqp.AmqpConnectException: java.net.ConnectException: Connection timed out: getsockopt
2026-04-09T23:16:07.841+08:00  INFO 319216 --- [knowledgelink-trade] [org.springframework.amqp.rabbit.RabbitListenerEndpointContainer#0-14] o.s.a.r.l.SimpleMessageListenerContainer : Restarting Consumer@42d85842: tags=[[]], channel=null, acknowledgeMode=AUTO local queue size=0
