id,user_id,title,summary,content,cover_avatar,label,subject,sub_classify,type,visible_range,page_views,like_count,collect_count,comment_count,create_time,update_time
700000000000000001,10001,Forum Post 1 Java,Summary for forum post 1 about 后端开发,This is forum post 1 content with practical notes on Java and 后端开发,https://cdn.knowledgelink.local/forum/cover_1.jpg,Java,后端开发,基础,技术分享,公开,37,8,4,4,2026-01-01 08:13:00,2026-01-01 08:33:00
700000000000000002,10002,Forum Post 2 SpringBoot,Summary for forum post 2 about 数据库,This is forum post 2 content with practical notes on SpringBoot and 数据库,https://cdn.knowledgelink.local/forum/cover_2.jpg,SpringBoot,数据库,进阶,问题求助,公开,44,13,7,8,2026-01-01 08:26:00,2026-01-01 08:46:00
700000000000000003,10003,Forum Post 3 MySQL,Summary for forum post 3 about 中间件,This is forum post 3 content with practical notes on MySQL and 中间件,https://cdn.knowledgelink.local/forum/cover_3.jpg,MySQL,中间件,实战,经验总结,公开,51,18,10,12,2026-01-01 08:39:00,2026-01-01 08:59:00
700000000000000004,10004,Forum Post 4 Redis,Summary for forum post 4 about 系统设计,This is forum post 4 content with practical notes on Redis and 系统设计,https://cdn.knowledgelink.local/forum/cover_4.jpg,Redis,系统设计,踩坑,技术分享,公开,58,23,13,16,2026-01-01 08:52:00,2026-01-01 09:12:00
700000000000000005,10005,Forum Post 5 Elasticsearch,Summary for forum post 5 about 性能优化,This is forum post 5 content with practical notes on Elasticsearch and 性能优化,https://cdn.knowledgelink.local/forum/cover_5.jpg,Elasticsearch,性能优化,面试,问题求助,公开,65,28,16,20,2026-01-01 09:05:00,2026-01-01 09:25:00
700000000000000006,10006,Forum Post 6 Java,Summary for forum post 6 about 后端开发,This is forum post 6 content with practical notes on Java and 后端开发,https://cdn.knowledgelink.local/forum/cover_6.jpg,Java,后端开发,基础,经验总结,公开,72,33,19,24,2026-01-01 09:18:00,2026-01-01 09:38:00
700000000000000007,10007,Forum Post 7 SpringBoot,Summary for forum post 7 about 数据库,This is forum post 7 content with practical notes on SpringBoot and 数据库,https://cdn.knowledgelink.local/forum/cover_7.jpg,SpringBoot,数据库,进阶,技术分享,公开,79,38,22,28,2026-01-01 09:31:00,2026-01-01 09:51:00
700000000000000008,10008,Forum Post 8 MySQL,Summary for forum post 8 about 中间件,This is forum post 8 content with practical notes on MySQL and 中间件,https://cdn.knowledgelink.local/forum/cover_8.jpg,MySQL,中间件,实战,问题求助,公开,86,43,25,32,2026-01-01 09:44:00,2026-01-01 10:04:00
700000000000000009,10009,Forum Post 9 Redis,Summary for forum post 9 about 系统设计,This is forum post 9 content with practical notes on Redis and 系统设计,https://cdn.knowledgelink.local/forum/cover_9.jpg,Redis,系统设计,踩坑,经验总结,公开,93,48,28,36,2026-01-01 09:57:00,2026-01-01 10:17:00
700000000000000010,10010,Forum Post 10 Elasticsearch,Summary for forum post 10 about 性能优化,This is forum post 10 content with practical notes on Elasticsearch and 性能优化,https://cdn.knowledgelink.local/forum/cover_10.jpg,Elasticsearch,性能优化,面试,技术分享,公开,100,53,31,40,2026-01-01 10:10:00,2026-01-01 10:30:00
700000000000000011,10011,Forum Post 11 Java,Summary for forum post 11 about 后端开发,This is forum post 11 content with practical notes on Java and 后端开发,https://cdn.knowledgelink.local/forum/cover_11.jpg,Java,后端开发,基础,问题求助,公开,107,58,34,44,2026-01-01 10:23:00,2026-01-01 10:43:00
700000000000000012,10012,Forum Post 12 SpringBoot,Summary for forum post 12 about 数据库,This is forum post 12 content with practical notes on SpringBoot and 数据库,https://cdn.knowledgelink.local/forum/cover_12.jpg,SpringBoot,数据库,进阶,经验总结,公开,114,63,37,48,2026-01-01 10:36:00,2026-01-01 10:56:00
700000000000000013,10013,Forum Post 13 MySQL,Summary for forum post 13 about 中间件,This is forum post 13 content with practical notes on MySQL and 中间件,https://cdn.knowledgelink.local/forum/cover_13.jpg,MySQL,中间件,实战,技术分享,公开,121,68,40,52,2026-01-01 10:49:00,2026-01-01 11:09:00
700000000000000014,10014,Forum Post 14 Redis,Summary for forum post 14 about 系统设计,This is forum post 14 content with practical notes on Redis and 系统设计,https://cdn.knowledgelink.local/forum/cover_14.jpg,Redis,系统设计,踩坑,问题求助,公开,128,73,43,56,2026-01-01 11:02:00,2026-01-01 11:22:00
700000000000000015,10015,Forum Post 15 Elasticsearch,Summary for forum post 15 about 性能优化,This is forum post 15 content with practical notes on Elasticsearch and 性能优化,https://cdn.knowledgelink.local/forum/cover_15.jpg,Elasticsearch,性能优化,面试,经验总结,公开,135,78,46,60,2026-01-01 11:15:00,2026-01-01 11:35:00
700000000000000016,10016,Forum Post 16 Java,Summary for forum post 16 about 后端开发,This is forum post 16 content with practical notes on Java and 后端开发,https://cdn.knowledgelink.local/forum/cover_16.jpg,Java,后端开发,基础,技术分享,公开,142,83,49,64,2026-01-01 11:28:00,2026-01-01 11:48:00
700000000000000017,10017,Forum Post 17 SpringBoot,Summary for forum post 17 about 数据库,This is forum post 17 content with practical notes on SpringBoot and 数据库,https://cdn.knowledgelink.local/forum/cover_17.jpg,SpringBoot,数据库,进阶,问题求助,公开,149,88,52,68,2026-01-01 11:41:00,2026-01-01 12:01:00
700000000000000018,10018,Forum Post 18 MySQL,Summary for forum post 18 about 中间件,This is forum post 18 content with practical notes on MySQL and 中间件,https://cdn.knowledgelink.local/forum/cover_18.jpg,MySQL,中间件,实战,经验总结,公开,156,93,55,72,2026-01-01 11:54:00,2026-01-01 12:14:00
700000000000000019,10019,Forum Post 19 Redis,Summary for forum post 19 about 系统设计,This is forum post 19 content with practical notes on Redis and 系统设计,https://cdn.knowledgelink.local/forum/cover_19.jpg,Redis,系统设计,踩坑,技术分享,公开,163,98,58,76,2026-01-01 12:07:00,2026-01-01 12:27:00
700000000000000020,10020,Forum Post 20 Elasticsearch,Summary for forum post 20 about 性能优化,This is forum post 20 content with practical notes on Elasticsearch and 性能优化,https://cdn.knowledgelink.local/forum/cover_20.jpg,Elasticsearch,性能优化,面试,问题求助,公开,170,103,61,80,2026-01-01 12:20:00,2026-01-01 12:40:00
700000000000000021,10021,Forum Post 21 Java,Summary for forum post 21 about 后端开发,This is forum post 21 content with practical notes on Java and 后端开发,https://cdn.knowledgelink.local/forum/cover_21.jpg,Java,后端开发,基础,经验总结,公开,177,108,64,84,2026-01-01 12:33:00,2026-01-01 12:53:00
700000000000000022,10022,Forum Post 22 SpringBoot,Summary for forum post 22 about 数据库,This is forum post 22 content with practical notes on SpringBoot and 数据库,https://cdn.knowledgelink.local/forum/cover_22.jpg,SpringBoot,数据库,进阶,技术分享,公开,184,113,67,88,2026-01-01 12:46:00,2026-01-01 13:06:00
700000000000000023,10023,Forum Post 23 MySQL,Summary for forum post 23 about 中间件,This is forum post 23 content with practical notes on MySQL and 中间件,https://cdn.knowledgelink.local/forum/cover_23.jpg,MySQL,中间件,实战,问题求助,公开,191,118,70,92,2026-01-01 12:59:00,2026-01-01 13:19:00
700000000000000024,10024,Forum Post 24 Redis,Summary for forum post 24 about 系统设计,This is forum post 24 content with practical notes on Redis and 系统设计,https://cdn.knowledgelink.local/forum/cover_24.jpg,Redis,系统设计,踩坑,经验总结,公开,198,123,73,96,2026-01-01 13:12:00,2026-01-01 13:32:00
700000000000000025,10025,Forum Post 25 Elasticsearch,Summary for forum post 25 about 性能优化,This is forum post 25 content with practical notes on Elasticsearch and 性能优化,https://cdn.knowledgelink.local/forum/cover_25.jpg,Elasticsearch,性能优化,面试,技术分享,公开,205,128,76,100,2026-01-01 13:25:00,2026-01-01 13:45:00
700000000000000026,10026,Forum Post 26 Java,Summary for forum post 26 about 后端开发,This is forum post 26 content with practical notes on Java and 后端开发,https://cdn.knowledgelink.local/forum/cover_26.jpg,Java,后端开发,基础,问题求助,公开,212,133,79,104,2026-01-01 13:38:00,2026-01-01 13:58:00
700000000000000027,10027,Forum Post 27 SpringBoot,Summary for forum post 27 about 数据库,This is forum post 27 content with practical notes on SpringBoot and 数据库,https://cdn.knowledgelink.local/forum/cover_27.jpg,SpringBoot,数据库,进阶,经验总结,公开,219,138,82,108,2026-01-01 13:51:00,2026-01-01 14:11:00
700000000000000028,10028,Forum Post 28 MySQL,Summary for forum post 28 about 中间件,This is forum post 28 content with practical notes on MySQL and 中间件,https://cdn.knowledgelink.local/forum/cover_28.jpg,MySQL,中间件,实战,技术分享,公开,226,143,85,112,2026-01-01 14:04:00,2026-01-01 14:24:00
700000000000000029,10029,Forum Post 29 Redis,Summary for forum post 29 about 系统设计,This is forum post 29 content with practical notes on Redis and 系统设计,https://cdn.knowledgelink.local/forum/cover_29.jpg,Redis,系统设计,踩坑,问题求助,公开,233,148,88,116,2026-01-01 14:17:00,2026-01-01 14:37:00
700000000000000030,10030,Forum Post 30 Elasticsearch,Summary for forum post 30 about 性能优化,This is forum post 30 content with practical notes on Elasticsearch and 性能优化,https://cdn.knowledgelink.local/forum/cover_30.jpg,Elasticsearch,性能优化,面试,经验总结,公开,240,153,91,120,2026-01-01 14:30:00,2026-01-01 14:50:00
700000000000000031,10031,Forum Post 31 Java,Summary for forum post 31 about 后端开发,This is forum post 31 content with practical notes on Java and 后端开发,https://cdn.knowledgelink.local/forum/cover_31.jpg,Java,后端开发,基础,技术分享,公开,247,158,94,124,2026-01-01 14:43:00,2026-01-01 15:03:00
700000000000000032,10032,Forum Post 32 SpringBoot,Summary for forum post 32 about 数据库,This is forum post 32 content with practical notes on SpringBoot and 数据库,https://cdn.knowledgelink.local/forum/cover_32.jpg,SpringBoot,数据库,进阶,问题求助,公开,254,163,97,128,2026-01-01 14:56:00,2026-01-01 15:16:00
700000000000000033,10033,Forum Post 33 MySQL,Summary for forum post 33 about 中间件,This is forum post 33 content with practical notes on MySQL and 中间件,https://cdn.knowledgelink.local/forum/cover_33.jpg,MySQL,中间件,实战,经验总结,公开,261,168,100,132,2026-01-01 15:09:00,2026-01-01 15:29:00
700000000000000034,10034,Forum Post 34 Redis,Summary for forum post 34 about 系统设计,This is forum post 34 content with practical notes on Redis and 系统设计,https://cdn.knowledgelink.local/forum/cover_34.jpg,Redis,系统设计,踩坑,技术分享,公开,268,173,103,136,2026-01-01 15:22:00,2026-01-01 15:42:00
700000000000000035,10035,Forum Post 35 Elasticsearch,Summary for forum post 35 about 性能优化,This is forum post 35 content with practical notes on Elasticsearch and 性能优化,https://cdn.knowledgelink.local/forum/cover_35.jpg,Elasticsearch,性能优化,面试,问题求助,公开,275,178,106,140,2026-01-01 15:35:00,2026-01-01 15:55:00
700000000000000036,10036,Forum Post 36 Java,Summary for forum post 36 about 后端开发,This is forum post 36 content with practical notes on Java and 后端开发,https://cdn.knowledgelink.local/forum/cover_36.jpg,Java,后端开发,基础,经验总结,公开,282,183,109,144,2026-01-01 15:48:00,2026-01-01 16:08:00
700000000000000037,10037,Forum Post 37 SpringBoot,Summary for forum post 37 about 数据库,This is forum post 37 content with practical notes on SpringBoot and 数据库,https://cdn.knowledgelink.local/forum/cover_37.jpg,SpringBoot,数据库,进阶,技术分享,公开,289,188,112,148,2026-01-01 16:01:00,2026-01-01 16:21:00
700000000000000038,10038,Forum Post 38 MySQL,Summary for forum post 38 about 中间件,This is forum post 38 content with practical notes on MySQL and 中间件,https://cdn.knowledgelink.local/forum/cover_38.jpg,MySQL,中间件,实战,问题求助,公开,296,193,115,152,2026-01-01 16:14:00,2026-01-01 16:34:00
700000000000000039,10039,Forum Post 39 Redis,Summary for forum post 39 about 系统设计,This is forum post 39 content with practical notes on Redis and 系统设计,https://cdn.knowledgelink.local/forum/cover_39.jpg,Redis,系统设计,踩坑,经验总结,公开,303,198,118,156,2026-01-01 16:27:00,2026-01-01 16:47:00
700000000000000040,10040,Forum Post 40 Elasticsearch,Summary for forum post 40 about 性能优化,This is forum post 40 content with practical notes on Elasticsearch and 性能优化,https://cdn.knowledgelink.local/forum/cover_40.jpg,Elasticsearch,性能优化,面试,技术分享,公开,310,203,1,160,2026-01-01 16:40:00,2026-01-01 17:00:00
700000000000000041,10041,Forum Post 41 Java,Summary for forum post 41 about 后端开发,This is forum post 41 content with practical notes on Java and 后端开发,https://cdn.knowledgelink.local/forum/cover_41.jpg,Java,后端开发,基础,问题求助,公开,317,208,4,164,2026-01-01 16:53:00,2026-01-01 17:13:00
700000000000000042,10042,Forum Post 42 SpringBoot,Summary for forum post 42 about 数据库,This is forum post 42 content with practical notes on SpringBoot and 数据库,https://cdn.knowledgelink.local/forum/cover_42.jpg,SpringBoot,数据库,进阶,经验总结,公开,324,213,7,168,2026-01-01 17:06:00,2026-01-01 17:26:00
700000000000000043,10043,Forum Post 43 MySQL,Summary for forum post 43 about 中间件,This is forum post 43 content with practical notes on MySQL and 中间件,https://cdn.knowledgelink.local/forum/cover_43.jpg,MySQL,中间件,实战,技术分享,公开,331,218,10,172,2026-01-01 17:19:00,2026-01-01 17:39:00
700000000000000044,10044,Forum Post 44 Redis,Summary for forum post 44 about 系统设计,This is forum post 44 content with practical notes on Redis and 系统设计,https://cdn.knowledgelink.local/forum/cover_44.jpg,Redis,系统设计,踩坑,问题求助,公开,338,223,13,176,2026-01-01 17:32:00,2026-01-01 17:52:00
700000000000000045,10045,Forum Post 45 Elasticsearch,Summary for forum post 45 about 性能优化,This is forum post 45 content with practical notes on Elasticsearch and 性能优化,https://cdn.knowledgelink.local/forum/cover_45.jpg,Elasticsearch,性能优化,面试,经验总结,公开,345,228,16,0,2026-01-01 17:45:00,2026-01-01 18:05:00
700000000000000046,10046,Forum Post 46 Java,Summary for forum post 46 about 后端开发,This is forum post 46 content with practical notes on Java and 后端开发,https://cdn.knowledgelink.local/forum/cover_46.jpg,Java,后端开发,基础,技术分享,公开,352,233,19,4,2026-01-01 17:58:00,2026-01-01 18:18:00
700000000000000047,10047,Forum Post 47 SpringBoot,Summary for forum post 47 about 数据库,This is forum post 47 content with practical notes on SpringBoot and 数据库,https://cdn.knowledgelink.local/forum/cover_47.jpg,SpringBoot,数据库,进阶,问题求助,公开,359,238,22,8,2026-01-01 18:11:00,2026-01-01 18:31:00
700000000000000048,10048,Forum Post 48 MySQL,Summary for forum post 48 about 中间件,This is forum post 48 content with practical notes on MySQL and 中间件,https://cdn.knowledgelink.local/forum/cover_48.jpg,MySQL,中间件,实战,经验总结,公开,366,243,25,12,2026-01-01 18:24:00,2026-01-01 18:44:00
700000000000000049,10049,Forum Post 49 Redis,Summary for forum post 49 about 系统设计,This is forum post 49 content with practical notes on Redis and 系统设计,https://cdn.knowledgelink.local/forum/cover_49.jpg,Redis,系统设计,踩坑,技术分享,公开,373,248,28,16,2026-01-01 18:37:00,2026-01-01 18:57:00
700000000000000050,10050,Forum Post 50 Elasticsearch,Summary for forum post 50 about 性能优化,This is forum post 50 content with practical notes on Elasticsearch and 性能优化,https://cdn.knowledgelink.local/forum/cover_50.jpg,Elasticsearch,性能优化,面试,问题求助,公开,380,253,31,20,2026-01-01 18:50:00,2026-01-01 19:10:00
700000000000000051,10051,Forum Post 51 Java,Summary for forum post 51 about 后端开发,This is forum post 51 content with practical notes on Java and 后端开发,https://cdn.knowledgelink.local/forum/cover_51.jpg,Java,后端开发,基础,经验总结,公开,387,258,34,24,2026-01-01 19:03:00,2026-01-01 19:23:00
700000000000000052,10052,Forum Post 52 SpringBoot,Summary for forum post 52 about 数据库,This is forum post 52 content with practical notes on SpringBoot and 数据库,https://cdn.knowledgelink.local/forum/cover_52.jpg,SpringBoot,数据库,进阶,技术分享,公开,394,263,37,28,2026-01-01 19:16:00,2026-01-01 19:36:00
700000000000000053,10053,Forum Post 53 MySQL,Summary for forum post 53 about 中间件,This is forum post 53 content with practical notes on MySQL and 中间件,https://cdn.knowledgelink.local/forum/cover_53.jpg,MySQL,中间件,实战,问题求助,公开,401,268,40,32,2026-01-01 19:29:00,2026-01-01 19:49:00
700000000000000054,10054,Forum Post 54 Redis,Summary for forum post 54 about 系统设计,This is forum post 54 content with practical notes on Redis and 系统设计,https://cdn.knowledgelink.local/forum/cover_54.jpg,Redis,系统设计,踩坑,经验总结,公开,408,273,43,36,2026-01-01 19:42:00,2026-01-01 20:02:00
700000000000000055,10055,Forum Post 55 Elasticsearch,Summary for forum post 55 about 性能优化,This is forum post 55 content with practical notes on Elasticsearch and 性能优化,https://cdn.knowledgelink.local/forum/cover_55.jpg,Elasticsearch,性能优化,面试,技术分享,公开,415,278,46,40,2026-01-01 19:55:00,2026-01-01 20:15:00
700000000000000056,10056,Forum Post 56 Java,Summary for forum post 56 about 后端开发,This is forum post 56 content with practical notes on Java and 后端开发,https://cdn.knowledgelink.local/forum/cover_56.jpg,Java,后端开发,基础,问题求助,公开,422,283,49,44,2026-01-01 20:08:00,2026-01-01 20:28:00
700000000000000057,10057,Forum Post 57 SpringBoot,Summary for forum post 57 about 数据库,This is forum post 57 content with practical notes on SpringBoot and 数据库,https://cdn.knowledgelink.local/forum/cover_57.jpg,SpringBoot,数据库,进阶,经验总结,公开,429,288,52,48,2026-01-01 20:21:00,2026-01-01 20:41:00
700000000000000058,10058,Forum Post 58 MySQL,Summary for forum post 58 about 中间件,This is forum post 58 content with practical notes on MySQL and 中间件,https://cdn.knowledgelink.local/forum/cover_58.jpg,MySQL,中间件,实战,技术分享,公开,436,293,55,52,2026-01-01 20:34:00,2026-01-01 20:54:00
700000000000000059,10059,Forum Post 59 Redis,Summary for forum post 59 about 系统设计,This is forum post 59 content with practical notes on Redis and 系统设计,https://cdn.knowledgelink.local/forum/cover_59.jpg,Redis,系统设计,踩坑,问题求助,公开,443,298,58,56,2026-01-01 20:47:00,2026-01-01 21:07:00
700000000000000060,10060,Forum Post 60 Elasticsearch,Summary for forum post 60 about 性能优化,This is forum post 60 content with practical notes on Elasticsearch and 性能优化,https://cdn.knowledgelink.local/forum/cover_60.jpg,Elasticsearch,性能优化,面试,经验总结,公开,450,3,61,60,2026-01-01 21:00:00,2026-01-01 21:20:00
700000000000000061,10061,Forum Post 61 Java,Summary for forum post 61 about 后端开发,This is forum post 61 content with practical notes on Java and 后端开发,https://cdn.knowledgelink.local/forum/cover_61.jpg,Java,后端开发,基础,技术分享,公开,457,8,64,64,2026-01-01 21:13:00,2026-01-01 21:33:00
700000000000000062,10062,Forum Post 62 SpringBoot,Summary for forum post 62 about 数据库,This is forum post 62 content with practical notes on SpringBoot and 数据库,https://cdn.knowledgelink.local/forum/cover_62.jpg,SpringBoot,数据库,进阶,问题求助,公开,464,13,67,68,2026-01-01 21:26:00,2026-01-01 21:46:00
700000000000000063,10063,Forum Post 63 MySQL,Summary for forum post 63 about 中间件,This is forum post 63 content with practical notes on MySQL and 中间件,https://cdn.knowledgelink.local/forum/cover_63.jpg,MySQL,中间件,实战,经验总结,公开,471,18,70,72,2026-01-01 21:39:00,2026-01-01 21:59:00
700000000000000064,10064,Forum Post 64 Redis,Summary for forum post 64 about 系统设计,This is forum post 64 content with practical notes on Redis and 系统设计,https://cdn.knowledgelink.local/forum/cover_64.jpg,Redis,系统设计,踩坑,技术分享,公开,478,23,73,76,2026-01-01 21:52:00,2026-01-01 22:12:00
700000000000000065,10065,Forum Post 65 Elasticsearch,Summary for forum post 65 about 性能优化,This is forum post 65 content with practical notes on Elasticsearch and 性能优化,https://cdn.knowledgelink.local/forum/cover_65.jpg,Elasticsearch,性能优化,面试,问题求助,公开,485,28,76,80,2026-01-01 22:05:00,2026-01-01 22:25:00
700000000000000066,10066,Forum Post 66 Java,Summary for forum post 66 about 后端开发,This is forum post 66 content with practical notes on Java and 后端开发,https://cdn.knowledgelink.local/forum/cover_66.jpg,Java,后端开发,基础,经验总结,公开,492,33,79,84,2026-01-01 22:18:00,2026-01-01 22:38:00
700000000000000067,10067,Forum Post 67 SpringBoot,Summary for forum post 67 about 数据库,This is forum post 67 content with practical notes on SpringBoot and 数据库,https://cdn.knowledgelink.local/forum/cover_67.jpg,SpringBoot,数据库,进阶,技术分享,公开,499,38,82,88,2026-01-01 22:31:00,2026-01-01 22:51:00
700000000000000068,10068,Forum Post 68 MySQL,Summary for forum post 68 about 中间件,This is forum post 68 content with practical notes on MySQL and 中间件,https://cdn.knowledgelink.local/forum/cover_68.jpg,MySQL,中间件,实战,问题求助,公开,506,43,85,92,2026-01-01 22:44:00,2026-01-01 23:04:00
700000000000000069,10069,Forum Post 69 Redis,Summary for forum post 69 about 系统设计,This is forum post 69 content with practical notes on Redis and 系统设计,https://cdn.knowledgelink.local/forum/cover_69.jpg,Redis,系统设计,踩坑,经验总结,公开,513,48,88,96,2026-01-01 22:57:00,2026-01-01 23:17:00
700000000000000070,10070,Forum Post 70 Elasticsearch,Summary for forum post 70 about 性能优化,This is forum post 70 content with practical notes on Elasticsearch and 性能优化,https://cdn.knowledgelink.local/forum/cover_70.jpg,Elasticsearch,性能优化,面试,技术分享,公开,520,53,91,100,2026-01-01 23:10:00,2026-01-01 23:30:00
700000000000000071,10071,Forum Post 71 Java,Summary for forum post 71 about 后端开发,This is forum post 71 content with practical notes on Java and 后端开发,https://cdn.knowledgelink.local/forum/cover_71.jpg,Java,后端开发,基础,问题求助,公开,527,58,94,104,2026-01-01 23:23:00,2026-01-01 23:43:00
700000000000000072,10072,Forum Post 72 SpringBoot,Summary for forum post 72 about 数据库,This is forum post 72 content with practical notes on SpringBoot and 数据库,https://cdn.knowledgelink.local/forum/cover_72.jpg,SpringBoot,数据库,进阶,经验总结,公开,534,63,97,108,2026-01-01 23:36:00,2026-01-01 23:56:00
700000000000000073,10073,Forum Post 73 MySQL,Summary for forum post 73 about 中间件,This is forum post 73 content with practical notes on MySQL and 中间件,https://cdn.knowledgelink.local/forum/cover_73.jpg,MySQL,中间件,实战,技术分享,公开,541,68,100,112,2026-01-01 23:49:00,2026-01-02 00:09:00
700000000000000074,10074,Forum Post 74 Redis,Summary for forum post 74 about 系统设计,This is forum post 74 content with practical notes on Redis and 系统设计,https://cdn.knowledgelink.local/forum/cover_74.jpg,Redis,系统设计,踩坑,问题求助,公开,548,73,103,116,2026-01-02 00:02:00,2026-01-02 00:22:00
700000000000000075,10075,Forum Post 75 Elasticsearch,Summary for forum post 75 about 性能优化,This is forum post 75 content with practical notes on Elasticsearch and 性能优化,https://cdn.knowledgelink.local/forum/cover_75.jpg,Elasticsearch,性能优化,面试,经验总结,公开,555,78,106,120,2026-01-02 00:15:00,2026-01-02 00:35:00
700000000000000076,10076,Forum Post 76 Java,Summary for forum post 76 about 后端开发,This is forum post 76 content with practical notes on Java and 后端开发,https://cdn.knowledgelink.local/forum/cover_76.jpg,Java,后端开发,基础,技术分享,公开,562,83,109,124,2026-01-02 00:28:00,2026-01-02 00:48:00
700000000000000077,10077,Forum Post 77 SpringBoot,Summary for forum post 77 about 数据库,This is forum post 77 content with practical notes on SpringBoot and 数据库,https://cdn.knowledgelink.local/forum/cover_77.jpg,SpringBoot,数据库,进阶,问题求助,公开,569,88,112,128,2026-01-02 00:41:00,2026-01-02 01:01:00
700000000000000078,10078,Forum Post 78 MySQL,Summary for forum post 78 about 中间件,This is forum post 78 content with practical notes on MySQL and 中间件,https://cdn.knowledgelink.local/forum/cover_78.jpg,MySQL,中间件,实战,经验总结,公开,576,93,115,132,2026-01-02 00:54:00,2026-01-02 01:14:00
700000000000000079,10079,Forum Post 79 Redis,Summary for forum post 79 about 系统设计,This is forum post 79 content with practical notes on Redis and 系统设计,https://cdn.knowledgelink.local/forum/cover_79.jpg,Redis,系统设计,踩坑,技术分享,公开,583,98,118,136,2026-01-02 01:07:00,2026-01-02 01:27:00
700000000000000080,10080,Forum Post 80 Elasticsearch,Summary for forum post 80 about 性能优化,This is forum post 80 content with practical notes on Elasticsearch and 性能优化,https://cdn.knowledgelink.local/forum/cover_80.jpg,Elasticsearch,性能优化,面试,问题求助,公开,590,103,1,140,2026-01-02 01:20:00,2026-01-02 01:40:00
700000000000000081,10001,Forum Post 81 Java,Summary for forum post 81 about 后端开发,This is forum post 81 content with practical notes on Java and 后端开发,https://cdn.knowledgelink.local/forum/cover_81.jpg,Java,后端开发,基础,经验总结,公开,597,108,4,144,2026-01-02 01:33:00,2026-01-02 01:53:00
700000000000000082,10002,Forum Post 82 SpringBoot,Summary for forum post 82 about 数据库,This is forum post 82 content with practical notes on SpringBoot and 数据库,https://cdn.knowledgelink.local/forum/cover_82.jpg,SpringBoot,数据库,进阶,技术分享,公开,604,113,7,148,2026-01-02 01:46:00,2026-01-02 02:06:00
700000000000000083,10003,Forum Post 83 MySQL,Summary for forum post 83 about 中间件,This is forum post 83 content with practical notes on MySQL and 中间件,https://cdn.knowledgelink.local/forum/cover_83.jpg,MySQL,中间件,实战,问题求助,公开,611,118,10,152,2026-01-02 01:59:00,2026-01-02 02:19:00
700000000000000084,10004,Forum Post 84 Redis,Summary for forum post 84 about 系统设计,This is forum post 84 content with practical notes on Redis and 系统设计,https://cdn.knowledgelink.local/forum/cover_84.jpg,Redis,系统设计,踩坑,经验总结,公开,618,123,13,156,2026-01-02 02:12:00,2026-01-02 02:32:00
700000000000000085,10005,Forum Post 85 Elasticsearch,Summary for forum post 85 about 性能优化,This is forum post 85 content with practical notes on Elasticsearch and 性能优化,https://cdn.knowledgelink.local/forum/cover_85.jpg,Elasticsearch,性能优化,面试,技术分享,公开,625,128,16,160,2026-01-02 02:25:00,2026-01-02 02:45:00
700000000000000086,10006,Forum Post 86 Java,Summary for forum post 86 about 后端开发,This is forum post 86 content with practical notes on Java and 后端开发,https://cdn.knowledgelink.local/forum/cover_86.jpg,Java,后端开发,基础,问题求助,公开,632,133,19,164,2026-01-02 02:38:00,2026-01-02 02:58:00
700000000000000087,10007,Forum Post 87 SpringBoot,Summary for forum post 87 about 数据库,This is forum post 87 content with practical notes on SpringBoot and 数据库,https://cdn.knowledgelink.local/forum/cover_87.jpg,SpringBoot,数据库,进阶,经验总结,公开,639,138,22,168,2026-01-02 02:51:00,2026-01-02 03:11:00
700000000000000088,10008,Forum Post 88 MySQL,Summary for forum post 88 about 中间件,This is forum post 88 content with practical notes on MySQL and 中间件,https://cdn.knowledgelink.local/forum/cover_88.jpg,MySQL,中间件,实战,技术分享,公开,646,143,25,172,2026-01-02 03:04:00,2026-01-02 03:24:00
700000000000000089,10009,Forum Post 89 Redis,Summary for forum post 89 about 系统设计,This is forum post 89 content with practical notes on Redis and 系统设计,https://cdn.knowledgelink.local/forum/cover_89.jpg,Redis,系统设计,踩坑,问题求助,公开,653,148,28,176,2026-01-02 03:17:00,2026-01-02 03:37:00
700000000000000090,10010,Forum Post 90 Elasticsearch,Summary for forum post 90 about 性能优化,This is forum post 90 content with practical notes on Elasticsearch and 性能优化,https://cdn.knowledgelink.local/forum/cover_90.jpg,Elasticsearch,性能优化,面试,经验总结,公开,660,153,31,0,2026-01-02 03:30:00,2026-01-02 03:50:00
700000000000000091,10011,Forum Post 91 Java,Summary for forum post 91 about 后端开发,This is forum post 91 content with practical notes on Java and 后端开发,https://cdn.knowledgelink.local/forum/cover_91.jpg,Java,后端开发,基础,技术分享,公开,667,158,34,4,2026-01-02 03:43:00,2026-01-02 04:03:00
700000000000000092,10012,Forum Post 92 SpringBoot,Summary for forum post 92 about 数据库,This is forum post 92 content with practical notes on SpringBoot and 数据库,https://cdn.knowledgelink.local/forum/cover_92.jpg,SpringBoot,数据库,进阶,问题求助,公开,674,163,37,8,2026-01-02 03:56:00,2026-01-02 04:16:00
700000000000000093,10013,Forum Post 93 MySQL,Summary for forum post 93 about 中间件,This is forum post 93 content with practical notes on MySQL and 中间件,https://cdn.knowledgelink.local/forum/cover_93.jpg,MySQL,中间件,实战,经验总结,公开,681,168,40,12,2026-01-02 04:09:00,2026-01-02 04:29:00
700000000000000094,10014,Forum Post 94 Redis,Summary for forum post 94 about 系统设计,This is forum post 94 content with practical notes on Redis and 系统设计,https://cdn.knowledgelink.local/forum/cover_94.jpg,Redis,系统设计,踩坑,技术分享,公开,688,173,43,16,2026-01-02 04:22:00,2026-01-02 04:42:00
700000000000000095,10015,Forum Post 95 Elasticsearch,Summary for forum post 95 about 性能优化,This is forum post 95 content with practical notes on Elasticsearch and 性能优化,https://cdn.knowledgelink.local/forum/cover_95.jpg,Elasticsearch,性能优化,面试,问题求助,公开,695,178,46,20,2026-01-02 04:35:00,2026-01-02 04:55:00
700000000000000096,10016,Forum Post 96 Java,Summary for forum post 96 about 后端开发,This is forum post 96 content with practical notes on Java and 后端开发,https://cdn.knowledgelink.local/forum/cover_96.jpg,Java,后端开发,基础,经验总结,公开,702,183,49,24,2026-01-02 04:48:00,2026-01-02 05:08:00
700000000000000097,10017,Forum Post 97 SpringBoot,Summary for forum post 97 about 数据库,This is forum post 97 content with practical notes on SpringBoot and 数据库,https://cdn.knowledgelink.local/forum/cover_97.jpg,SpringBoot,数据库,进阶,技术分享,公开,709,188,52,28,2026-01-02 05:01:00,2026-01-02 05:21:00
700000000000000098,10018,Forum Post 98 MySQL,Summary for forum post 98 about 中间件,This is forum post 98 content with practical notes on MySQL and 中间件,https://cdn.knowledgelink.local/forum/cover_98.jpg,MySQL,中间件,实战,问题求助,公开,716,193,55,32,2026-01-02 05:14:00,2026-01-02 05:34:00
700000000000000099,10019,Forum Post 99 Redis,Summary for forum post 99 about 系统设计,This is forum post 99 content with practical notes on Redis and 系统设计,https://cdn.knowledgelink.local/forum/cover_99.jpg,Redis,系统设计,踩坑,经验总结,公开,723,198,58,36,2026-01-02 05:27:00,2026-01-02 05:47:00
700000000000000100,10020,Forum Post 100 Elasticsearch,Summary for forum post 100 about 性能优化,This is forum post 100 content with practical notes on Elasticsearch and 性能优化,https://cdn.knowledgelink.local/forum/cover_100.jpg,Elasticsearch,性能优化,面试,技术分享,公开,730,203,61,40,2026-01-02 05:40:00,2026-01-02 06:00:00
700000000000000101,10021,Forum Post 101 Java,Summary for forum post 101 about 后端开发,This is forum post 101 content with practical notes on Java and 后端开发,https://cdn.knowledgelink.local/forum/cover_101.jpg,Java,后端开发,基础,问题求助,公开,737,208,64,44,2026-01-02 05:53:00,2026-01-02 06:13:00
700000000000000102,10022,Forum Post 102 SpringBoot,Summary for forum post 102 about 数据库,This is forum post 102 content with practical notes on SpringBoot and 数据库,https://cdn.knowledgelink.local/forum/cover_102.jpg,SpringBoot,数据库,进阶,经验总结,公开,744,213,67,48,2026-01-02 06:06:00,2026-01-02 06:26:00
700000000000000103,10023,Forum Post 103 MySQL,Summary for forum post 103 about 中间件,This is forum post 103 content with practical notes on MySQL and 中间件,https://cdn.knowledgelink.local/forum/cover_103.jpg,MySQL,中间件,实战,技术分享,公开,751,218,70,52,2026-01-02 06:19:00,2026-01-02 06:39:00
700000000000000104,10024,Forum Post 104 Redis,Summary for forum post 104 about 系统设计,This is forum post 104 content with practical notes on Redis and 系统设计,https://cdn.knowledgelink.local/forum/cover_104.jpg,Redis,系统设计,踩坑,问题求助,公开,758,223,73,56,2026-01-02 06:32:00,2026-01-02 06:52:00
700000000000000105,10025,Forum Post 105 Elasticsearch,Summary for forum post 105 about 性能优化,This is forum post 105 content with practical notes on Elasticsearch and 性能优化,https://cdn.knowledgelink.local/forum/cover_105.jpg,Elasticsearch,性能优化,面试,经验总结,公开,765,228,76,60,2026-01-02 06:45:00,2026-01-02 07:05:00
700000000000000106,10026,Forum Post 106 Java,Summary for forum post 106 about 后端开发,This is forum post 106 content with practical notes on Java and 后端开发,https://cdn.knowledgelink.local/forum/cover_106.jpg,Java,后端开发,基础,技术分享,公开,772,233,79,64,2026-01-02 06:58:00,2026-01-02 07:18:00
700000000000000107,10027,Forum Post 107 SpringBoot,Summary for forum post 107 about 数据库,This is forum post 107 content with practical notes on SpringBoot and 数据库,https://cdn.knowledgelink.local/forum/cover_107.jpg,SpringBoot,数据库,进阶,问题求助,公开,779,238,82,68,2026-01-02 07:11:00,2026-01-02 07:31:00
700000000000000108,10028,Forum Post 108 MySQL,Summary for forum post 108 about 中间件,This is forum post 108 content with practical notes on MySQL and 中间件,https://cdn.knowledgelink.local/forum/cover_108.jpg,MySQL,中间件,实战,经验总结,公开,786,243,85,72,2026-01-02 07:24:00,2026-01-02 07:44:00
700000000000000109,10029,Forum Post 109 Redis,Summary for forum post 109 about 系统设计,This is forum post 109 content with practical notes on Redis and 系统设计,https://cdn.knowledgelink.local/forum/cover_109.jpg,Redis,系统设计,踩坑,技术分享,公开,793,248,88,76,2026-01-02 07:37:00,2026-01-02 07:57:00
700000000000000110,10030,Forum Post 110 Elasticsearch,Summary for forum post 110 about 性能优化,This is forum post 110 content with practical notes on Elasticsearch and 性能优化,https://cdn.knowledgelink.local/forum/cover_110.jpg,Elasticsearch,性能优化,面试,问题求助,公开,800,253,91,80,2026-01-02 07:50:00,2026-01-02 08:10:00
700000000000000111,10031,Forum Post 111 Java,Summary for forum post 111 about 后端开发,This is forum post 111 content with practical notes on Java and 后端开发,https://cdn.knowledgelink.local/forum/cover_111.jpg,Java,后端开发,基础,经验总结,公开,807,258,94,84,2026-01-02 08:03:00,2026-01-02 08:23:00
700000000000000112,10032,Forum Post 112 SpringBoot,Summary for forum post 112 about 数据库,This is forum post 112 content with practical notes on SpringBoot and 数据库,https://cdn.knowledgelink.local/forum/cover_112.jpg,SpringBoot,数据库,进阶,技术分享,公开,814,263,97,88,2026-01-02 08:16:00,2026-01-02 08:36:00
700000000000000113,10033,Forum Post 113 MySQL,Summary for forum post 113 about 中间件,This is forum post 113 content with practical notes on MySQL and 中间件,https://cdn.knowledgelink.local/forum/cover_113.jpg,MySQL,中间件,实战,问题求助,公开,821,268,100,92,2026-01-02 08:29:00,2026-01-02 08:49:00
700000000000000114,10034,Forum Post 114 Redis,Summary for forum post 114 about 系统设计,This is forum post 114 content with practical notes on Redis and 系统设计,https://cdn.knowledgelink.local/forum/cover_114.jpg,Redis,系统设计,踩坑,经验总结,公开,828,273,103,96,2026-01-02 08:42:00,2026-01-02 09:02:00
700000000000000115,10035,Forum Post 115 Elasticsearch,Summary for forum post 115 about 性能优化,This is forum post 115 content with practical notes on Elasticsearch and 性能优化,https://cdn.knowledgelink.local/forum/cover_115.jpg,Elasticsearch,性能优化,面试,技术分享,公开,835,278,106,100,2026-01-02 08:55:00,2026-01-02 09:15:00
700000000000000116,10036,Forum Post 116 Java,Summary for forum post 116 about 后端开发,This is forum post 116 content with practical notes on Java and 后端开发,https://cdn.knowledgelink.local/forum/cover_116.jpg,Java,后端开发,基础,问题求助,公开,842,283,109,104,2026-01-02 09:08:00,2026-01-02 09:28:00
700000000000000117,10037,Forum Post 117 SpringBoot,Summary for forum post 117 about 数据库,This is forum post 117 content with practical notes on SpringBoot and 数据库,https://cdn.knowledgelink.local/forum/cover_117.jpg,SpringBoot,数据库,进阶,经验总结,公开,849,288,112,108,2026-01-02 09:21:00,2026-01-02 09:41:00
700000000000000118,10038,Forum Post 118 MySQL,Summary for forum post 118 about 中间件,This is forum post 118 content with practical notes on MySQL and 中间件,https://cdn.knowledgelink.local/forum/cover_118.jpg,MySQL,中间件,实战,技术分享,公开,856,293,115,112,2026-01-02 09:34:00,2026-01-02 09:54:00
700000000000000119,10039,Forum Post 119 Redis,Summary for forum post 119 about 系统设计,This is forum post 119 content with practical notes on Redis and 系统设计,https://cdn.knowledgelink.local/forum/cover_119.jpg,Redis,系统设计,踩坑,问题求助,公开,863,298,118,116,2026-01-02 09:47:00,2026-01-02 10:07:00
700000000000000120,10040,Forum Post 120 Elasticsearch,Summary for forum post 120 about 性能优化,This is forum post 120 content with practical notes on Elasticsearch and 性能优化,https://cdn.knowledgelink.local/forum/cover_120.jpg,Elasticsearch,性能优化,面试,经验总结,公开,870,3,1,120,2026-01-02 10:00:00,2026-01-02 10:20:00
700000000000000121,10041,Forum Post 121 Java,Summary for forum post 121 about 后端开发,This is forum post 121 content with practical notes on Java and 后端开发,https://cdn.knowledgelink.local/forum/cover_121.jpg,Java,后端开发,基础,技术分享,公开,877,8,4,124,2026-01-02 10:13:00,2026-01-02 10:33:00
700000000000000122,10042,Forum Post 122 SpringBoot,Summary for forum post 122 about 数据库,This is forum post 122 content with practical notes on SpringBoot and 数据库,https://cdn.knowledgelink.local/forum/cover_122.jpg,SpringBoot,数据库,进阶,问题求助,公开,884,13,7,128,2026-01-02 10:26:00,2026-01-02 10:46:00
700000000000000123,10043,Forum Post 123 MySQL,Summary for forum post 123 about 中间件,This is forum post 123 content with practical notes on MySQL and 中间件,https://cdn.knowledgelink.local/forum/cover_123.jpg,MySQL,中间件,实战,经验总结,公开,891,18,10,132,2026-01-02 10:39:00,2026-01-02 10:59:00
700000000000000124,10044,Forum Post 124 Redis,Summary for forum post 124 about 系统设计,This is forum post 124 content with practical notes on Redis and 系统设计,https://cdn.knowledgelink.local/forum/cover_124.jpg,Redis,系统设计,踩坑,技术分享,公开,898,23,13,136,2026-01-02 10:52:00,2026-01-02 11:12:00
700000000000000125,10045,Forum Post 125 Elasticsearch,Summary for forum post 125 about 性能优化,This is forum post 125 content with practical notes on Elasticsearch and 性能优化,https://cdn.knowledgelink.local/forum/cover_125.jpg,Elasticsearch,性能优化,面试,问题求助,公开,905,28,16,140,2026-01-02 11:05:00,2026-01-02 11:25:00
700000000000000126,10046,Forum Post 126 Java,Summary for forum post 126 about 后端开发,This is forum post 126 content with practical notes on Java and 后端开发,https://cdn.knowledgelink.local/forum/cover_126.jpg,Java,后端开发,基础,经验总结,公开,912,33,19,144,2026-01-02 11:18:00,2026-01-02 11:38:00
700000000000000127,10047,Forum Post 127 SpringBoot,Summary for forum post 127 about 数据库,This is forum post 127 content with practical notes on SpringBoot and 数据库,https://cdn.knowledgelink.local/forum/cover_127.jpg,SpringBoot,数据库,进阶,技术分享,公开,919,38,22,148,2026-01-02 11:31:00,2026-01-02 11:51:00
700000000000000128,10048,Forum Post 128 MySQL,Summary for forum post 128 about 中间件,This is forum post 128 content with practical notes on MySQL and 中间件,https://cdn.knowledgelink.local/forum/cover_128.jpg,MySQL,中间件,实战,问题求助,公开,926,43,25,152,2026-01-02 11:44:00,2026-01-02 12:04:00
700000000000000129,10049,Forum Post 129 Redis,Summary for forum post 129 about 系统设计,This is forum post 129 content with practical notes on Redis and 系统设计,https://cdn.knowledgelink.local/forum/cover_129.jpg,Redis,系统设计,踩坑,经验总结,公开,933,48,28,156,2026-01-02 11:57:00,2026-01-02 12:17:00
700000000000000130,10050,Forum Post 130 Elasticsearch,Summary for forum post 130 about 性能优化,This is forum post 130 content with practical notes on Elasticsearch and 性能优化,https://cdn.knowledgelink.local/forum/cover_130.jpg,Elasticsearch,性能优化,面试,技术分享,公开,940,53,31,160,2026-01-02 12:10:00,2026-01-02 12:30:00
700000000000000131,10051,Forum Post 131 Java,Summary for forum post 131 about 后端开发,This is forum post 131 content with practical notes on Java and 后端开发,https://cdn.knowledgelink.local/forum/cover_131.jpg,Java,后端开发,基础,问题求助,公开,947,58,34,164,2026-01-02 12:23:00,2026-01-02 12:43:00
700000000000000132,10052,Forum Post 132 SpringBoot,Summary for forum post 132 about 数据库,This is forum post 132 content with practical notes on SpringBoot and 数据库,https://cdn.knowledgelink.local/forum/cover_132.jpg,SpringBoot,数据库,进阶,经验总结,公开,954,63,37,168,2026-01-02 12:36:00,2026-01-02 12:56:00
700000000000000133,10053,Forum Post 133 MySQL,Summary for forum post 133 about 中间件,This is forum post 133 content with practical notes on MySQL and 中间件,https://cdn.knowledgelink.local/forum/cover_133.jpg,MySQL,中间件,实战,技术分享,公开,961,68,40,172,2026-01-02 12:49:00,2026-01-02 13:09:00
700000000000000134,10054,Forum Post 134 Redis,Summary for forum post 134 about 系统设计,This is forum post 134 content with practical notes on Redis and 系统设计,https://cdn.knowledgelink.local/forum/cover_134.jpg,Redis,系统设计,踩坑,问题求助,公开,968,73,43,176,2026-01-02 13:02:00,2026-01-02 13:22:00
700000000000000135,10055,Forum Post 135 Elasticsearch,Summary for forum post 135 about 性能优化,This is forum post 135 content with practical notes on Elasticsearch and 性能优化,https://cdn.knowledgelink.local/forum/cover_135.jpg,Elasticsearch,性能优化,面试,经验总结,公开,975,78,46,0,2026-01-02 13:15:00,2026-01-02 13:35:00
700000000000000136,10056,Forum Post 136 Java,Summary for forum post 136 about 后端开发,This is forum post 136 content with practical notes on Java and 后端开发,https://cdn.knowledgelink.local/forum/cover_136.jpg,Java,后端开发,基础,技术分享,公开,982,83,49,4,2026-01-02 13:28:00,2026-01-02 13:48:00
700000000000000137,10057,Forum Post 137 SpringBoot,Summary for forum post 137 about 数据库,This is forum post 137 content with practical notes on SpringBoot and 数据库,https://cdn.knowledgelink.local/forum/cover_137.jpg,SpringBoot,数据库,进阶,问题求助,公开,989,88,52,8,2026-01-02 13:41:00,2026-01-02 14:01:00
700000000000000138,10058,Forum Post 138 MySQL,Summary for forum post 138 about 中间件,This is forum post 138 content with practical notes on MySQL and 中间件,https://cdn.knowledgelink.local/forum/cover_138.jpg,MySQL,中间件,实战,经验总结,公开,996,93,55,12,2026-01-02 13:54:00,2026-01-02 14:14:00
700000000000000139,10059,Forum Post 139 Redis,Summary for forum post 139 about 系统设计,This is forum post 139 content with practical notes on Redis and 系统设计,https://cdn.knowledgelink.local/forum/cover_139.jpg,Redis,系统设计,踩坑,技术分享,公开,1003,98,58,16,2026-01-02 14:07:00,2026-01-02 14:27:00
700000000000000140,10060,Forum Post 140 Elasticsearch,Summary for forum post 140 about 性能优化,This is forum post 140 content with practical notes on Elasticsearch and 性能优化,https://cdn.knowledgelink.local/forum/cover_140.jpg,Elasticsearch,性能优化,面试,问题求助,公开,1010,103,61,20,2026-01-02 14:20:00,2026-01-02 14:40:00
700000000000000141,10061,Forum Post 141 Java,Summary for forum post 141 about 后端开发,This is forum post 141 content with practical notes on Java and 后端开发,https://cdn.knowledgelink.local/forum/cover_141.jpg,Java,后端开发,基础,经验总结,公开,1017,108,64,24,2026-01-02 14:33:00,2026-01-02 14:53:00
700000000000000142,10062,Forum Post 142 SpringBoot,Summary for forum post 142 about 数据库,This is forum post 142 content with practical notes on SpringBoot and 数据库,https://cdn.knowledgelink.local/forum/cover_142.jpg,SpringBoot,数据库,进阶,技术分享,公开,1024,113,67,28,2026-01-02 14:46:00,2026-01-02 15:06:00
700000000000000143,10063,Forum Post 143 MySQL,Summary for forum post 143 about 中间件,This is forum post 143 content with practical notes on MySQL and 中间件,https://cdn.knowledgelink.local/forum/cover_143.jpg,MySQL,中间件,实战,问题求助,公开,1031,118,70,32,2026-01-02 14:59:00,2026-01-02 15:19:00
700000000000000144,10064,Forum Post 144 Redis,Summary for forum post 144 about 系统设计,This is forum post 144 content with practical notes on Redis and 系统设计,https://cdn.knowledgelink.local/forum/cover_144.jpg,Redis,系统设计,踩坑,经验总结,公开,1038,123,73,36,2026-01-02 15:12:00,2026-01-02 15:32:00
700000000000000145,10065,Forum Post 145 Elasticsearch,Summary for forum post 145 about 性能优化,This is forum post 145 content with practical notes on Elasticsearch and 性能优化,https://cdn.knowledgelink.local/forum/cover_145.jpg,Elasticsearch,性能优化,面试,技术分享,公开,1045,128,76,40,2026-01-02 15:25:00,2026-01-02 15:45:00
700000000000000146,10066,Forum Post 146 Java,Summary for forum post 146 about 后端开发,This is forum post 146 content with practical notes on Java and 后端开发,https://cdn.knowledgelink.local/forum/cover_146.jpg,Java,后端开发,基础,问题求助,公开,1052,133,79,44,2026-01-02 15:38:00,2026-01-02 15:58:00
700000000000000147,10067,Forum Post 147 SpringBoot,Summary for forum post 147 about 数据库,This is forum post 147 content with practical notes on SpringBoot and 数据库,https://cdn.knowledgelink.local/forum/cover_147.jpg,SpringBoot,数据库,进阶,经验总结,公开,1059,138,82,48,2026-01-02 15:51:00,2026-01-02 16:11:00
700000000000000148,10068,Forum Post 148 MySQL,Summary for forum post 148 about 中间件,This is forum post 148 content with practical notes on MySQL and 中间件,https://cdn.knowledgelink.local/forum/cover_148.jpg,MySQL,中间件,实战,技术分享,公开,1066,143,85,52,2026-01-02 16:04:00,2026-01-02 16:24:00
700000000000000149,10069,Forum Post 149 Redis,Summary for forum post 149 about 系统设计,This is forum post 149 content with practical notes on Redis and 系统设计,https://cdn.knowledgelink.local/forum/cover_149.jpg,Redis,系统设计,踩坑,问题求助,公开,1073,148,88,56,2026-01-02 16:17:00,2026-01-02 16:37:00
700000000000000150,10070,Forum Post 150 Elasticsearch,Summary for forum post 150 about 性能优化,This is forum post 150 content with practical notes on Elasticsearch and 性能优化,https://cdn.knowledgelink.local/forum/cover_150.jpg,Elasticsearch,性能优化,面试,经验总结,公开,1080,153,91,60,2026-01-02 16:30:00,2026-01-02 16:50:00
700000000000000151,10071,Forum Post 151 Java,Summary for forum post 151 about 后端开发,This is forum post 151 content with practical notes on Java and 后端开发,https://cdn.knowledgelink.local/forum/cover_151.jpg,Java,后端开发,基础,技术分享,公开,1087,158,94,64,2026-01-02 16:43:00,2026-01-02 17:03:00
700000000000000152,10072,Forum Post 152 SpringBoot,Summary for forum post 152 about 数据库,This is forum post 152 content with practical notes on SpringBoot and 数据库,https://cdn.knowledgelink.local/forum/cover_152.jpg,SpringBoot,数据库,进阶,问题求助,公开,1094,163,97,68,2026-01-02 16:56:00,2026-01-02 17:16:00
700000000000000153,10073,Forum Post 153 MySQL,Summary for forum post 153 about 中间件,This is forum post 153 content with practical notes on MySQL and 中间件,https://cdn.knowledgelink.local/forum/cover_153.jpg,MySQL,中间件,实战,经验总结,公开,1101,168,100,72,2026-01-02 17:09:00,2026-01-02 17:29:00
700000000000000154,10074,Forum Post 154 Redis,Summary for forum post 154 about 系统设计,This is forum post 154 content with practical notes on Redis and 系统设计,https://cdn.knowledgelink.local/forum/cover_154.jpg,Redis,系统设计,踩坑,技术分享,公开,1108,173,103,76,2026-01-02 17:22:00,2026-01-02 17:42:00
700000000000000155,10075,Forum Post 155 Elasticsearch,Summary for forum post 155 about 性能优化,This is forum post 155 content with practical notes on Elasticsearch and 性能优化,https://cdn.knowledgelink.local/forum/cover_155.jpg,Elasticsearch,性能优化,面试,问题求助,公开,1115,178,106,80,2026-01-02 17:35:00,2026-01-02 17:55:00
700000000000000156,10076,Forum Post 156 Java,Summary for forum post 156 about 后端开发,This is forum post 156 content with practical notes on Java and 后端开发,https://cdn.knowledgelink.local/forum/cover_156.jpg,Java,后端开发,基础,经验总结,公开,1122,183,109,84,2026-01-02 17:48:00,2026-01-02 18:08:00
700000000000000157,10077,Forum Post 157 SpringBoot,Summary for forum post 157 about 数据库,This is forum post 157 content with practical notes on SpringBoot and 数据库,https://cdn.knowledgelink.local/forum/cover_157.jpg,SpringBoot,数据库,进阶,技术分享,公开,1129,188,112,88,2026-01-02 18:01:00,2026-01-02 18:21:00
700000000000000158,10078,Forum Post 158 MySQL,Summary for forum post 158 about 中间件,This is forum post 158 content with practical notes on MySQL and 中间件,https://cdn.knowledgelink.local/forum/cover_158.jpg,MySQL,中间件,实战,问题求助,公开,1136,193,115,92,2026-01-02 18:14:00,2026-01-02 18:34:00
700000000000000159,10079,Forum Post 159 Redis,Summary for forum post 159 about 系统设计,This is forum post 159 content with practical notes on Redis and 系统设计,https://cdn.knowledgelink.local/forum/cover_159.jpg,Redis,系统设计,踩坑,经验总结,公开,1143,198,118,96,2026-01-02 18:27:00,2026-01-02 18:47:00
700000000000000160,10080,Forum Post 160 Elasticsearch,Summary for forum post 160 about 性能优化,This is forum post 160 content with practical notes on Elasticsearch and 性能优化,https://cdn.knowledgelink.local/forum/cover_160.jpg,Elasticsearch,性能优化,面试,技术分享,公开,1150,203,1,100,2026-01-02 18:40:00,2026-01-02 19:00:00
700000000000000161,10001,Forum Post 161 Java,Summary for forum post 161 about 后端开发,This is forum post 161 content with practical notes on Java and 后端开发,https://cdn.knowledgelink.local/forum/cover_161.jpg,Java,后端开发,基础,问题求助,公开,1157,208,4,104,2026-01-02 18:53:00,2026-01-02 19:13:00
700000000000000162,10002,Forum Post 162 SpringBoot,Summary for forum post 162 about 数据库,This is forum post 162 content with practical notes on SpringBoot and 数据库,https://cdn.knowledgelink.local/forum/cover_162.jpg,SpringBoot,数据库,进阶,经验总结,公开,1164,213,7,108,2026-01-02 19:06:00,2026-01-02 19:26:00
700000000000000163,10003,Forum Post 163 MySQL,Summary for forum post 163 about 中间件,This is forum post 163 content with practical notes on MySQL and 中间件,https://cdn.knowledgelink.local/forum/cover_163.jpg,MySQL,中间件,实战,技术分享,公开,1171,218,10,112,2026-01-02 19:19:00,2026-01-02 19:39:00
700000000000000164,10004,Forum Post 164 Redis,Summary for forum post 164 about 系统设计,This is forum post 164 content with practical notes on Redis and 系统设计,https://cdn.knowledgelink.local/forum/cover_164.jpg,Redis,系统设计,踩坑,问题求助,公开,1178,223,13,116,2026-01-02 19:32:00,2026-01-02 19:52:00
700000000000000165,10005,Forum Post 165 Elasticsearch,Summary for forum post 165 about 性能优化,This is forum post 165 content with practical notes on Elasticsearch and 性能优化,https://cdn.knowledgelink.local/forum/cover_165.jpg,Elasticsearch,性能优化,面试,经验总结,公开,1185,228,16,120,2026-01-02 19:45:00,2026-01-02 20:05:00
700000000000000166,10006,Forum Post 166 Java,Summary for forum post 166 about 后端开发,This is forum post 166 content with practical notes on Java and 后端开发,https://cdn.knowledgelink.local/forum/cover_166.jpg,Java,后端开发,基础,技术分享,公开,1192,233,19,124,2026-01-02 19:58:00,2026-01-02 20:18:00
700000000000000167,10007,Forum Post 167 SpringBoot,Summary for forum post 167 about 数据库,This is forum post 167 content with practical notes on SpringBoot and 数据库,https://cdn.knowledgelink.local/forum/cover_167.jpg,SpringBoot,数据库,进阶,问题求助,公开,1199,238,22,128,2026-01-02 20:11:00,2026-01-02 20:31:00
700000000000000168,10008,Forum Post 168 MySQL,Summary for forum post 168 about 中间件,This is forum post 168 content with practical notes on MySQL and 中间件,https://cdn.knowledgelink.local/forum/cover_168.jpg,MySQL,中间件,实战,经验总结,公开,1206,243,25,132,2026-01-02 20:24:00,2026-01-02 20:44:00
700000000000000169,10009,Forum Post 169 Redis,Summary for forum post 169 about 系统设计,This is forum post 169 content with practical notes on Redis and 系统设计,https://cdn.knowledgelink.local/forum/cover_169.jpg,Redis,系统设计,踩坑,技术分享,公开,1213,248,28,136,2026-01-02 20:37:00,2026-01-02 20:57:00
700000000000000170,10010,Forum Post 170 Elasticsearch,Summary for forum post 170 about 性能优化,This is forum post 170 content with practical notes on Elasticsearch and 性能优化,https://cdn.knowledgelink.local/forum/cover_170.jpg,Elasticsearch,性能优化,面试,问题求助,公开,1220,253,31,140,2026-01-02 20:50:00,2026-01-02 21:10:00
700000000000000171,10011,Forum Post 171 Java,Summary for forum post 171 about 后端开发,This is forum post 171 content with practical notes on Java and 后端开发,https://cdn.knowledgelink.local/forum/cover_171.jpg,Java,后端开发,基础,经验总结,公开,1227,258,34,144,2026-01-02 21:03:00,2026-01-02 21:23:00
700000000000000172,10012,Forum Post 172 SpringBoot,Summary for forum post 172 about 数据库,This is forum post 172 content with practical notes on SpringBoot and 数据库,https://cdn.knowledgelink.local/forum/cover_172.jpg,SpringBoot,数据库,进阶,技术分享,公开,1234,263,37,148,2026-01-02 21:16:00,2026-01-02 21:36:00
700000000000000173,10013,Forum Post 173 MySQL,Summary for forum post 173 about 中间件,This is forum post 173 content with practical notes on MySQL and 中间件,https://cdn.knowledgelink.local/forum/cover_173.jpg,MySQL,中间件,实战,问题求助,公开,1241,268,40,152,2026-01-02 21:29:00,2026-01-02 21:49:00
700000000000000174,10014,Forum Post 174 Redis,Summary for forum post 174 about 系统设计,This is forum post 174 content with practical notes on Redis and 系统设计,https://cdn.knowledgelink.local/forum/cover_174.jpg,Redis,系统设计,踩坑,经验总结,公开,1248,273,43,156,2026-01-02 21:42:00,2026-01-02 22:02:00
700000000000000175,10015,Forum Post 175 Elasticsearch,Summary for forum post 175 about 性能优化,This is forum post 175 content with practical notes on Elasticsearch and 性能优化,https://cdn.knowledgelink.local/forum/cover_175.jpg,Elasticsearch,性能优化,面试,技术分享,公开,1255,278,46,160,2026-01-02 21:55:00,2026-01-02 22:15:00
700000000000000176,10016,Forum Post 176 Java,Summary for forum post 176 about 后端开发,This is forum post 176 content with practical notes on Java and 后端开发,https://cdn.knowledgelink.local/forum/cover_176.jpg,Java,后端开发,基础,问题求助,公开,1262,283,49,164,2026-01-02 22:08:00,2026-01-02 22:28:00
700000000000000177,10017,Forum Post 177 SpringBoot,Summary for forum post 177 about 数据库,This is forum post 177 content with practical notes on SpringBoot and 数据库,https://cdn.knowledgelink.local/forum/cover_177.jpg,SpringBoot,数据库,进阶,经验总结,公开,1269,288,52,168,2026-01-02 22:21:00,2026-01-02 22:41:00
700000000000000178,10018,Forum Post 178 MySQL,Summary for forum post 178 about 中间件,This is forum post 178 content with practical notes on MySQL and 中间件,https://cdn.knowledgelink.local/forum/cover_178.jpg,MySQL,中间件,实战,技术分享,公开,1276,293,55,172,2026-01-02 22:34:00,2026-01-02 22:54:00
700000000000000179,10019,Forum Post 179 Redis,Summary for forum post 179 about 系统设计,This is forum post 179 content with practical notes on Redis and 系统设计,https://cdn.knowledgelink.local/forum/cover_179.jpg,Redis,系统设计,踩坑,问题求助,公开,1283,298,58,176,2026-01-02 22:47:00,2026-01-02 23:07:00
700000000000000180,10020,Forum Post 180 Elasticsearch,Summary for forum post 180 about 性能优化,This is forum post 180 content with practical notes on Elasticsearch and 性能优化,https://cdn.knowledgelink.local/forum/cover_180.jpg,Elasticsearch,性能优化,面试,经验总结,公开,1290,3,61,0,2026-01-02 23:00:00,2026-01-02 23:20:00
700000000000000181,10021,Forum Post 181 Java,Summary for forum post 181 about 后端开发,This is forum post 181 content with practical notes on Java and 后端开发,https://cdn.knowledgelink.local/forum/cover_181.jpg,Java,后端开发,基础,技术分享,公开,1297,8,64,4,2026-01-02 23:13:00,2026-01-02 23:33:00
700000000000000182,10022,Forum Post 182 SpringBoot,Summary for forum post 182 about 数据库,This is forum post 182 content with practical notes on SpringBoot and 数据库,https://cdn.knowledgelink.local/forum/cover_182.jpg,SpringBoot,数据库,进阶,问题求助,公开,1304,13,67,8,2026-01-02 23:26:00,2026-01-02 23:46:00
700000000000000183,10023,Forum Post 183 MySQL,Summary for forum post 183 about 中间件,This is forum post 183 content with practical notes on MySQL and 中间件,https://cdn.knowledgelink.local/forum/cover_183.jpg,MySQL,中间件,实战,经验总结,公开,1311,18,70,12,2026-01-02 23:39:00,2026-01-02 23:59:00
700000000000000184,10024,Forum Post 184 Redis,Summary for forum post 184 about 系统设计,This is forum post 184 content with practical notes on Redis and 系统设计,https://cdn.knowledgelink.local/forum/cover_184.jpg,Redis,系统设计,踩坑,技术分享,公开,1318,23,73,16,2026-01-02 23:52:00,2026-01-03 00:12:00
700000000000000185,10025,Forum Post 185 Elasticsearch,Summary for forum post 185 about 性能优化,This is forum post 185 content with practical notes on Elasticsearch and 性能优化,https://cdn.knowledgelink.local/forum/cover_185.jpg,Elasticsearch,性能优化,面试,问题求助,公开,1325,28,76,20,2026-01-03 00:05:00,2026-01-03 00:25:00
700000000000000186,10026,Forum Post 186 Java,Summary for forum post 186 about 后端开发,This is forum post 186 content with practical notes on Java and 后端开发,https://cdn.knowledgelink.local/forum/cover_186.jpg,Java,后端开发,基础,经验总结,公开,1332,33,79,24,2026-01-03 00:18:00,2026-01-03 00:38:00
700000000000000187,10027,Forum Post 187 SpringBoot,Summary for forum post 187 about 数据库,This is forum post 187 content with practical notes on SpringBoot and 数据库,https://cdn.knowledgelink.local/forum/cover_187.jpg,SpringBoot,数据库,进阶,技术分享,公开,1339,38,82,28,2026-01-03 00:31:00,2026-01-03 00:51:00
700000000000000188,10028,Forum Post 188 MySQL,Summary for forum post 188 about 中间件,This is forum post 188 content with practical notes on MySQL and 中间件,https://cdn.knowledgelink.local/forum/cover_188.jpg,MySQL,中间件,实战,问题求助,公开,1346,43,85,32,2026-01-03 00:44:00,2026-01-03 01:04:00
700000000000000189,10029,Forum Post 189 Redis,Summary for forum post 189 about 系统设计,This is forum post 189 content with practical notes on Redis and 系统设计,https://cdn.knowledgelink.local/forum/cover_189.jpg,Redis,系统设计,踩坑,经验总结,公开,1353,48,88,36,2026-01-03 00:57:00,2026-01-03 01:17:00
700000000000000190,10030,Forum Post 190 Elasticsearch,Summary for forum post 190 about 性能优化,This is forum post 190 content with practical notes on Elasticsearch and 性能优化,https://cdn.knowledgelink.local/forum/cover_190.jpg,Elasticsearch,性能优化,面试,技术分享,公开,1360,53,91,40,2026-01-03 01:10:00,2026-01-03 01:30:00
700000000000000191,10031,Forum Post 191 Java,Summary for forum post 191 about 后端开发,This is forum post 191 content with practical notes on Java and 后端开发,https://cdn.knowledgelink.local/forum/cover_191.jpg,Java,后端开发,基础,问题求助,公开,1367,58,94,44,2026-01-03 01:23:00,2026-01-03 01:43:00
700000000000000192,10032,Forum Post 192 SpringBoot,Summary for forum post 192 about 数据库,This is forum post 192 content with practical notes on SpringBoot and 数据库,https://cdn.knowledgelink.local/forum/cover_192.jpg,SpringBoot,数据库,进阶,经验总结,公开,1374,63,97,48,2026-01-03 01:36:00,2026-01-03 01:56:00
700000000000000193,10033,Forum Post 193 MySQL,Summary for forum post 193 about 中间件,This is forum post 193 content with practical notes on MySQL and 中间件,https://cdn.knowledgelink.local/forum/cover_193.jpg,MySQL,中间件,实战,技术分享,公开,1381,68,100,52,2026-01-03 01:49:00,2026-01-03 02:09:00
700000000000000194,10034,Forum Post 194 Redis,Summary for forum post 194 about 系统设计,This is forum post 194 content with practical notes on Redis and 系统设计,https://cdn.knowledgelink.local/forum/cover_194.jpg,Redis,系统设计,踩坑,问题求助,公开,1388,73,103,56,2026-01-03 02:02:00,2026-01-03 02:22:00
700000000000000195,10035,Forum Post 195 Elasticsearch,Summary for forum post 195 about 性能优化,This is forum post 195 content with practical notes on Elasticsearch and 性能优化,https://cdn.knowledgelink.local/forum/cover_195.jpg,Elasticsearch,性能优化,面试,经验总结,公开,1395,78,106,60,2026-01-03 02:15:00,2026-01-03 02:35:00
700000000000000196,10036,Forum Post 196 Java,Summary for forum post 196 about 后端开发,This is forum post 196 content with practical notes on Java and 后端开发,https://cdn.knowledgelink.local/forum/cover_196.jpg,Java,后端开发,基础,技术分享,公开,1402,83,109,64,2026-01-03 02:28:00,2026-01-03 02:48:00
700000000000000197,10037,Forum Post 197 SpringBoot,Summary for forum post 197 about 数据库,This is forum post 197 content with practical notes on SpringBoot and 数据库,https://cdn.knowledgelink.local/forum/cover_197.jpg,SpringBoot,数据库,进阶,问题求助,公开,1409,88,112,68,2026-01-03 02:41:00,2026-01-03 03:01:00
700000000000000198,10038,Forum Post 198 MySQL,Summary for forum post 198 about 中间件,This is forum post 198 content with practical notes on MySQL and 中间件,https://cdn.knowledgelink.local/forum/cover_198.jpg,MySQL,中间件,实战,经验总结,公开,1416,93,115,72,2026-01-03 02:54:00,2026-01-03 03:14:00
700000000000000199,10039,Forum Post 199 Redis,Summary for forum post 199 about 系统设计,This is forum post 199 content with practical notes on Redis and 系统设计,https://cdn.knowledgelink.local/forum/cover_199.jpg,Redis,系统设计,踩坑,技术分享,公开,1423,98,118,76,2026-01-03 03:07:00,2026-01-03 03:27:00
700000000000000200,10040,Forum Post 200 Elasticsearch,Summary for forum post 200 about 性能优化,This is forum post 200 content with practical notes on Elasticsearch and 性能优化,https://cdn.knowledgelink.local/forum/cover_200.jpg,Elasticsearch,性能优化,面试,问题求助,公开,1430,103,1,80,2026-01-03 03:20:00,2026-01-03 03:40:00
700000000000000201,10041,Forum Post 201 Java,Summary for forum post 201 about 后端开发,This is forum post 201 content with practical notes on Java and 后端开发,https://cdn.knowledgelink.local/forum/cover_201.jpg,Java,后端开发,基础,经验总结,公开,1437,108,4,84,2026-01-03 03:33:00,2026-01-03 03:53:00
700000000000000202,10042,Forum Post 202 SpringBoot,Summary for forum post 202 about 数据库,This is forum post 202 content with practical notes on SpringBoot and 数据库,https://cdn.knowledgelink.local/forum/cover_202.jpg,SpringBoot,数据库,进阶,技术分享,公开,1444,113,7,88,2026-01-03 03:46:00,2026-01-03 04:06:00
700000000000000203,10043,Forum Post 203 MySQL,Summary for forum post 203 about 中间件,This is forum post 203 content with practical notes on MySQL and 中间件,https://cdn.knowledgelink.local/forum/cover_203.jpg,MySQL,中间件,实战,问题求助,公开,1451,118,10,92,2026-01-03 03:59:00,2026-01-03 04:19:00
700000000000000204,10044,Forum Post 204 Redis,Summary for forum post 204 about 系统设计,This is forum post 204 content with practical notes on Redis and 系统设计,https://cdn.knowledgelink.local/forum/cover_204.jpg,Redis,系统设计,踩坑,经验总结,公开,1458,123,13,96,2026-01-03 04:12:00,2026-01-03 04:32:00
700000000000000205,10045,Forum Post 205 Elasticsearch,Summary for forum post 205 about 性能优化,This is forum post 205 content with practical notes on Elasticsearch and 性能优化,https://cdn.knowledgelink.local/forum/cover_205.jpg,Elasticsearch,性能优化,面试,技术分享,公开,1465,128,16,100,2026-01-03 04:25:00,2026-01-03 04:45:00
700000000000000206,10046,Forum Post 206 Java,Summary for forum post 206 about 后端开发,This is forum post 206 content with practical notes on Java and 后端开发,https://cdn.knowledgelink.local/forum/cover_206.jpg,Java,后端开发,基础,问题求助,公开,1472,133,19,104,2026-01-03 04:38:00,2026-01-03 04:58:00
700000000000000207,10047,Forum Post 207 SpringBoot,Summary for forum post 207 about 数据库,This is forum post 207 content with practical notes on SpringBoot and 数据库,https://cdn.knowledgelink.local/forum/cover_207.jpg,SpringBoot,数据库,进阶,经验总结,公开,1479,138,22,108,2026-01-03 04:51:00,2026-01-03 05:11:00
700000000000000208,10048,Forum Post 208 MySQL,Summary for forum post 208 about 中间件,This is forum post 208 content with practical notes on MySQL and 中间件,https://cdn.knowledgelink.local/forum/cover_208.jpg,MySQL,中间件,实战,技术分享,公开,1486,143,25,112,2026-01-03 05:04:00,2026-01-03 05:24:00
700000000000000209,10049,Forum Post 209 Redis,Summary for forum post 209 about 系统设计,This is forum post 209 content with practical notes on Redis and 系统设计,https://cdn.knowledgelink.local/forum/cover_209.jpg,Redis,系统设计,踩坑,问题求助,公开,1493,148,28,116,2026-01-03 05:17:00,2026-01-03 05:37:00
700000000000000210,10050,Forum Post 210 Elasticsearch,Summary for forum post 210 about 性能优化,This is forum post 210 content with practical notes on Elasticsearch and 性能优化,https://cdn.knowledgelink.local/forum/cover_210.jpg,Elasticsearch,性能优化,面试,经验总结,公开,1500,153,31,120,2026-01-03 05:30:00,2026-01-03 05:50:00
700000000000000211,10051,Forum Post 211 Java,Summary for forum post 211 about 后端开发,This is forum post 211 content with practical notes on Java and 后端开发,https://cdn.knowledgelink.local/forum/cover_211.jpg,Java,后端开发,基础,技术分享,公开,1507,158,34,124,2026-01-03 05:43:00,2026-01-03 06:03:00
700000000000000212,10052,Forum Post 212 SpringBoot,Summary for forum post 212 about 数据库,This is forum post 212 content with practical notes on SpringBoot and 数据库,https://cdn.knowledgelink.local/forum/cover_212.jpg,SpringBoot,数据库,进阶,问题求助,公开,1514,163,37,128,2026-01-03 05:56:00,2026-01-03 06:16:00
700000000000000213,10053,Forum Post 213 MySQL,Summary for forum post 213 about 中间件,This is forum post 213 content with practical notes on MySQL and 中间件,https://cdn.knowledgelink.local/forum/cover_213.jpg,MySQL,中间件,实战,经验总结,公开,1521,168,40,132,2026-01-03 06:09:00,2026-01-03 06:29:00
700000000000000214,10054,Forum Post 214 Redis,Summary for forum post 214 about 系统设计,This is forum post 214 content with practical notes on Redis and 系统设计,https://cdn.knowledgelink.local/forum/cover_214.jpg,Redis,系统设计,踩坑,技术分享,公开,1528,173,43,136,2026-01-03 06:22:00,2026-01-03 06:42:00
700000000000000215,10055,Forum Post 215 Elasticsearch,Summary for forum post 215 about 性能优化,This is forum post 215 content with practical notes on Elasticsearch and 性能优化,https://cdn.knowledgelink.local/forum/cover_215.jpg,Elasticsearch,性能优化,面试,问题求助,公开,35,178,46,140,2026-01-03 06:35:00,2026-01-03 06:55:00
700000000000000216,10056,Forum Post 216 Java,Summary for forum post 216 about 后端开发,This is forum post 216 content with practical notes on Java and 后端开发,https://cdn.knowledgelink.local/forum/cover_216.jpg,Java,后端开发,基础,经验总结,公开,42,183,49,144,2026-01-03 06:48:00,2026-01-03 07:08:00
700000000000000217,10057,Forum Post 217 SpringBoot,Summary for forum post 217 about 数据库,This is forum post 217 content with practical notes on SpringBoot and 数据库,https://cdn.knowledgelink.local/forum/cover_217.jpg,SpringBoot,数据库,进阶,技术分享,公开,49,188,52,148,2026-01-03 07:01:00,2026-01-03 07:21:00
700000000000000218,10058,Forum Post 218 MySQL,Summary for forum post 218 about 中间件,This is forum post 218 content with practical notes on MySQL and 中间件,https://cdn.knowledgelink.local/forum/cover_218.jpg,MySQL,中间件,实战,问题求助,公开,56,193,55,152,2026-01-03 07:14:00,2026-01-03 07:34:00
700000000000000219,10059,Forum Post 219 Redis,Summary for forum post 219 about 系统设计,This is forum post 219 content with practical notes on Redis and 系统设计,https://cdn.knowledgelink.local/forum/cover_219.jpg,Redis,系统设计,踩坑,经验总结,公开,63,198,58,156,2026-01-03 07:27:00,2026-01-03 07:47:00
700000000000000220,10060,Forum Post 220 Elasticsearch,Summary for forum post 220 about 性能优化,This is forum post 220 content with practical notes on Elasticsearch and 性能优化,https://cdn.knowledgelink.local/forum/cover_220.jpg,Elasticsearch,性能优化,面试,技术分享,公开,70,203,61,160,2026-01-03 07:40:00,2026-01-03 08:00:00
700000000000000221,10061,Forum Post 221 Java,Summary for forum post 221 about 后端开发,This is forum post 221 content with practical notes on Java and 后端开发,https://cdn.knowledgelink.local/forum/cover_221.jpg,Java,后端开发,基础,问题求助,公开,77,208,64,164,2026-01-03 07:53:00,2026-01-03 08:13:00
700000000000000222,10062,Forum Post 222 SpringBoot,Summary for forum post 222 about 数据库,This is forum post 222 content with practical notes on SpringBoot and 数据库,https://cdn.knowledgelink.local/forum/cover_222.jpg,SpringBoot,数据库,进阶,经验总结,公开,84,213,67,168,2026-01-03 08:06:00,2026-01-03 08:26:00
700000000000000223,10063,Forum Post 223 MySQL,Summary for forum post 223 about 中间件,This is forum post 223 content with practical notes on MySQL and 中间件,https://cdn.knowledgelink.local/forum/cover_223.jpg,MySQL,中间件,实战,技术分享,公开,91,218,70,172,2026-01-03 08:19:00,2026-01-03 08:39:00
700000000000000224,10064,Forum Post 224 Redis,Summary for forum post 224 about 系统设计,This is forum post 224 content with practical notes on Redis and 系统设计,https://cdn.knowledgelink.local/forum/cover_224.jpg,Redis,系统设计,踩坑,问题求助,公开,98,223,73,176,2026-01-03 08:32:00,2026-01-03 08:52:00
700000000000000225,10065,Forum Post 225 Elasticsearch,Summary for forum post 225 about 性能优化,This is forum post 225 content with practical notes on Elasticsearch and 性能优化,https://cdn.knowledgelink.local/forum/cover_225.jpg,Elasticsearch,性能优化,面试,经验总结,公开,105,228,76,0,2026-01-03 08:45:00,2026-01-03 09:05:00
700000000000000226,10066,Forum Post 226 Java,Summary for forum post 226 about 后端开发,This is forum post 226 content with practical notes on Java and 后端开发,https://cdn.knowledgelink.local/forum/cover_226.jpg,Java,后端开发,基础,技术分享,公开,112,233,79,4,2026-01-03 08:58:00,2026-01-03 09:18:00
700000000000000227,10067,Forum Post 227 SpringBoot,Summary for forum post 227 about 数据库,This is forum post 227 content with practical notes on SpringBoot and 数据库,https://cdn.knowledgelink.local/forum/cover_227.jpg,SpringBoot,数据库,进阶,问题求助,公开,119,238,82,8,2026-01-03 09:11:00,2026-01-03 09:31:00
700000000000000228,10068,Forum Post 228 MySQL,Summary for forum post 228 about 中间件,This is forum post 228 content with practical notes on MySQL and 中间件,https://cdn.knowledgelink.local/forum/cover_228.jpg,MySQL,中间件,实战,经验总结,公开,126,243,85,12,2026-01-03 09:24:00,2026-01-03 09:44:00
700000000000000229,10069,Forum Post 229 Redis,Summary for forum post 229 about 系统设计,This is forum post 229 content with practical notes on Redis and 系统设计,https://cdn.knowledgelink.local/forum/cover_229.jpg,Redis,系统设计,踩坑,技术分享,公开,133,248,88,16,2026-01-03 09:37:00,2026-01-03 09:57:00
700000000000000230,10070,Forum Post 230 Elasticsearch,Summary for forum post 230 about 性能优化,This is forum post 230 content with practical notes on Elasticsearch and 性能优化,https://cdn.knowledgelink.local/forum/cover_230.jpg,Elasticsearch,性能优化,面试,问题求助,公开,140,253,91,20,2026-01-03 09:50:00,2026-01-03 10:10:00
700000000000000231,10071,Forum Post 231 Java,Summary for forum post 231 about 后端开发,This is forum post 231 content with practical notes on Java and 后端开发,https://cdn.knowledgelink.local/forum/cover_231.jpg,Java,后端开发,基础,经验总结,公开,147,258,94,24,2026-01-03 10:03:00,2026-01-03 10:23:00
700000000000000232,10072,Forum Post 232 SpringBoot,Summary for forum post 232 about 数据库,This is forum post 232 content with practical notes on SpringBoot and 数据库,https://cdn.knowledgelink.local/forum/cover_232.jpg,SpringBoot,数据库,进阶,技术分享,公开,154,263,97,28,2026-01-03 10:16:00,2026-01-03 10:36:00
700000000000000233,10073,Forum Post 233 MySQL,Summary for forum post 233 about 中间件,This is forum post 233 content with practical notes on MySQL and 中间件,https://cdn.knowledgelink.local/forum/cover_233.jpg,MySQL,中间件,实战,问题求助,公开,161,268,100,32,2026-01-03 10:29:00,2026-01-03 10:49:00
700000000000000234,10074,Forum Post 234 Redis,Summary for forum post 234 about 系统设计,This is forum post 234 content with practical notes on Redis and 系统设计,https://cdn.knowledgelink.local/forum/cover_234.jpg,Redis,系统设计,踩坑,经验总结,公开,168,273,103,36,2026-01-03 10:42:00,2026-01-03 11:02:00
700000000000000235,10075,Forum Post 235 Elasticsearch,Summary for forum post 235 about 性能优化,This is forum post 235 content with practical notes on Elasticsearch and 性能优化,https://cdn.knowledgelink.local/forum/cover_235.jpg,Elasticsearch,性能优化,面试,技术分享,公开,175,278,106,40,2026-01-03 10:55:00,2026-01-03 11:15:00
700000000000000236,10076,Forum Post 236 Java,Summary for forum post 236 about 后端开发,This is forum post 236 content with practical notes on Java and 后端开发,https://cdn.knowledgelink.local/forum/cover_236.jpg,Java,后端开发,基础,问题求助,公开,182,283,109,44,2026-01-03 11:08:00,2026-01-03 11:28:00
700000000000000237,10077,Forum Post 237 SpringBoot,Summary for forum post 237 about 数据库,This is forum post 237 content with practical notes on SpringBoot and 数据库,https://cdn.knowledgelink.local/forum/cover_237.jpg,SpringBoot,数据库,进阶,经验总结,公开,189,288,112,48,2026-01-03 11:21:00,2026-01-03 11:41:00
700000000000000238,10078,Forum Post 238 MySQL,Summary for forum post 238 about 中间件,This is forum post 238 content with practical notes on MySQL and 中间件,https://cdn.knowledgelink.local/forum/cover_238.jpg,MySQL,中间件,实战,技术分享,公开,196,293,115,52,2026-01-03 11:34:00,2026-01-03 11:54:00
700000000000000239,10079,Forum Post 239 Redis,Summary for forum post 239 about 系统设计,This is forum post 239 content with practical notes on Redis and 系统设计,https://cdn.knowledgelink.local/forum/cover_239.jpg,Redis,系统设计,踩坑,问题求助,公开,203,298,118,56,2026-01-03 11:47:00,2026-01-03 12:07:00
700000000000000240,10080,Forum Post 240 Elasticsearch,Summary for forum post 240 about 性能优化,This is forum post 240 content with practical notes on Elasticsearch and 性能优化,https://cdn.knowledgelink.local/forum/cover_240.jpg,Elasticsearch,性能优化,面试,经验总结,公开,210,3,1,60,2026-01-03 12:00:00,2026-01-03 12:20:00
700000000000000241,10001,Forum Post 241 Java,Summary for forum post 241 about 后端开发,This is forum post 241 content with practical notes on Java and 后端开发,https://cdn.knowledgelink.local/forum/cover_241.jpg,Java,后端开发,基础,技术分享,公开,217,8,4,64,2026-01-03 12:13:00,2026-01-03 12:33:00
700000000000000242,10002,Forum Post 242 SpringBoot,Summary for forum post 242 about 数据库,This is forum post 242 content with practical notes on SpringBoot and 数据库,https://cdn.knowledgelink.local/forum/cover_242.jpg,SpringBoot,数据库,进阶,问题求助,公开,224,13,7,68,2026-01-03 12:26:00,2026-01-03 12:46:00
700000000000000243,10003,Forum Post 243 MySQL,Summary for forum post 243 about 中间件,This is forum post 243 content with practical notes on MySQL and 中间件,https://cdn.knowledgelink.local/forum/cover_243.jpg,MySQL,中间件,实战,经验总结,公开,231,18,10,72,2026-01-03 12:39:00,2026-01-03 12:59:00
700000000000000244,10004,Forum Post 244 Redis,Summary for forum post 244 about 系统设计,This is forum post 244 content with practical notes on Redis and 系统设计,https://cdn.knowledgelink.local/forum/cover_244.jpg,Redis,系统设计,踩坑,技术分享,公开,238,23,13,76,2026-01-03 12:52:00,2026-01-03 13:12:00
700000000000000245,10005,Forum Post 245 Elasticsearch,Summary for forum post 245 about 性能优化,This is forum post 245 content with practical notes on Elasticsearch and 性能优化,https://cdn.knowledgelink.local/forum/cover_245.jpg,Elasticsearch,性能优化,面试,问题求助,公开,245,28,16,80,2026-01-03 13:05:00,2026-01-03 13:25:00
700000000000000246,10006,Forum Post 246 Java,Summary for forum post 246 about 后端开发,This is forum post 246 content with practical notes on Java and 后端开发,https://cdn.knowledgelink.local/forum/cover_246.jpg,Java,后端开发,基础,经验总结,公开,252,33,19,84,2026-01-03 13:18:00,2026-01-03 13:38:00
700000000000000247,10007,Forum Post 247 SpringBoot,Summary for forum post 247 about 数据库,This is forum post 247 content with practical notes on SpringBoot and 数据库,https://cdn.knowledgelink.local/forum/cover_247.jpg,SpringBoot,数据库,进阶,技术分享,公开,259,38,22,88,2026-01-03 13:31:00,2026-01-03 13:51:00
700000000000000248,10008,Forum Post 248 MySQL,Summary for forum post 248 about 中间件,This is forum post 248 content with practical notes on MySQL and 中间件,https://cdn.knowledgelink.local/forum/cover_248.jpg,MySQL,中间件,实战,问题求助,公开,266,43,25,92,2026-01-03 13:44:00,2026-01-03 14:04:00
700000000000000249,10009,Forum Post 249 Redis,Summary for forum post 249 about 系统设计,This is forum post 249 content with practical notes on Redis and 系统设计,https://cdn.knowledgelink.local/forum/cover_249.jpg,Redis,系统设计,踩坑,经验总结,公开,273,48,28,96,2026-01-03 13:57:00,2026-01-03 14:17:00
700000000000000250,10010,Forum Post 250 Elasticsearch,Summary for forum post 250 about 性能优化,This is forum post 250 content with practical notes on Elasticsearch and 性能优化,https://cdn.knowledgelink.local/forum/cover_250.jpg,Elasticsearch,性能优化,面试,技术分享,公开,280,53,31,100,2026-01-03 14:10:00,2026-01-03 14:30:00
700000000000000251,10011,Forum Post 251 Java,Summary for forum post 251 about 后端开发,This is forum post 251 content with practical notes on Java and 后端开发,https://cdn.knowledgelink.local/forum/cover_251.jpg,Java,后端开发,基础,问题求助,公开,287,58,34,104,2026-01-03 14:23:00,2026-01-03 14:43:00
700000000000000252,10012,Forum Post 252 SpringBoot,Summary for forum post 252 about 数据库,This is forum post 252 content with practical notes on SpringBoot and 数据库,https://cdn.knowledgelink.local/forum/cover_252.jpg,SpringBoot,数据库,进阶,经验总结,公开,294,63,37,108,2026-01-03 14:36:00,2026-01-03 14:56:00
700000000000000253,10013,Forum Post 253 MySQL,Summary for forum post 253 about 中间件,This is forum post 253 content with practical notes on MySQL and 中间件,https://cdn.knowledgelink.local/forum/cover_253.jpg,MySQL,中间件,实战,技术分享,公开,301,68,40,112,2026-01-03 14:49:00,2026-01-03 15:09:00
700000000000000254,10014,Forum Post 254 Redis,Summary for forum post 254 about 系统设计,This is forum post 254 content with practical notes on Redis and 系统设计,https://cdn.knowledgelink.local/forum/cover_254.jpg,Redis,系统设计,踩坑,问题求助,公开,308,73,43,116,2026-01-03 15:02:00,2026-01-03 15:22:00
700000000000000255,10015,Forum Post 255 Elasticsearch,Summary for forum post 255 about 性能优化,This is forum post 255 content with practical notes on Elasticsearch and 性能优化,https://cdn.knowledgelink.local/forum/cover_255.jpg,Elasticsearch,性能优化,面试,经验总结,公开,315,78,46,120,2026-01-03 15:15:00,2026-01-03 15:35:00
700000000000000256,10016,Forum Post 256 Java,Summary for forum post 256 about 后端开发,This is forum post 256 content with practical notes on Java and 后端开发,https://cdn.knowledgelink.local/forum/cover_256.jpg,Java,后端开发,基础,技术分享,公开,322,83,49,124,2026-01-03 15:28:00,2026-01-03 15:48:00
700000000000000257,10017,Forum Post 257 SpringBoot,Summary for forum post 257 about 数据库,This is forum post 257 content with practical notes on SpringBoot and 数据库,https://cdn.knowledgelink.local/forum/cover_257.jpg,SpringBoot,数据库,进阶,问题求助,公开,329,88,52,128,2026-01-03 15:41:00,2026-01-03 16:01:00
700000000000000258,10018,Forum Post 258 MySQL,Summary for forum post 258 about 中间件,This is forum post 258 content with practical notes on MySQL and 中间件,https://cdn.knowledgelink.local/forum/cover_258.jpg,MySQL,中间件,实战,经验总结,公开,336,93,55,132,2026-01-03 15:54:00,2026-01-03 16:14:00
700000000000000259,10019,Forum Post 259 Redis,Summary for forum post 259 about 系统设计,This is forum post 259 content with practical notes on Redis and 系统设计,https://cdn.knowledgelink.local/forum/cover_259.jpg,Redis,系统设计,踩坑,技术分享,公开,343,98,58,136,2026-01-03 16:07:00,2026-01-03 16:27:00
700000000000000260,10020,Forum Post 260 Elasticsearch,Summary for forum post 260 about 性能优化,This is forum post 260 content with practical notes on Elasticsearch and 性能优化,https://cdn.knowledgelink.local/forum/cover_260.jpg,Elasticsearch,性能优化,面试,问题求助,公开,350,103,61,140,2026-01-03 16:20:00,2026-01-03 16:40:00
700000000000000261,10021,Forum Post 261 Java,Summary for forum post 261 about 后端开发,This is forum post 261 content with practical notes on Java and 后端开发,https://cdn.knowledgelink.local/forum/cover_261.jpg,Java,后端开发,基础,经验总结,公开,357,108,64,144,2026-01-03 16:33:00,2026-01-03 16:53:00
700000000000000262,10022,Forum Post 262 SpringBoot,Summary for forum post 262 about 数据库,This is forum post 262 content with practical notes on SpringBoot and 数据库,https://cdn.knowledgelink.local/forum/cover_262.jpg,SpringBoot,数据库,进阶,技术分享,公开,364,113,67,148,2026-01-03 16:46:00,2026-01-03 17:06:00
700000000000000263,10023,Forum Post 263 MySQL,Summary for forum post 263 about 中间件,This is forum post 263 content with practical notes on MySQL and 中间件,https://cdn.knowledgelink.local/forum/cover_263.jpg,MySQL,中间件,实战,问题求助,公开,371,118,70,152,2026-01-03 16:59:00,2026-01-03 17:19:00
700000000000000264,10024,Forum Post 264 Redis,Summary for forum post 264 about 系统设计,This is forum post 264 content with practical notes on Redis and 系统设计,https://cdn.knowledgelink.local/forum/cover_264.jpg,Redis,系统设计,踩坑,经验总结,公开,378,123,73,156,2026-01-03 17:12:00,2026-01-03 17:32:00
700000000000000265,10025,Forum Post 265 Elasticsearch,Summary for forum post 265 about 性能优化,This is forum post 265 content with practical notes on Elasticsearch and 性能优化,https://cdn.knowledgelink.local/forum/cover_265.jpg,Elasticsearch,性能优化,面试,技术分享,公开,385,128,76,160,2026-01-03 17:25:00,2026-01-03 17:45:00
700000000000000266,10026,Forum Post 266 Java,Summary for forum post 266 about 后端开发,This is forum post 266 content with practical notes on Java and 后端开发,https://cdn.knowledgelink.local/forum/cover_266.jpg,Java,后端开发,基础,问题求助,公开,392,133,79,164,2026-01-03 17:38:00,2026-01-03 17:58:00
700000000000000267,10027,Forum Post 267 SpringBoot,Summary for forum post 267 about 数据库,This is forum post 267 content with practical notes on SpringBoot and 数据库,https://cdn.knowledgelink.local/forum/cover_267.jpg,SpringBoot,数据库,进阶,经验总结,公开,399,138,82,168,2026-01-03 17:51:00,2026-01-03 18:11:00
700000000000000268,10028,Forum Post 268 MySQL,Summary for forum post 268 about 中间件,This is forum post 268 content with practical notes on MySQL and 中间件,https://cdn.knowledgelink.local/forum/cover_268.jpg,MySQL,中间件,实战,技术分享,公开,406,143,85,172,2026-01-03 18:04:00,2026-01-03 18:24:00
700000000000000269,10029,Forum Post 269 Redis,Summary for forum post 269 about 系统设计,This is forum post 269 content with practical notes on Redis and 系统设计,https://cdn.knowledgelink.local/forum/cover_269.jpg,Redis,系统设计,踩坑,问题求助,公开,413,148,88,176,2026-01-03 18:17:00,2026-01-03 18:37:00
700000000000000270,10030,Forum Post 270 Elasticsearch,Summary for forum post 270 about 性能优化,This is forum post 270 content with practical notes on Elasticsearch and 性能优化,https://cdn.knowledgelink.local/forum/cover_270.jpg,Elasticsearch,性能优化,面试,经验总结,公开,420,153,91,0,2026-01-03 18:30:00,2026-01-03 18:50:00
700000000000000271,10031,Forum Post 271 Java,Summary for forum post 271 about 后端开发,This is forum post 271 content with practical notes on Java and 后端开发,https://cdn.knowledgelink.local/forum/cover_271.jpg,Java,后端开发,基础,技术分享,公开,427,158,94,4,2026-01-03 18:43:00,2026-01-03 19:03:00
700000000000000272,10032,Forum Post 272 SpringBoot,Summary for forum post 272 about 数据库,This is forum post 272 content with practical notes on SpringBoot and 数据库,https://cdn.knowledgelink.local/forum/cover_272.jpg,SpringBoot,数据库,进阶,问题求助,公开,434,163,97,8,2026-01-03 18:56:00,2026-01-03 19:16:00
700000000000000273,10033,Forum Post 273 MySQL,Summary for forum post 273 about 中间件,This is forum post 273 content with practical notes on MySQL and 中间件,https://cdn.knowledgelink.local/forum/cover_273.jpg,MySQL,中间件,实战,经验总结,公开,441,168,100,12,2026-01-03 19:09:00,2026-01-03 19:29:00
700000000000000274,10034,Forum Post 274 Redis,Summary for forum post 274 about 系统设计,This is forum post 274 content with practical notes on Redis and 系统设计,https://cdn.knowledgelink.local/forum/cover_274.jpg,Redis,系统设计,踩坑,技术分享,公开,448,173,103,16,2026-01-03 19:22:00,2026-01-03 19:42:00
700000000000000275,10035,Forum Post 275 Elasticsearch,Summary for forum post 275 about 性能优化,This is forum post 275 content with practical notes on Elasticsearch and 性能优化,https://cdn.knowledgelink.local/forum/cover_275.jpg,Elasticsearch,性能优化,面试,问题求助,公开,455,178,106,20,2026-01-03 19:35:00,2026-01-03 19:55:00
700000000000000276,10036,Forum Post 276 Java,Summary for forum post 276 about 后端开发,This is forum post 276 content with practical notes on Java and 后端开发,https://cdn.knowledgelink.local/forum/cover_276.jpg,Java,后端开发,基础,经验总结,公开,462,183,109,24,2026-01-03 19:48:00,2026-01-03 20:08:00
700000000000000277,10037,Forum Post 277 SpringBoot,Summary for forum post 277 about 数据库,This is forum post 277 content with practical notes on SpringBoot and 数据库,https://cdn.knowledgelink.local/forum/cover_277.jpg,SpringBoot,数据库,进阶,技术分享,公开,469,188,112,28,2026-01-03 20:01:00,2026-01-03 20:21:00
700000000000000278,10038,Forum Post 278 MySQL,Summary for forum post 278 about 中间件,This is forum post 278 content with practical notes on MySQL and 中间件,https://cdn.knowledgelink.local/forum/cover_278.jpg,MySQL,中间件,实战,问题求助,公开,476,193,115,32,2026-01-03 20:14:00,2026-01-03 20:34:00
700000000000000279,10039,Forum Post 279 Redis,Summary for forum post 279 about 系统设计,This is forum post 279 content with practical notes on Redis and 系统设计,https://cdn.knowledgelink.local/forum/cover_279.jpg,Redis,系统设计,踩坑,经验总结,公开,483,198,118,36,2026-01-03 20:27:00,2026-01-03 20:47:00
700000000000000280,10040,Forum Post 280 Elasticsearch,Summary for forum post 280 about 性能优化,This is forum post 280 content with practical notes on Elasticsearch and 性能优化,https://cdn.knowledgelink.local/forum/cover_280.jpg,Elasticsearch,性能优化,面试,技术分享,公开,490,203,1,40,2026-01-03 20:40:00,2026-01-03 21:00:00
700000000000000281,10041,Forum Post 281 Java,Summary for forum post 281 about 后端开发,This is forum post 281 content with practical notes on Java and 后端开发,https://cdn.knowledgelink.local/forum/cover_281.jpg,Java,后端开发,基础,问题求助,公开,497,208,4,44,2026-01-03 20:53:00,2026-01-03 21:13:00
700000000000000282,10042,Forum Post 282 SpringBoot,Summary for forum post 282 about 数据库,This is forum post 282 content with practical notes on SpringBoot and 数据库,https://cdn.knowledgelink.local/forum/cover_282.jpg,SpringBoot,数据库,进阶,经验总结,公开,504,213,7,48,2026-01-03 21:06:00,2026-01-03 21:26:00
700000000000000283,10043,Forum Post 283 MySQL,Summary for forum post 283 about 中间件,This is forum post 283 content with practical notes on MySQL and 中间件,https://cdn.knowledgelink.local/forum/cover_283.jpg,MySQL,中间件,实战,技术分享,公开,511,218,10,52,2026-01-03 21:19:00,2026-01-03 21:39:00
700000000000000284,10044,Forum Post 284 Redis,Summary for forum post 284 about 系统设计,This is forum post 284 content with practical notes on Redis and 系统设计,https://cdn.knowledgelink.local/forum/cover_284.jpg,Redis,系统设计,踩坑,问题求助,公开,518,223,13,56,2026-01-03 21:32:00,2026-01-03 21:52:00
700000000000000285,10045,Forum Post 285 Elasticsearch,Summary for forum post 285 about 性能优化,This is forum post 285 content with practical notes on Elasticsearch and 性能优化,https://cdn.knowledgelink.local/forum/cover_285.jpg,Elasticsearch,性能优化,面试,经验总结,公开,525,228,16,60,2026-01-03 21:45:00,2026-01-03 22:05:00
700000000000000286,10046,Forum Post 286 Java,Summary for forum post 286 about 后端开发,This is forum post 286 content with practical notes on Java and 后端开发,https://cdn.knowledgelink.local/forum/cover_286.jpg,Java,后端开发,基础,技术分享,公开,532,233,19,64,2026-01-03 21:58:00,2026-01-03 22:18:00
700000000000000287,10047,Forum Post 287 SpringBoot,Summary for forum post 287 about 数据库,This is forum post 287 content with practical notes on SpringBoot and 数据库,https://cdn.knowledgelink.local/forum/cover_287.jpg,SpringBoot,数据库,进阶,问题求助,公开,539,238,22,68,2026-01-03 22:11:00,2026-01-03 22:31:00
700000000000000288,10048,Forum Post 288 MySQL,Summary for forum post 288 about 中间件,This is forum post 288 content with practical notes on MySQL and 中间件,https://cdn.knowledgelink.local/forum/cover_288.jpg,MySQL,中间件,实战,经验总结,公开,546,243,25,72,2026-01-03 22:24:00,2026-01-03 22:44:00
700000000000000289,10049,Forum Post 289 Redis,Summary for forum post 289 about 系统设计,This is forum post 289 content with practical notes on Redis and 系统设计,https://cdn.knowledgelink.local/forum/cover_289.jpg,Redis,系统设计,踩坑,技术分享,公开,553,248,28,76,2026-01-03 22:37:00,2026-01-03 22:57:00
700000000000000290,10050,Forum Post 290 Elasticsearch,Summary for forum post 290 about 性能优化,This is forum post 290 content with practical notes on Elasticsearch and 性能优化,https://cdn.knowledgelink.local/forum/cover_290.jpg,Elasticsearch,性能优化,面试,问题求助,公开,560,253,31,80,2026-01-03 22:50:00,2026-01-03 23:10:00
700000000000000291,10051,Forum Post 291 Java,Summary for forum post 291 about 后端开发,This is forum post 291 content with practical notes on Java and 后端开发,https://cdn.knowledgelink.local/forum/cover_291.jpg,Java,后端开发,基础,经验总结,公开,567,258,34,84,2026-01-03 23:03:00,2026-01-03 23:23:00
700000000000000292,10052,Forum Post 292 SpringBoot,Summary for forum post 292 about 数据库,This is forum post 292 content with practical notes on SpringBoot and 数据库,https://cdn.knowledgelink.local/forum/cover_292.jpg,SpringBoot,数据库,进阶,技术分享,公开,574,263,37,88,2026-01-03 23:16:00,2026-01-03 23:36:00
700000000000000293,10053,Forum Post 293 MySQL,Summary for forum post 293 about 中间件,This is forum post 293 content with practical notes on MySQL and 中间件,https://cdn.knowledgelink.local/forum/cover_293.jpg,MySQL,中间件,实战,问题求助,公开,581,268,40,92,2026-01-03 23:29:00,2026-01-03 23:49:00
700000000000000294,10054,Forum Post 294 Redis,Summary for forum post 294 about 系统设计,This is forum post 294 content with practical notes on Redis and 系统设计,https://cdn.knowledgelink.local/forum/cover_294.jpg,Redis,系统设计,踩坑,经验总结,公开,588,273,43,96,2026-01-03 23:42:00,2026-01-04 00:02:00
700000000000000295,10055,Forum Post 295 Elasticsearch,Summary for forum post 295 about 性能优化,This is forum post 295 content with practical notes on Elasticsearch and 性能优化,https://cdn.knowledgelink.local/forum/cover_295.jpg,Elasticsearch,性能优化,面试,技术分享,公开,595,278,46,100,2026-01-03 23:55:00,2026-01-04 00:15:00
700000000000000296,10056,Forum Post 296 Java,Summary for forum post 296 about 后端开发,This is forum post 296 content with practical notes on Java and 后端开发,https://cdn.knowledgelink.local/forum/cover_296.jpg,Java,后端开发,基础,问题求助,公开,602,283,49,104,2026-01-04 00:08:00,2026-01-04 00:28:00
700000000000000297,10057,Forum Post 297 SpringBoot,Summary for forum post 297 about 数据库,This is forum post 297 content with practical notes on SpringBoot and 数据库,https://cdn.knowledgelink.local/forum/cover_297.jpg,SpringBoot,数据库,进阶,经验总结,公开,609,288,52,108,2026-01-04 00:21:00,2026-01-04 00:41:00
700000000000000298,10058,Forum Post 298 MySQL,Summary for forum post 298 about 中间件,This is forum post 298 content with practical notes on MySQL and 中间件,https://cdn.knowledgelink.local/forum/cover_298.jpg,MySQL,中间件,实战,技术分享,公开,616,293,55,112,2026-01-04 00:34:00,2026-01-04 00:54:00
700000000000000299,10059,Forum Post 299 Redis,Summary for forum post 299 about 系统设计,This is forum post 299 content with practical notes on Redis and 系统设计,https://cdn.knowledgelink.local/forum/cover_299.jpg,Redis,系统设计,踩坑,问题求助,公开,623,298,58,116,2026-01-04 00:47:00,2026-01-04 01:07:00
700000000000000300,10060,Forum Post 300 Elasticsearch,Summary for forum post 300 about 性能优化,This is forum post 300 content with practical notes on Elasticsearch and 性能优化,https://cdn.knowledgelink.local/forum/cover_300.jpg,Elasticsearch,性能优化,面试,经验总结,公开,630,3,61,120,2026-01-04 01:00:00,2026-01-04 01:20:00
700000000000000301,10061,Forum Post 301 Java,Summary for forum post 301 about 后端开发,This is forum post 301 content with practical notes on Java and 后端开发,https://cdn.knowledgelink.local/forum/cover_301.jpg,Java,后端开发,基础,技术分享,公开,637,8,64,124,2026-01-04 01:13:00,2026-01-04 01:33:00
700000000000000302,10062,Forum Post 302 SpringBoot,Summary for forum post 302 about 数据库,This is forum post 302 content with practical notes on SpringBoot and 数据库,https://cdn.knowledgelink.local/forum/cover_302.jpg,SpringBoot,数据库,进阶,问题求助,公开,644,13,67,128,2026-01-04 01:26:00,2026-01-04 01:46:00
700000000000000303,10063,Forum Post 303 MySQL,Summary for forum post 303 about 中间件,This is forum post 303 content with practical notes on MySQL and 中间件,https://cdn.knowledgelink.local/forum/cover_303.jpg,MySQL,中间件,实战,经验总结,公开,651,18,70,132,2026-01-04 01:39:00,2026-01-04 01:59:00
700000000000000304,10064,Forum Post 304 Redis,Summary for forum post 304 about 系统设计,This is forum post 304 content with practical notes on Redis and 系统设计,https://cdn.knowledgelink.local/forum/cover_304.jpg,Redis,系统设计,踩坑,技术分享,公开,658,23,73,136,2026-01-04 01:52:00,2026-01-04 02:12:00
700000000000000305,10065,Forum Post 305 Elasticsearch,Summary for forum post 305 about 性能优化,This is forum post 305 content with practical notes on Elasticsearch and 性能优化,https://cdn.knowledgelink.local/forum/cover_305.jpg,Elasticsearch,性能优化,面试,问题求助,公开,665,28,76,140,2026-01-04 02:05:00,2026-01-04 02:25:00
700000000000000306,10066,Forum Post 306 Java,Summary for forum post 306 about 后端开发,This is forum post 306 content with practical notes on Java and 后端开发,https://cdn.knowledgelink.local/forum/cover_306.jpg,Java,后端开发,基础,经验总结,公开,672,33,79,144,2026-01-04 02:18:00,2026-01-04 02:38:00
700000000000000307,10067,Forum Post 307 SpringBoot,Summary for forum post 307 about 数据库,This is forum post 307 content with practical notes on SpringBoot and 数据库,https://cdn.knowledgelink.local/forum/cover_307.jpg,SpringBoot,数据库,进阶,技术分享,公开,679,38,82,148,2026-01-04 02:31:00,2026-01-04 02:51:00
700000000000000308,10068,Forum Post 308 MySQL,Summary for forum post 308 about 中间件,This is forum post 308 content with practical notes on MySQL and 中间件,https://cdn.knowledgelink.local/forum/cover_308.jpg,MySQL,中间件,实战,问题求助,公开,686,43,85,152,2026-01-04 02:44:00,2026-01-04 03:04:00
700000000000000309,10069,Forum Post 309 Redis,Summary for forum post 309 about 系统设计,This is forum post 309 content with practical notes on Redis and 系统设计,https://cdn.knowledgelink.local/forum/cover_309.jpg,Redis,系统设计,踩坑,经验总结,公开,693,48,88,156,2026-01-04 02:57:00,2026-01-04 03:17:00
700000000000000310,10070,Forum Post 310 Elasticsearch,Summary for forum post 310 about 性能优化,This is forum post 310 content with practical notes on Elasticsearch and 性能优化,https://cdn.knowledgelink.local/forum/cover_310.jpg,Elasticsearch,性能优化,面试,技术分享,公开,700,53,91,160,2026-01-04 03:10:00,2026-01-04 03:30:00
700000000000000311,10071,Forum Post 311 Java,Summary for forum post 311 about 后端开发,This is forum post 311 content with practical notes on Java and 后端开发,https://cdn.knowledgelink.local/forum/cover_311.jpg,Java,后端开发,基础,问题求助,公开,707,58,94,164,2026-01-04 03:23:00,2026-01-04 03:43:00
700000000000000312,10072,Forum Post 312 SpringBoot,Summary for forum post 312 about 数据库,This is forum post 312 content with practical notes on SpringBoot and 数据库,https://cdn.knowledgelink.local/forum/cover_312.jpg,SpringBoot,数据库,进阶,经验总结,公开,714,63,97,168,2026-01-04 03:36:00,2026-01-04 03:56:00
700000000000000313,10073,Forum Post 313 MySQL,Summary for forum post 313 about 中间件,This is forum post 313 content with practical notes on MySQL and 中间件,https://cdn.knowledgelink.local/forum/cover_313.jpg,MySQL,中间件,实战,技术分享,公开,721,68,100,172,2026-01-04 03:49:00,2026-01-04 04:09:00
700000000000000314,10074,Forum Post 314 Redis,Summary for forum post 314 about 系统设计,This is forum post 314 content with practical notes on Redis and 系统设计,https://cdn.knowledgelink.local/forum/cover_314.jpg,Redis,系统设计,踩坑,问题求助,公开,728,73,103,176,2026-01-04 04:02:00,2026-01-04 04:22:00
700000000000000315,10075,Forum Post 315 Elasticsearch,Summary for forum post 315 about 性能优化,This is forum post 315 content with practical notes on Elasticsearch and 性能优化,https://cdn.knowledgelink.local/forum/cover_315.jpg,Elasticsearch,性能优化,面试,经验总结,公开,735,78,106,0,2026-01-04 04:15:00,2026-01-04 04:35:00
700000000000000316,10076,Forum Post 316 Java,Summary for forum post 316 about 后端开发,This is forum post 316 content with practical notes on Java and 后端开发,https://cdn.knowledgelink.local/forum/cover_316.jpg,Java,后端开发,基础,技术分享,公开,742,83,109,4,2026-01-04 04:28:00,2026-01-04 04:48:00
700000000000000317,10077,Forum Post 317 SpringBoot,Summary for forum post 317 about 数据库,This is forum post 317 content with practical notes on SpringBoot and 数据库,https://cdn.knowledgelink.local/forum/cover_317.jpg,SpringBoot,数据库,进阶,问题求助,公开,749,88,112,8,2026-01-04 04:41:00,2026-01-04 05:01:00
700000000000000318,10078,Forum Post 318 MySQL,Summary for forum post 318 about 中间件,This is forum post 318 content with practical notes on MySQL and 中间件,https://cdn.knowledgelink.local/forum/cover_318.jpg,MySQL,中间件,实战,经验总结,公开,756,93,115,12,2026-01-04 04:54:00,2026-01-04 05:14:00
700000000000000319,10079,Forum Post 319 Redis,Summary for forum post 319 about 系统设计,This is forum post 319 content with practical notes on Redis and 系统设计,https://cdn.knowledgelink.local/forum/cover_319.jpg,Redis,系统设计,踩坑,技术分享,公开,763,98,118,16,2026-01-04 05:07:00,2026-01-04 05:27:00
700000000000000320,10080,Forum Post 320 Elasticsearch,Summary for forum post 320 about 性能优化,This is forum post 320 content with practical notes on Elasticsearch and 性能优化,https://cdn.knowledgelink.local/forum/cover_320.jpg,Elasticsearch,性能优化,面试,问题求助,公开,770,103,1,20,2026-01-04 05:20:00,2026-01-04 05:40:00
700000000000000321,10001,Forum Post 321 Java,Summary for forum post 321 about 后端开发,This is forum post 321 content with practical notes on Java and 后端开发,https://cdn.knowledgelink.local/forum/cover_321.jpg,Java,后端开发,基础,经验总结,公开,777,108,4,24,2026-01-04 05:33:00,2026-01-04 05:53:00
700000000000000322,10002,Forum Post 322 SpringBoot,Summary for forum post 322 about 数据库,This is forum post 322 content with practical notes on SpringBoot and 数据库,https://cdn.knowledgelink.local/forum/cover_322.jpg,SpringBoot,数据库,进阶,技术分享,公开,784,113,7,28,2026-01-04 05:46:00,2026-01-04 06:06:00
700000000000000323,10003,Forum Post 323 MySQL,Summary for forum post 323 about 中间件,This is forum post 323 content with practical notes on MySQL and 中间件,https://cdn.knowledgelink.local/forum/cover_323.jpg,MySQL,中间件,实战,问题求助,公开,791,118,10,32,2026-01-04 05:59:00,2026-01-04 06:19:00
700000000000000324,10004,Forum Post 324 Redis,Summary for forum post 324 about 系统设计,This is forum post 324 content with practical notes on Redis and 系统设计,https://cdn.knowledgelink.local/forum/cover_324.jpg,Redis,系统设计,踩坑,经验总结,公开,798,123,13,36,2026-01-04 06:12:00,2026-01-04 06:32:00
700000000000000325,10005,Forum Post 325 Elasticsearch,Summary for forum post 325 about 性能优化,This is forum post 325 content with practical notes on Elasticsearch and 性能优化,https://cdn.knowledgelink.local/forum/cover_325.jpg,Elasticsearch,性能优化,面试,技术分享,公开,805,128,16,40,2026-01-04 06:25:00,2026-01-04 06:45:00
700000000000000326,10006,Forum Post 326 Java,Summary for forum post 326 about 后端开发,This is forum post 326 content with practical notes on Java and 后端开发,https://cdn.knowledgelink.local/forum/cover_326.jpg,Java,后端开发,基础,问题求助,公开,812,133,19,44,2026-01-04 06:38:00,2026-01-04 06:58:00
700000000000000327,10007,Forum Post 327 SpringBoot,Summary for forum post 327 about 数据库,This is forum post 327 content with practical notes on SpringBoot and 数据库,https://cdn.knowledgelink.local/forum/cover_327.jpg,SpringBoot,数据库,进阶,经验总结,公开,819,138,22,48,2026-01-04 06:51:00,2026-01-04 07:11:00
700000000000000328,10008,Forum Post 328 MySQL,Summary for forum post 328 about 中间件,This is forum post 328 content with practical notes on MySQL and 中间件,https://cdn.knowledgelink.local/forum/cover_328.jpg,MySQL,中间件,实战,技术分享,公开,826,143,25,52,2026-01-04 07:04:00,2026-01-04 07:24:00
700000000000000329,10009,Forum Post 329 Redis,Summary for forum post 329 about 系统设计,This is forum post 329 content with practical notes on Redis and 系统设计,https://cdn.knowledgelink.local/forum/cover_329.jpg,Redis,系统设计,踩坑,问题求助,公开,833,148,28,56,2026-01-04 07:17:00,2026-01-04 07:37:00
700000000000000330,10010,Forum Post 330 Elasticsearch,Summary for forum post 330 about 性能优化,This is forum post 330 content with practical notes on Elasticsearch and 性能优化,https://cdn.knowledgelink.local/forum/cover_330.jpg,Elasticsearch,性能优化,面试,经验总结,公开,840,153,31,60,2026-01-04 07:30:00,2026-01-04 07:50:00
700000000000000331,10011,Forum Post 331 Java,Summary for forum post 331 about 后端开发,This is forum post 331 content with practical notes on Java and 后端开发,https://cdn.knowledgelink.local/forum/cover_331.jpg,Java,后端开发,基础,技术分享,公开,847,158,34,64,2026-01-04 07:43:00,2026-01-04 08:03:00
700000000000000332,10012,Forum Post 332 SpringBoot,Summary for forum post 332 about 数据库,This is forum post 332 content with practical notes on SpringBoot and 数据库,https://cdn.knowledgelink.local/forum/cover_332.jpg,SpringBoot,数据库,进阶,问题求助,公开,854,163,37,68,2026-01-04 07:56:00,2026-01-04 08:16:00
700000000000000333,10013,Forum Post 333 MySQL,Summary for forum post 333 about 中间件,This is forum post 333 content with practical notes on MySQL and 中间件,https://cdn.knowledgelink.local/forum/cover_333.jpg,MySQL,中间件,实战,经验总结,公开,861,168,40,72,2026-01-04 08:09:00,2026-01-04 08:29:00
700000000000000334,10014,Forum Post 334 Redis,Summary for forum post 334 about 系统设计,This is forum post 334 content with practical notes on Redis and 系统设计,https://cdn.knowledgelink.local/forum/cover_334.jpg,Redis,系统设计,踩坑,技术分享,公开,868,173,43,76,2026-01-04 08:22:00,2026-01-04 08:42:00
700000000000000335,10015,Forum Post 335 Elasticsearch,Summary for forum post 335 about 性能优化,This is forum post 335 content with practical notes on Elasticsearch and 性能优化,https://cdn.knowledgelink.local/forum/cover_335.jpg,Elasticsearch,性能优化,面试,问题求助,公开,875,178,46,80,2026-01-04 08:35:00,2026-01-04 08:55:00
700000000000000336,10016,Forum Post 336 Java,Summary for forum post 336 about 后端开发,This is forum post 336 content with practical notes on Java and 后端开发,https://cdn.knowledgelink.local/forum/cover_336.jpg,Java,后端开发,基础,经验总结,公开,882,183,49,84,2026-01-04 08:48:00,2026-01-04 09:08:00
700000000000000337,10017,Forum Post 337 SpringBoot,Summary for forum post 337 about 数据库,This is forum post 337 content with practical notes on SpringBoot and 数据库,https://cdn.knowledgelink.local/forum/cover_337.jpg,SpringBoot,数据库,进阶,技术分享,公开,889,188,52,88,2026-01-04 09:01:00,2026-01-04 09:21:00
700000000000000338,10018,Forum Post 338 MySQL,Summary for forum post 338 about 中间件,This is forum post 338 content with practical notes on MySQL and 中间件,https://cdn.knowledgelink.local/forum/cover_338.jpg,MySQL,中间件,实战,问题求助,公开,896,193,55,92,2026-01-04 09:14:00,2026-01-04 09:34:00
700000000000000339,10019,Forum Post 339 Redis,Summary for forum post 339 about 系统设计,This is forum post 339 content with practical notes on Redis and 系统设计,https://cdn.knowledgelink.local/forum/cover_339.jpg,Redis,系统设计,踩坑,经验总结,公开,903,198,58,96,2026-01-04 09:27:00,2026-01-04 09:47:00
700000000000000340,10020,Forum Post 340 Elasticsearch,Summary for forum post 340 about 性能优化,This is forum post 340 content with practical notes on Elasticsearch and 性能优化,https://cdn.knowledgelink.local/forum/cover_340.jpg,Elasticsearch,性能优化,面试,技术分享,公开,910,203,61,100,2026-01-04 09:40:00,2026-01-04 10:00:00
700000000000000341,10021,Forum Post 341 Java,Summary for forum post 341 about 后端开发,This is forum post 341 content with practical notes on Java and 后端开发,https://cdn.knowledgelink.local/forum/cover_341.jpg,Java,后端开发,基础,问题求助,公开,917,208,64,104,2026-01-04 09:53:00,2026-01-04 10:13:00
700000000000000342,10022,Forum Post 342 SpringBoot,Summary for forum post 342 about 数据库,This is forum post 342 content with practical notes on SpringBoot and 数据库,https://cdn.knowledgelink.local/forum/cover_342.jpg,SpringBoot,数据库,进阶,经验总结,公开,924,213,67,108,2026-01-04 10:06:00,2026-01-04 10:26:00
700000000000000343,10023,Forum Post 343 MySQL,Summary for forum post 343 about 中间件,This is forum post 343 content with practical notes on MySQL and 中间件,https://cdn.knowledgelink.local/forum/cover_343.jpg,MySQL,中间件,实战,技术分享,公开,931,218,70,112,2026-01-04 10:19:00,2026-01-04 10:39:00
700000000000000344,10024,Forum Post 344 Redis,Summary for forum post 344 about 系统设计,This is forum post 344 content with practical notes on Redis and 系统设计,https://cdn.knowledgelink.local/forum/cover_344.jpg,Redis,系统设计,踩坑,问题求助,公开,938,223,73,116,2026-01-04 10:32:00,2026-01-04 10:52:00
700000000000000345,10025,Forum Post 345 Elasticsearch,Summary for forum post 345 about 性能优化,This is forum post 345 content with practical notes on Elasticsearch and 性能优化,https://cdn.knowledgelink.local/forum/cover_345.jpg,Elasticsearch,性能优化,面试,经验总结,公开,945,228,76,120,2026-01-04 10:45:00,2026-01-04 11:05:00
700000000000000346,10026,Forum Post 346 Java,Summary for forum post 346 about 后端开发,This is forum post 346 content with practical notes on Java and 后端开发,https://cdn.knowledgelink.local/forum/cover_346.jpg,Java,后端开发,基础,技术分享,公开,952,233,79,124,2026-01-04 10:58:00,2026-01-04 11:18:00
700000000000000347,10027,Forum Post 347 SpringBoot,Summary for forum post 347 about 数据库,This is forum post 347 content with practical notes on SpringBoot and 数据库,https://cdn.knowledgelink.local/forum/cover_347.jpg,SpringBoot,数据库,进阶,问题求助,公开,959,238,82,128,2026-01-04 11:11:00,2026-01-04 11:31:00
700000000000000348,10028,Forum Post 348 MySQL,Summary for forum post 348 about 中间件,This is forum post 348 content with practical notes on MySQL and 中间件,https://cdn.knowledgelink.local/forum/cover_348.jpg,MySQL,中间件,实战,经验总结,公开,966,243,85,132,2026-01-04 11:24:00,2026-01-04 11:44:00
700000000000000349,10029,Forum Post 349 Redis,Summary for forum post 349 about 系统设计,This is forum post 349 content with practical notes on Redis and 系统设计,https://cdn.knowledgelink.local/forum/cover_349.jpg,Redis,系统设计,踩坑,技术分享,公开,973,248,88,136,2026-01-04 11:37:00,2026-01-04 11:57:00
700000000000000350,10030,Forum Post 350 Elasticsearch,Summary for forum post 350 about 性能优化,This is forum post 350 content with practical notes on Elasticsearch and 性能优化,https://cdn.knowledgelink.local/forum/cover_350.jpg,Elasticsearch,性能优化,面试,问题求助,公开,980,253,91,140,2026-01-04 11:50:00,2026-01-04 12:10:00
700000000000000351,10031,Forum Post 351 Java,Summary for forum post 351 about 后端开发,This is forum post 351 content with practical notes on Java and 后端开发,https://cdn.knowledgelink.local/forum/cover_351.jpg,Java,后端开发,基础,经验总结,公开,987,258,94,144,2026-01-04 12:03:00,2026-01-04 12:23:00
700000000000000352,10032,Forum Post 352 SpringBoot,Summary for forum post 352 about 数据库,This is forum post 352 content with practical notes on SpringBoot and 数据库,https://cdn.knowledgelink.local/forum/cover_352.jpg,SpringBoot,数据库,进阶,技术分享,公开,994,263,97,148,2026-01-04 12:16:00,2026-01-04 12:36:00
700000000000000353,10033,Forum Post 353 MySQL,Summary for forum post 353 about 中间件,This is forum post 353 content with practical notes on MySQL and 中间件,https://cdn.knowledgelink.local/forum/cover_353.jpg,MySQL,中间件,实战,问题求助,公开,1001,268,100,152,2026-01-04 12:29:00,2026-01-04 12:49:00
700000000000000354,10034,Forum Post 354 Redis,Summary for forum post 354 about 系统设计,This is forum post 354 content with practical notes on Redis and 系统设计,https://cdn.knowledgelink.local/forum/cover_354.jpg,Redis,系统设计,踩坑,经验总结,公开,1008,273,103,156,2026-01-04 12:42:00,2026-01-04 13:02:00
700000000000000355,10035,Forum Post 355 Elasticsearch,Summary for forum post 355 about 性能优化,This is forum post 355 content with practical notes on Elasticsearch and 性能优化,https://cdn.knowledgelink.local/forum/cover_355.jpg,Elasticsearch,性能优化,面试,技术分享,公开,1015,278,106,160,2026-01-04 12:55:00,2026-01-04 13:15:00
700000000000000356,10036,Forum Post 356 Java,Summary for forum post 356 about 后端开发,This is forum post 356 content with practical notes on Java and 后端开发,https://cdn.knowledgelink.local/forum/cover_356.jpg,Java,后端开发,基础,问题求助,公开,1022,283,109,164,2026-01-04 13:08:00,2026-01-04 13:28:00
700000000000000357,10037,Forum Post 357 SpringBoot,Summary for forum post 357 about 数据库,This is forum post 357 content with practical notes on SpringBoot and 数据库,https://cdn.knowledgelink.local/forum/cover_357.jpg,SpringBoot,数据库,进阶,经验总结,公开,1029,288,112,168,2026-01-04 13:21:00,2026-01-04 13:41:00
700000000000000358,10038,Forum Post 358 MySQL,Summary for forum post 358 about 中间件,This is forum post 358 content with practical notes on MySQL and 中间件,https://cdn.knowledgelink.local/forum/cover_358.jpg,MySQL,中间件,实战,技术分享,公开,1036,293,115,172,2026-01-04 13:34:00,2026-01-04 13:54:00
700000000000000359,10039,Forum Post 359 Redis,Summary for forum post 359 about 系统设计,This is forum post 359 content with practical notes on Redis and 系统设计,https://cdn.knowledgelink.local/forum/cover_359.jpg,Redis,系统设计,踩坑,问题求助,公开,1043,298,118,176,2026-01-04 13:47:00,2026-01-04 14:07:00
700000000000000360,10040,Forum Post 360 Elasticsearch,Summary for forum post 360 about 性能优化,This is forum post 360 content with practical notes on Elasticsearch and 性能优化,https://cdn.knowledgelink.local/forum/cover_360.jpg,Elasticsearch,性能优化,面试,经验总结,公开,1050,3,1,0,2026-01-04 14:00:00,2026-01-04 14:20:00
700000000000000361,10041,Forum Post 361 Java,Summary for forum post 361 about 后端开发,This is forum post 361 content with practical notes on Java and 后端开发,https://cdn.knowledgelink.local/forum/cover_361.jpg,Java,后端开发,基础,技术分享,公开,1057,8,4,4,2026-01-04 14:13:00,2026-01-04 14:33:00
700000000000000362,10042,Forum Post 362 SpringBoot,Summary for forum post 362 about 数据库,This is forum post 362 content with practical notes on SpringBoot and 数据库,https://cdn.knowledgelink.local/forum/cover_362.jpg,SpringBoot,数据库,进阶,问题求助,公开,1064,13,7,8,2026-01-04 14:26:00,2026-01-04 14:46:00
700000000000000363,10043,Forum Post 363 MySQL,Summary for forum post 363 about 中间件,This is forum post 363 content with practical notes on MySQL and 中间件,https://cdn.knowledgelink.local/forum/cover_363.jpg,MySQL,中间件,实战,经验总结,公开,1071,18,10,12,2026-01-04 14:39:00,2026-01-04 14:59:00
700000000000000364,10044,Forum Post 364 Redis,Summary for forum post 364 about 系统设计,This is forum post 364 content with practical notes on Redis and 系统设计,https://cdn.knowledgelink.local/forum/cover_364.jpg,Redis,系统设计,踩坑,技术分享,公开,1078,23,13,16,2026-01-04 14:52:00,2026-01-04 15:12:00
700000000000000365,10045,Forum Post 365 Elasticsearch,Summary for forum post 365 about 性能优化,This is forum post 365 content with practical notes on Elasticsearch and 性能优化,https://cdn.knowledgelink.local/forum/cover_365.jpg,Elasticsearch,性能优化,面试,问题求助,公开,1085,28,16,20,2026-01-04 15:05:00,2026-01-04 15:25:00
700000000000000366,10046,Forum Post 366 Java,Summary for forum post 366 about 后端开发,This is forum post 366 content with practical notes on Java and 后端开发,https://cdn.knowledgelink.local/forum/cover_366.jpg,Java,后端开发,基础,经验总结,公开,1092,33,19,24,2026-01-04 15:18:00,2026-01-04 15:38:00
700000000000000367,10047,Forum Post 367 SpringBoot,Summary for forum post 367 about 数据库,This is forum post 367 content with practical notes on SpringBoot and 数据库,https://cdn.knowledgelink.local/forum/cover_367.jpg,SpringBoot,数据库,进阶,技术分享,公开,1099,38,22,28,2026-01-04 15:31:00,2026-01-04 15:51:00
700000000000000368,10048,Forum Post 368 MySQL,Summary for forum post 368 about 中间件,This is forum post 368 content with practical notes on MySQL and 中间件,https://cdn.knowledgelink.local/forum/cover_368.jpg,MySQL,中间件,实战,问题求助,公开,1106,43,25,32,2026-01-04 15:44:00,2026-01-04 16:04:00
700000000000000369,10049,Forum Post 369 Redis,Summary for forum post 369 about 系统设计,This is forum post 369 content with practical notes on Redis and 系统设计,https://cdn.knowledgelink.local/forum/cover_369.jpg,Redis,系统设计,踩坑,经验总结,公开,1113,48,28,36,2026-01-04 15:57:00,2026-01-04 16:17:00
700000000000000370,10050,Forum Post 370 Elasticsearch,Summary for forum post 370 about 性能优化,This is forum post 370 content with practical notes on Elasticsearch and 性能优化,https://cdn.knowledgelink.local/forum/cover_370.jpg,Elasticsearch,性能优化,面试,技术分享,公开,1120,53,31,40,2026-01-04 16:10:00,2026-01-04 16:30:00
700000000000000371,10051,Forum Post 371 Java,Summary for forum post 371 about 后端开发,This is forum post 371 content with practical notes on Java and 后端开发,https://cdn.knowledgelink.local/forum/cover_371.jpg,Java,后端开发,基础,问题求助,公开,1127,58,34,44,2026-01-04 16:23:00,2026-01-04 16:43:00
700000000000000372,10052,Forum Post 372 SpringBoot,Summary for forum post 372 about 数据库,This is forum post 372 content with practical notes on SpringBoot and 数据库,https://cdn.knowledgelink.local/forum/cover_372.jpg,SpringBoot,数据库,进阶,经验总结,公开,1134,63,37,48,2026-01-04 16:36:00,2026-01-04 16:56:00
700000000000000373,10053,Forum Post 373 MySQL,Summary for forum post 373 about 中间件,This is forum post 373 content with practical notes on MySQL and 中间件,https://cdn.knowledgelink.local/forum/cover_373.jpg,MySQL,中间件,实战,技术分享,公开,1141,68,40,52,2026-01-04 16:49:00,2026-01-04 17:09:00
700000000000000374,10054,Forum Post 374 Redis,Summary for forum post 374 about 系统设计,This is forum post 374 content with practical notes on Redis and 系统设计,https://cdn.knowledgelink.local/forum/cover_374.jpg,Redis,系统设计,踩坑,问题求助,公开,1148,73,43,56,2026-01-04 17:02:00,2026-01-04 17:22:00
700000000000000375,10055,Forum Post 375 Elasticsearch,Summary for forum post 375 about 性能优化,This is forum post 375 content with practical notes on Elasticsearch and 性能优化,https://cdn.knowledgelink.local/forum/cover_375.jpg,Elasticsearch,性能优化,面试,经验总结,公开,1155,78,46,60,2026-01-04 17:15:00,2026-01-04 17:35:00
700000000000000376,10056,Forum Post 376 Java,Summary for forum post 376 about 后端开发,This is forum post 376 content with practical notes on Java and 后端开发,https://cdn.knowledgelink.local/forum/cover_376.jpg,Java,后端开发,基础,技术分享,公开,1162,83,49,64,2026-01-04 17:28:00,2026-01-04 17:48:00
700000000000000377,10057,Forum Post 377 SpringBoot,Summary for forum post 377 about 数据库,This is forum post 377 content with practical notes on SpringBoot and 数据库,https://cdn.knowledgelink.local/forum/cover_377.jpg,SpringBoot,数据库,进阶,问题求助,公开,1169,88,52,68,2026-01-04 17:41:00,2026-01-04 18:01:00
700000000000000378,10058,Forum Post 378 MySQL,Summary for forum post 378 about 中间件,This is forum post 378 content with practical notes on MySQL and 中间件,https://cdn.knowledgelink.local/forum/cover_378.jpg,MySQL,中间件,实战,经验总结,公开,1176,93,55,72,2026-01-04 17:54:00,2026-01-04 18:14:00
700000000000000379,10059,Forum Post 379 Redis,Summary for forum post 379 about 系统设计,This is forum post 379 content with practical notes on Redis and 系统设计,https://cdn.knowledgelink.local/forum/cover_379.jpg,Redis,系统设计,踩坑,技术分享,公开,1183,98,58,76,2026-01-04 18:07:00,2026-01-04 18:27:00
700000000000000380,10060,Forum Post 380 Elasticsearch,Summary for forum post 380 about 性能优化,This is forum post 380 content with practical notes on Elasticsearch and 性能优化,https://cdn.knowledgelink.local/forum/cover_380.jpg,Elasticsearch,性能优化,面试,问题求助,公开,1190,103,61,80,2026-01-04 18:20:00,2026-01-04 18:40:00
700000000000000381,10061,Forum Post 381 Java,Summary for forum post 381 about 后端开发,This is forum post 381 content with practical notes on Java and 后端开发,https://cdn.knowledgelink.local/forum/cover_381.jpg,Java,后端开发,基础,经验总结,公开,1197,108,64,84,2026-01-04 18:33:00,2026-01-04 18:53:00
700000000000000382,10062,Forum Post 382 SpringBoot,Summary for forum post 382 about 数据库,This is forum post 382 content with practical notes on SpringBoot and 数据库,https://cdn.knowledgelink.local/forum/cover_382.jpg,SpringBoot,数据库,进阶,技术分享,公开,1204,113,67,88,2026-01-04 18:46:00,2026-01-04 19:06:00
700000000000000383,10063,Forum Post 383 MySQL,Summary for forum post 383 about 中间件,This is forum post 383 content with practical notes on MySQL and 中间件,https://cdn.knowledgelink.local/forum/cover_383.jpg,MySQL,中间件,实战,问题求助,公开,1211,118,70,92,2026-01-04 18:59:00,2026-01-04 19:19:00
700000000000000384,10064,Forum Post 384 Redis,Summary for forum post 384 about 系统设计,This is forum post 384 content with practical notes on Redis and 系统设计,https://cdn.knowledgelink.local/forum/cover_384.jpg,Redis,系统设计,踩坑,经验总结,公开,1218,123,73,96,2026-01-04 19:12:00,2026-01-04 19:32:00
700000000000000385,10065,Forum Post 385 Elasticsearch,Summary for forum post 385 about 性能优化,This is forum post 385 content with practical notes on Elasticsearch and 性能优化,https://cdn.knowledgelink.local/forum/cover_385.jpg,Elasticsearch,性能优化,面试,技术分享,公开,1225,128,76,100,2026-01-04 19:25:00,2026-01-04 19:45:00
700000000000000386,10066,Forum Post 386 Java,Summary for forum post 386 about 后端开发,This is forum post 386 content with practical notes on Java and 后端开发,https://cdn.knowledgelink.local/forum/cover_386.jpg,Java,后端开发,基础,问题求助,公开,1232,133,79,104,2026-01-04 19:38:00,2026-01-04 19:58:00
700000000000000387,10067,Forum Post 387 SpringBoot,Summary for forum post 387 about 数据库,This is forum post 387 content with practical notes on SpringBoot and 数据库,https://cdn.knowledgelink.local/forum/cover_387.jpg,SpringBoot,数据库,进阶,经验总结,公开,1239,138,82,108,2026-01-04 19:51:00,2026-01-04 20:11:00
700000000000000388,10068,Forum Post 388 MySQL,Summary for forum post 388 about 中间件,This is forum post 388 content with practical notes on MySQL and 中间件,https://cdn.knowledgelink.local/forum/cover_388.jpg,MySQL,中间件,实战,技术分享,公开,1246,143,85,112,2026-01-04 20:04:00,2026-01-04 20:24:00
700000000000000389,10069,Forum Post 389 Redis,Summary for forum post 389 about 系统设计,This is forum post 389 content with practical notes on Redis and 系统设计,https://cdn.knowledgelink.local/forum/cover_389.jpg,Redis,系统设计,踩坑,问题求助,公开,1253,148,88,116,2026-01-04 20:17:00,2026-01-04 20:37:00
700000000000000390,10070,Forum Post 390 Elasticsearch,Summary for forum post 390 about 性能优化,This is forum post 390 content with practical notes on Elasticsearch and 性能优化,https://cdn.knowledgelink.local/forum/cover_390.jpg,Elasticsearch,性能优化,面试,经验总结,公开,1260,153,91,120,2026-01-04 20:30:00,2026-01-04 20:50:00
700000000000000391,10071,Forum Post 391 Java,Summary for forum post 391 about 后端开发,This is forum post 391 content with practical notes on Java and 后端开发,https://cdn.knowledgelink.local/forum/cover_391.jpg,Java,后端开发,基础,技术分享,公开,1267,158,94,124,2026-01-04 20:43:00,2026-01-04 21:03:00
700000000000000392,10072,Forum Post 392 SpringBoot,Summary for forum post 392 about 数据库,This is forum post 392 content with practical notes on SpringBoot and 数据库,https://cdn.knowledgelink.local/forum/cover_392.jpg,SpringBoot,数据库,进阶,问题求助,公开,1274,163,97,128,2026-01-04 20:56:00,2026-01-04 21:16:00
700000000000000393,10073,Forum Post 393 MySQL,Summary for forum post 393 about 中间件,This is forum post 393 content with practical notes on MySQL and 中间件,https://cdn.knowledgelink.local/forum/cover_393.jpg,MySQL,中间件,实战,经验总结,公开,1281,168,100,132,2026-01-04 21:09:00,2026-01-04 21:29:00
700000000000000394,10074,Forum Post 394 Redis,Summary for forum post 394 about 系统设计,This is forum post 394 content with practical notes on Redis and 系统设计,https://cdn.knowledgelink.local/forum/cover_394.jpg,Redis,系统设计,踩坑,技术分享,公开,1288,173,103,136,2026-01-04 21:22:00,2026-01-04 21:42:00
700000000000000395,10075,Forum Post 395 Elasticsearch,Summary for forum post 395 about 性能优化,This is forum post 395 content with practical notes on Elasticsearch and 性能优化,https://cdn.knowledgelink.local/forum/cover_395.jpg,Elasticsearch,性能优化,面试,问题求助,公开,1295,178,106,140,2026-01-04 21:35:00,2026-01-04 21:55:00
700000000000000396,10076,Forum Post 396 Java,Summary for forum post 396 about 后端开发,This is forum post 396 content with practical notes on Java and 后端开发,https://cdn.knowledgelink.local/forum/cover_396.jpg,Java,后端开发,基础,经验总结,公开,1302,183,109,144,2026-01-04 21:48:00,2026-01-04 22:08:00
700000000000000397,10077,Forum Post 397 SpringBoot,Summary for forum post 397 about 数据库,This is forum post 397 content with practical notes on SpringBoot and 数据库,https://cdn.knowledgelink.local/forum/cover_397.jpg,SpringBoot,数据库,进阶,技术分享,公开,1309,188,112,148,2026-01-04 22:01:00,2026-01-04 22:21:00
700000000000000398,10078,Forum Post 398 MySQL,Summary for forum post 398 about 中间件,This is forum post 398 content with practical notes on MySQL and 中间件,https://cdn.knowledgelink.local/forum/cover_398.jpg,MySQL,中间件,实战,问题求助,公开,1316,193,115,152,2026-01-04 22:14:00,2026-01-04 22:34:00
700000000000000399,10079,Forum Post 399 Redis,Summary for forum post 399 about 系统设计,This is forum post 399 content with practical notes on Redis and 系统设计,https://cdn.knowledgelink.local/forum/cover_399.jpg,Redis,系统设计,踩坑,经验总结,公开,1323,198,118,156,2026-01-04 22:27:00,2026-01-04 22:47:00
700000000000000400,10080,Forum Post 400 Elasticsearch,Summary for forum post 400 about 性能优化,This is forum post 400 content with practical notes on Elasticsearch and 性能优化,https://cdn.knowledgelink.local/forum/cover_400.jpg,Elasticsearch,性能优化,面试,技术分享,公开,1330,203,1,160,2026-01-04 22:40:00,2026-01-04 23:00:00
700000000000000401,10001,Forum Post 401 Java,Summary for forum post 401 about 后端开发,This is forum post 401 content with practical notes on Java and 后端开发,https://cdn.knowledgelink.local/forum/cover_401.jpg,Java,后端开发,基础,问题求助,公开,1337,208,4,164,2026-01-04 22:53:00,2026-01-04 23:13:00
700000000000000402,10002,Forum Post 402 SpringBoot,Summary for forum post 402 about 数据库,This is forum post 402 content with practical notes on SpringBoot and 数据库,https://cdn.knowledgelink.local/forum/cover_402.jpg,SpringBoot,数据库,进阶,经验总结,公开,1344,213,7,168,2026-01-04 23:06:00,2026-01-04 23:26:00
700000000000000403,10003,Forum Post 403 MySQL,Summary for forum post 403 about 中间件,This is forum post 403 content with practical notes on MySQL and 中间件,https://cdn.knowledgelink.local/forum/cover_403.jpg,MySQL,中间件,实战,技术分享,公开,1351,218,10,172,2026-01-04 23:19:00,2026-01-04 23:39:00
700000000000000404,10004,Forum Post 404 Redis,Summary for forum post 404 about 系统设计,This is forum post 404 content with practical notes on Redis and 系统设计,https://cdn.knowledgelink.local/forum/cover_404.jpg,Redis,系统设计,踩坑,问题求助,公开,1358,223,13,176,2026-01-04 23:32:00,2026-01-04 23:52:00
700000000000000405,10005,Forum Post 405 Elasticsearch,Summary for forum post 405 about 性能优化,This is forum post 405 content with practical notes on Elasticsearch and 性能优化,https://cdn.knowledgelink.local/forum/cover_405.jpg,Elasticsearch,性能优化,面试,经验总结,公开,1365,228,16,0,2026-01-04 23:45:00,2026-01-05 00:05:00
700000000000000406,10006,Forum Post 406 Java,Summary for forum post 406 about 后端开发,This is forum post 406 content with practical notes on Java and 后端开发,https://cdn.knowledgelink.local/forum/cover_406.jpg,Java,后端开发,基础,技术分享,公开,1372,233,19,4,2026-01-04 23:58:00,2026-01-05 00:18:00
700000000000000407,10007,Forum Post 407 SpringBoot,Summary for forum post 407 about 数据库,This is forum post 407 content with practical notes on SpringBoot and 数据库,https://cdn.knowledgelink.local/forum/cover_407.jpg,SpringBoot,数据库,进阶,问题求助,公开,1379,238,22,8,2026-01-05 00:11:00,2026-01-05 00:31:00
700000000000000408,10008,Forum Post 408 MySQL,Summary for forum post 408 about 中间件,This is forum post 408 content with practical notes on MySQL and 中间件,https://cdn.knowledgelink.local/forum/cover_408.jpg,MySQL,中间件,实战,经验总结,公开,1386,243,25,12,2026-01-05 00:24:00,2026-01-05 00:44:00
700000000000000409,10009,Forum Post 409 Redis,Summary for forum post 409 about 系统设计,This is forum post 409 content with practical notes on Redis and 系统设计,https://cdn.knowledgelink.local/forum/cover_409.jpg,Redis,系统设计,踩坑,技术分享,公开,1393,248,28,16,2026-01-05 00:37:00,2026-01-05 00:57:00
700000000000000410,10010,Forum Post 410 Elasticsearch,Summary for forum post 410 about 性能优化,This is forum post 410 content with practical notes on Elasticsearch and 性能优化,https://cdn.knowledgelink.local/forum/cover_410.jpg,Elasticsearch,性能优化,面试,问题求助,公开,1400,253,31,20,2026-01-05 00:50:00,2026-01-05 01:10:00
700000000000000411,10011,Forum Post 411 Java,Summary for forum post 411 about 后端开发,This is forum post 411 content with practical notes on Java and 后端开发,https://cdn.knowledgelink.local/forum/cover_411.jpg,Java,后端开发,基础,经验总结,公开,1407,258,34,24,2026-01-05 01:03:00,2026-01-05 01:23:00
700000000000000412,10012,Forum Post 412 SpringBoot,Summary for forum post 412 about 数据库,This is forum post 412 content with practical notes on SpringBoot and 数据库,https://cdn.knowledgelink.local/forum/cover_412.jpg,SpringBoot,数据库,进阶,技术分享,公开,1414,263,37,28,2026-01-05 01:16:00,2026-01-05 01:36:00
700000000000000413,10013,Forum Post 413 MySQL,Summary for forum post 413 about 中间件,This is forum post 413 content with practical notes on MySQL and 中间件,https://cdn.knowledgelink.local/forum/cover_413.jpg,MySQL,中间件,实战,问题求助,公开,1421,268,40,32,2026-01-05 01:29:00,2026-01-05 01:49:00
700000000000000414,10014,Forum Post 414 Redis,Summary for forum post 414 about 系统设计,This is forum post 414 content with practical notes on Redis and 系统设计,https://cdn.knowledgelink.local/forum/cover_414.jpg,Redis,系统设计,踩坑,经验总结,公开,1428,273,43,36,2026-01-05 01:42:00,2026-01-05 02:02:00
700000000000000415,10015,Forum Post 415 Elasticsearch,Summary for forum post 415 about 性能优化,This is forum post 415 content with practical notes on Elasticsearch and 性能优化,https://cdn.knowledgelink.local/forum/cover_415.jpg,Elasticsearch,性能优化,面试,技术分享,公开,1435,278,46,40,2026-01-05 01:55:00,2026-01-05 02:15:00
700000000000000416,10016,Forum Post 416 Java,Summary for forum post 416 about 后端开发,This is forum post 416 content with practical notes on Java and 后端开发,https://cdn.knowledgelink.local/forum/cover_416.jpg,Java,后端开发,基础,问题求助,公开,1442,283,49,44,2026-01-05 02:08:00,2026-01-05 02:28:00
700000000000000417,10017,Forum Post 417 SpringBoot,Summary for forum post 417 about 数据库,This is forum post 417 content with practical notes on SpringBoot and 数据库,https://cdn.knowledgelink.local/forum/cover_417.jpg,SpringBoot,数据库,进阶,经验总结,公开,1449,288,52,48,2026-01-05 02:21:00,2026-01-05 02:41:00
700000000000000418,10018,Forum Post 418 MySQL,Summary for forum post 418 about 中间件,This is forum post 418 content with practical notes on MySQL and 中间件,https://cdn.knowledgelink.local/forum/cover_418.jpg,MySQL,中间件,实战,技术分享,公开,1456,293,55,52,2026-01-05 02:34:00,2026-01-05 02:54:00
700000000000000419,10019,Forum Post 419 Redis,Summary for forum post 419 about 系统设计,This is forum post 419 content with practical notes on Redis and 系统设计,https://cdn.knowledgelink.local/forum/cover_419.jpg,Redis,系统设计,踩坑,问题求助,公开,1463,298,58,56,2026-01-05 02:47:00,2026-01-05 03:07:00
700000000000000420,10020,Forum Post 420 Elasticsearch,Summary for forum post 420 about 性能优化,This is forum post 420 content with practical notes on Elasticsearch and 性能优化,https://cdn.knowledgelink.local/forum/cover_420.jpg,Elasticsearch,性能优化,面试,经验总结,公开,1470,3,61,60,2026-01-05 03:00:00,2026-01-05 03:20:00
700000000000000421,10021,Forum Post 421 Java,Summary for forum post 421 about 后端开发,This is forum post 421 content with practical notes on Java and 后端开发,https://cdn.knowledgelink.local/forum/cover_421.jpg,Java,后端开发,基础,技术分享,公开,1477,8,64,64,2026-01-05 03:13:00,2026-01-05 03:33:00
700000000000000422,10022,Forum Post 422 SpringBoot,Summary for forum post 422 about 数据库,This is forum post 422 content with practical notes on SpringBoot and 数据库,https://cdn.knowledgelink.local/forum/cover_422.jpg,SpringBoot,数据库,进阶,问题求助,公开,1484,13,67,68,2026-01-05 03:26:00,2026-01-05 03:46:00
700000000000000423,10023,Forum Post 423 MySQL,Summary for forum post 423 about 中间件,This is forum post 423 content with practical notes on MySQL and 中间件,https://cdn.knowledgelink.local/forum/cover_423.jpg,MySQL,中间件,实战,经验总结,公开,1491,18,70,72,2026-01-05 03:39:00,2026-01-05 03:59:00
700000000000000424,10024,Forum Post 424 Redis,Summary for forum post 424 about 系统设计,This is forum post 424 content with practical notes on Redis and 系统设计,https://cdn.knowledgelink.local/forum/cover_424.jpg,Redis,系统设计,踩坑,技术分享,公开,1498,23,73,76,2026-01-05 03:52:00,2026-01-05 04:12:00
700000000000000425,10025,Forum Post 425 Elasticsearch,Summary for forum post 425 about 性能优化,This is forum post 425 content with practical notes on Elasticsearch and 性能优化,https://cdn.knowledgelink.local/forum/cover_425.jpg,Elasticsearch,性能优化,面试,问题求助,公开,1505,28,76,80,2026-01-05 04:05:00,2026-01-05 04:25:00
700000000000000426,10026,Forum Post 426 Java,Summary for forum post 426 about 后端开发,This is forum post 426 content with practical notes on Java and 后端开发,https://cdn.knowledgelink.local/forum/cover_426.jpg,Java,后端开发,基础,经验总结,公开,1512,33,79,84,2026-01-05 04:18:00,2026-01-05 04:38:00
700000000000000427,10027,Forum Post 427 SpringBoot,Summary for forum post 427 about 数据库,This is forum post 427 content with practical notes on SpringBoot and 数据库,https://cdn.knowledgelink.local/forum/cover_427.jpg,SpringBoot,数据库,进阶,技术分享,公开,1519,38,82,88,2026-01-05 04:31:00,2026-01-05 04:51:00
700000000000000428,10028,Forum Post 428 MySQL,Summary for forum post 428 about 中间件,This is forum post 428 content with practical notes on MySQL and 中间件,https://cdn.knowledgelink.local/forum/cover_428.jpg,MySQL,中间件,实战,问题求助,公开,1526,43,85,92,2026-01-05 04:44:00,2026-01-05 05:04:00
700000000000000429,10029,Forum Post 429 Redis,Summary for forum post 429 about 系统设计,This is forum post 429 content with practical notes on Redis and 系统设计,https://cdn.knowledgelink.local/forum/cover_429.jpg,Redis,系统设计,踩坑,经验总结,公开,33,48,88,96,2026-01-05 04:57:00,2026-01-05 05:17:00
700000000000000430,10030,Forum Post 430 Elasticsearch,Summary for forum post 430 about 性能优化,This is forum post 430 content with practical notes on Elasticsearch and 性能优化,https://cdn.knowledgelink.local/forum/cover_430.jpg,Elasticsearch,性能优化,面试,技术分享,公开,40,53,91,100,2026-01-05 05:10:00,2026-01-05 05:30:00
700000000000000431,10031,Forum Post 431 Java,Summary for forum post 431 about 后端开发,This is forum post 431 content with practical notes on Java and 后端开发,https://cdn.knowledgelink.local/forum/cover_431.jpg,Java,后端开发,基础,问题求助,公开,47,58,94,104,2026-01-05 05:23:00,2026-01-05 05:43:00
700000000000000432,10032,Forum Post 432 SpringBoot,Summary for forum post 432 about 数据库,This is forum post 432 content with practical notes on SpringBoot and 数据库,https://cdn.knowledgelink.local/forum/cover_432.jpg,SpringBoot,数据库,进阶,经验总结,公开,54,63,97,108,2026-01-05 05:36:00,2026-01-05 05:56:00
700000000000000433,10033,Forum Post 433 MySQL,Summary for forum post 433 about 中间件,This is forum post 433 content with practical notes on MySQL and 中间件,https://cdn.knowledgelink.local/forum/cover_433.jpg,MySQL,中间件,实战,技术分享,公开,61,68,100,112,2026-01-05 05:49:00,2026-01-05 06:09:00
700000000000000434,10034,Forum Post 434 Redis,Summary for forum post 434 about 系统设计,This is forum post 434 content with practical notes on Redis and 系统设计,https://cdn.knowledgelink.local/forum/cover_434.jpg,Redis,系统设计,踩坑,问题求助,公开,68,73,103,116,2026-01-05 06:02:00,2026-01-05 06:22:00
700000000000000435,10035,Forum Post 435 Elasticsearch,Summary for forum post 435 about 性能优化,This is forum post 435 content with practical notes on Elasticsearch and 性能优化,https://cdn.knowledgelink.local/forum/cover_435.jpg,Elasticsearch,性能优化,面试,经验总结,公开,75,78,106,120,2026-01-05 06:15:00,2026-01-05 06:35:00
700000000000000436,10036,Forum Post 436 Java,Summary for forum post 436 about 后端开发,This is forum post 436 content with practical notes on Java and 后端开发,https://cdn.knowledgelink.local/forum/cover_436.jpg,Java,后端开发,基础,技术分享,公开,82,83,109,124,2026-01-05 06:28:00,2026-01-05 06:48:00
700000000000000437,10037,Forum Post 437 SpringBoot,Summary for forum post 437 about 数据库,This is forum post 437 content with practical notes on SpringBoot and 数据库,https://cdn.knowledgelink.local/forum/cover_437.jpg,SpringBoot,数据库,进阶,问题求助,公开,89,88,112,128,2026-01-05 06:41:00,2026-01-05 07:01:00
700000000000000438,10038,Forum Post 438 MySQL,Summary for forum post 438 about 中间件,This is forum post 438 content with practical notes on MySQL and 中间件,https://cdn.knowledgelink.local/forum/cover_438.jpg,MySQL,中间件,实战,经验总结,公开,96,93,115,132,2026-01-05 06:54:00,2026-01-05 07:14:00
700000000000000439,10039,Forum Post 439 Redis,Summary for forum post 439 about 系统设计,This is forum post 439 content with practical notes on Redis and 系统设计,https://cdn.knowledgelink.local/forum/cover_439.jpg,Redis,系统设计,踩坑,技术分享,公开,103,98,118,136,2026-01-05 07:07:00,2026-01-05 07:27:00
700000000000000440,10040,Forum Post 440 Elasticsearch,Summary for forum post 440 about 性能优化,This is forum post 440 content with practical notes on Elasticsearch and 性能优化,https://cdn.knowledgelink.local/forum/cover_440.jpg,Elasticsearch,性能优化,面试,问题求助,公开,110,103,1,140,2026-01-05 07:20:00,2026-01-05 07:40:00
700000000000000441,10041,Forum Post 441 Java,Summary for forum post 441 about 后端开发,This is forum post 441 content with practical notes on Java and 后端开发,https://cdn.knowledgelink.local/forum/cover_441.jpg,Java,后端开发,基础,经验总结,公开,117,108,4,144,2026-01-05 07:33:00,2026-01-05 07:53:00
700000000000000442,10042,Forum Post 442 SpringBoot,Summary for forum post 442 about 数据库,This is forum post 442 content with practical notes on SpringBoot and 数据库,https://cdn.knowledgelink.local/forum/cover_442.jpg,SpringBoot,数据库,进阶,技术分享,公开,124,113,7,148,2026-01-05 07:46:00,2026-01-05 08:06:00
700000000000000443,10043,Forum Post 443 MySQL,Summary for forum post 443 about 中间件,This is forum post 443 content with practical notes on MySQL and 中间件,https://cdn.knowledgelink.local/forum/cover_443.jpg,MySQL,中间件,实战,问题求助,公开,131,118,10,152,2026-01-05 07:59:00,2026-01-05 08:19:00
700000000000000444,10044,Forum Post 444 Redis,Summary for forum post 444 about 系统设计,This is forum post 444 content with practical notes on Redis and 系统设计,https://cdn.knowledgelink.local/forum/cover_444.jpg,Redis,系统设计,踩坑,经验总结,公开,138,123,13,156,2026-01-05 08:12:00,2026-01-05 08:32:00
700000000000000445,10045,Forum Post 445 Elasticsearch,Summary for forum post 445 about 性能优化,This is forum post 445 content with practical notes on Elasticsearch and 性能优化,https://cdn.knowledgelink.local/forum/cover_445.jpg,Elasticsearch,性能优化,面试,技术分享,公开,145,128,16,160,2026-01-05 08:25:00,2026-01-05 08:45:00
700000000000000446,10046,Forum Post 446 Java,Summary for forum post 446 about 后端开发,This is forum post 446 content with practical notes on Java and 后端开发,https://cdn.knowledgelink.local/forum/cover_446.jpg,Java,后端开发,基础,问题求助,公开,152,133,19,164,2026-01-05 08:38:00,2026-01-05 08:58:00
700000000000000447,10047,Forum Post 447 SpringBoot,Summary for forum post 447 about 数据库,This is forum post 447 content with practical notes on SpringBoot and 数据库,https://cdn.knowledgelink.local/forum/cover_447.jpg,SpringBoot,数据库,进阶,经验总结,公开,159,138,22,168,2026-01-05 08:51:00,2026-01-05 09:11:00
700000000000000448,10048,Forum Post 448 MySQL,Summary for forum post 448 about 中间件,This is forum post 448 content with practical notes on MySQL and 中间件,https://cdn.knowledgelink.local/forum/cover_448.jpg,MySQL,中间件,实战,技术分享,公开,166,143,25,172,2026-01-05 09:04:00,2026-01-05 09:24:00
700000000000000449,10049,Forum Post 449 Redis,Summary for forum post 449 about 系统设计,This is forum post 449 content with practical notes on Redis and 系统设计,https://cdn.knowledgelink.local/forum/cover_449.jpg,Redis,系统设计,踩坑,问题求助,公开,173,148,28,176,2026-01-05 09:17:00,2026-01-05 09:37:00
700000000000000450,10050,Forum Post 450 Elasticsearch,Summary for forum post 450 about 性能优化,This is forum post 450 content with practical notes on Elasticsearch and 性能优化,https://cdn.knowledgelink.local/forum/cover_450.jpg,Elasticsearch,性能优化,面试,经验总结,公开,180,153,31,0,2026-01-05 09:30:00,2026-01-05 09:50:00
700000000000000451,10051,Forum Post 451 Java,Summary for forum post 451 about 后端开发,This is forum post 451 content with practical notes on Java and 后端开发,https://cdn.knowledgelink.local/forum/cover_451.jpg,Java,后端开发,基础,技术分享,公开,187,158,34,4,2026-01-05 09:43:00,2026-01-05 10:03:00
700000000000000452,10052,Forum Post 452 SpringBoot,Summary for forum post 452 about 数据库,This is forum post 452 content with practical notes on SpringBoot and 数据库,https://cdn.knowledgelink.local/forum/cover_452.jpg,SpringBoot,数据库,进阶,问题求助,公开,194,163,37,8,2026-01-05 09:56:00,2026-01-05 10:16:00
700000000000000453,10053,Forum Post 453 MySQL,Summary for forum post 453 about 中间件,This is forum post 453 content with practical notes on MySQL and 中间件,https://cdn.knowledgelink.local/forum/cover_453.jpg,MySQL,中间件,实战,经验总结,公开,201,168,40,12,2026-01-05 10:09:00,2026-01-05 10:29:00
700000000000000454,10054,Forum Post 454 Redis,Summary for forum post 454 about 系统设计,This is forum post 454 content with practical notes on Redis and 系统设计,https://cdn.knowledgelink.local/forum/cover_454.jpg,Redis,系统设计,踩坑,技术分享,公开,208,173,43,16,2026-01-05 10:22:00,2026-01-05 10:42:00
700000000000000455,10055,Forum Post 455 Elasticsearch,Summary for forum post 455 about 性能优化,This is forum post 455 content with practical notes on Elasticsearch and 性能优化,https://cdn.knowledgelink.local/forum/cover_455.jpg,Elasticsearch,性能优化,面试,问题求助,公开,215,178,46,20,2026-01-05 10:35:00,2026-01-05 10:55:00
700000000000000456,10056,Forum Post 456 Java,Summary for forum post 456 about 后端开发,This is forum post 456 content with practical notes on Java and 后端开发,https://cdn.knowledgelink.local/forum/cover_456.jpg,Java,后端开发,基础,经验总结,公开,222,183,49,24,2026-01-05 10:48:00,2026-01-05 11:08:00
700000000000000457,10057,Forum Post 457 SpringBoot,Summary for forum post 457 about 数据库,This is forum post 457 content with practical notes on SpringBoot and 数据库,https://cdn.knowledgelink.local/forum/cover_457.jpg,SpringBoot,数据库,进阶,技术分享,公开,229,188,52,28,2026-01-05 11:01:00,2026-01-05 11:21:00
700000000000000458,10058,Forum Post 458 MySQL,Summary for forum post 458 about 中间件,This is forum post 458 content with practical notes on MySQL and 中间件,https://cdn.knowledgelink.local/forum/cover_458.jpg,MySQL,中间件,实战,问题求助,公开,236,193,55,32,2026-01-05 11:14:00,2026-01-05 11:34:00
700000000000000459,10059,Forum Post 459 Redis,Summary for forum post 459 about 系统设计,This is forum post 459 content with practical notes on Redis and 系统设计,https://cdn.knowledgelink.local/forum/cover_459.jpg,Redis,系统设计,踩坑,经验总结,公开,243,198,58,36,2026-01-05 11:27:00,2026-01-05 11:47:00
700000000000000460,10060,Forum Post 460 Elasticsearch,Summary for forum post 460 about 性能优化,This is forum post 460 content with practical notes on Elasticsearch and 性能优化,https://cdn.knowledgelink.local/forum/cover_460.jpg,Elasticsearch,性能优化,面试,技术分享,公开,250,203,61,40,2026-01-05 11:40:00,2026-01-05 12:00:00
700000000000000461,10061,Forum Post 461 Java,Summary for forum post 461 about 后端开发,This is forum post 461 content with practical notes on Java and 后端开发,https://cdn.knowledgelink.local/forum/cover_461.jpg,Java,后端开发,基础,问题求助,公开,257,208,64,44,2026-01-05 11:53:00,2026-01-05 12:13:00
700000000000000462,10062,Forum Post 462 SpringBoot,Summary for forum post 462 about 数据库,This is forum post 462 content with practical notes on SpringBoot and 数据库,https://cdn.knowledgelink.local/forum/cover_462.jpg,SpringBoot,数据库,进阶,经验总结,公开,264,213,67,48,2026-01-05 12:06:00,2026-01-05 12:26:00
700000000000000463,10063,Forum Post 463 MySQL,Summary for forum post 463 about 中间件,This is forum post 463 content with practical notes on MySQL and 中间件,https://cdn.knowledgelink.local/forum/cover_463.jpg,MySQL,中间件,实战,技术分享,公开,271,218,70,52,2026-01-05 12:19:00,2026-01-05 12:39:00
700000000000000464,10064,Forum Post 464 Redis,Summary for forum post 464 about 系统设计,This is forum post 464 content with practical notes on Redis and 系统设计,https://cdn.knowledgelink.local/forum/cover_464.jpg,Redis,系统设计,踩坑,问题求助,公开,278,223,73,56,2026-01-05 12:32:00,2026-01-05 12:52:00
700000000000000465,10065,Forum Post 465 Elasticsearch,Summary for forum post 465 about 性能优化,This is forum post 465 content with practical notes on Elasticsearch and 性能优化,https://cdn.knowledgelink.local/forum/cover_465.jpg,Elasticsearch,性能优化,面试,经验总结,公开,285,228,76,60,2026-01-05 12:45:00,2026-01-05 13:05:00
700000000000000466,10066,Forum Post 466 Java,Summary for forum post 466 about 后端开发,This is forum post 466 content with practical notes on Java and 后端开发,https://cdn.knowledgelink.local/forum/cover_466.jpg,Java,后端开发,基础,技术分享,公开,292,233,79,64,2026-01-05 12:58:00,2026-01-05 13:18:00
700000000000000467,10067,Forum Post 467 SpringBoot,Summary for forum post 467 about 数据库,This is forum post 467 content with practical notes on SpringBoot and 数据库,https://cdn.knowledgelink.local/forum/cover_467.jpg,SpringBoot,数据库,进阶,问题求助,公开,299,238,82,68,2026-01-05 13:11:00,2026-01-05 13:31:00
700000000000000468,10068,Forum Post 468 MySQL,Summary for forum post 468 about 中间件,This is forum post 468 content with practical notes on MySQL and 中间件,https://cdn.knowledgelink.local/forum/cover_468.jpg,MySQL,中间件,实战,经验总结,公开,306,243,85,72,2026-01-05 13:24:00,2026-01-05 13:44:00
700000000000000469,10069,Forum Post 469 Redis,Summary for forum post 469 about 系统设计,This is forum post 469 content with practical notes on Redis and 系统设计,https://cdn.knowledgelink.local/forum/cover_469.jpg,Redis,系统设计,踩坑,技术分享,公开,313,248,88,76,2026-01-05 13:37:00,2026-01-05 13:57:00
700000000000000470,10070,Forum Post 470 Elasticsearch,Summary for forum post 470 about 性能优化,This is forum post 470 content with practical notes on Elasticsearch and 性能优化,https://cdn.knowledgelink.local/forum/cover_470.jpg,Elasticsearch,性能优化,面试,问题求助,公开,320,253,91,80,2026-01-05 13:50:00,2026-01-05 14:10:00
700000000000000471,10071,Forum Post 471 Java,Summary for forum post 471 about 后端开发,This is forum post 471 content with practical notes on Java and 后端开发,https://cdn.knowledgelink.local/forum/cover_471.jpg,Java,后端开发,基础,经验总结,公开,327,258,94,84,2026-01-05 14:03:00,2026-01-05 14:23:00
700000000000000472,10072,Forum Post 472 SpringBoot,Summary for forum post 472 about 数据库,This is forum post 472 content with practical notes on SpringBoot and 数据库,https://cdn.knowledgelink.local/forum/cover_472.jpg,SpringBoot,数据库,进阶,技术分享,公开,334,263,97,88,2026-01-05 14:16:00,2026-01-05 14:36:00
700000000000000473,10073,Forum Post 473 MySQL,Summary for forum post 473 about 中间件,This is forum post 473 content with practical notes on MySQL and 中间件,https://cdn.knowledgelink.local/forum/cover_473.jpg,MySQL,中间件,实战,问题求助,公开,341,268,100,92,2026-01-05 14:29:00,2026-01-05 14:49:00
700000000000000474,10074,Forum Post 474 Redis,Summary for forum post 474 about 系统设计,This is forum post 474 content with practical notes on Redis and 系统设计,https://cdn.knowledgelink.local/forum/cover_474.jpg,Redis,系统设计,踩坑,经验总结,公开,348,273,103,96,2026-01-05 14:42:00,2026-01-05 15:02:00
700000000000000475,10075,Forum Post 475 Elasticsearch,Summary for forum post 475 about 性能优化,This is forum post 475 content with practical notes on Elasticsearch and 性能优化,https://cdn.knowledgelink.local/forum/cover_475.jpg,Elasticsearch,性能优化,面试,技术分享,公开,355,278,106,100,2026-01-05 14:55:00,2026-01-05 15:15:00
700000000000000476,10076,Forum Post 476 Java,Summary for forum post 476 about 后端开发,This is forum post 476 content with practical notes on Java and 后端开发,https://cdn.knowledgelink.local/forum/cover_476.jpg,Java,后端开发,基础,问题求助,公开,362,283,109,104,2026-01-05 15:08:00,2026-01-05 15:28:00
700000000000000477,10077,Forum Post 477 SpringBoot,Summary for forum post 477 about 数据库,This is forum post 477 content with practical notes on SpringBoot and 数据库,https://cdn.knowledgelink.local/forum/cover_477.jpg,SpringBoot,数据库,进阶,经验总结,公开,369,288,112,108,2026-01-05 15:21:00,2026-01-05 15:41:00
700000000000000478,10078,Forum Post 478 MySQL,Summary for forum post 478 about 中间件,This is forum post 478 content with practical notes on MySQL and 中间件,https://cdn.knowledgelink.local/forum/cover_478.jpg,MySQL,中间件,实战,技术分享,公开,376,293,115,112,2026-01-05 15:34:00,2026-01-05 15:54:00
700000000000000479,10079,Forum Post 479 Redis,Summary for forum post 479 about 系统设计,This is forum post 479 content with practical notes on Redis and 系统设计,https://cdn.knowledgelink.local/forum/cover_479.jpg,Redis,系统设计,踩坑,问题求助,公开,383,298,118,116,2026-01-05 15:47:00,2026-01-05 16:07:00
700000000000000480,10080,Forum Post 480 Elasticsearch,Summary for forum post 480 about 性能优化,This is forum post 480 content with practical notes on Elasticsearch and 性能优化,https://cdn.knowledgelink.local/forum/cover_480.jpg,Elasticsearch,性能优化,面试,经验总结,公开,390,3,1,120,2026-01-05 16:00:00,2026-01-05 16:20:00
700000000000000481,10001,Forum Post 481 Java,Summary for forum post 481 about 后端开发,This is forum post 481 content with practical notes on Java and 后端开发,https://cdn.knowledgelink.local/forum/cover_481.jpg,Java,后端开发,基础,技术分享,公开,397,8,4,124,2026-01-05 16:13:00,2026-01-05 16:33:00
700000000000000482,10002,Forum Post 482 SpringBoot,Summary for forum post 482 about 数据库,This is forum post 482 content with practical notes on SpringBoot and 数据库,https://cdn.knowledgelink.local/forum/cover_482.jpg,SpringBoot,数据库,进阶,问题求助,公开,404,13,7,128,2026-01-05 16:26:00,2026-01-05 16:46:00
700000000000000483,10003,Forum Post 483 MySQL,Summary for forum post 483 about 中间件,This is forum post 483 content with practical notes on MySQL and 中间件,https://cdn.knowledgelink.local/forum/cover_483.jpg,MySQL,中间件,实战,经验总结,公开,411,18,10,132,2026-01-05 16:39:00,2026-01-05 16:59:00
700000000000000484,10004,Forum Post 484 Redis,Summary for forum post 484 about 系统设计,This is forum post 484 content with practical notes on Redis and 系统设计,https://cdn.knowledgelink.local/forum/cover_484.jpg,Redis,系统设计,踩坑,技术分享,公开,418,23,13,136,2026-01-05 16:52:00,2026-01-05 17:12:00
700000000000000485,10005,Forum Post 485 Elasticsearch,Summary for forum post 485 about 性能优化,This is forum post 485 content with practical notes on Elasticsearch and 性能优化,https://cdn.knowledgelink.local/forum/cover_485.jpg,Elasticsearch,性能优化,面试,问题求助,公开,425,28,16,140,2026-01-05 17:05:00,2026-01-05 17:25:00
700000000000000486,10006,Forum Post 486 Java,Summary for forum post 486 about 后端开发,This is forum post 486 content with practical notes on Java and 后端开发,https://cdn.knowledgelink.local/forum/cover_486.jpg,Java,后端开发,基础,经验总结,公开,432,33,19,144,2026-01-05 17:18:00,2026-01-05 17:38:00
700000000000000487,10007,Forum Post 487 SpringBoot,Summary for forum post 487 about 数据库,This is forum post 487 content with practical notes on SpringBoot and 数据库,https://cdn.knowledgelink.local/forum/cover_487.jpg,SpringBoot,数据库,进阶,技术分享,公开,439,38,22,148,2026-01-05 17:31:00,2026-01-05 17:51:00
700000000000000488,10008,Forum Post 488 MySQL,Summary for forum post 488 about 中间件,This is forum post 488 content with practical notes on MySQL and 中间件,https://cdn.knowledgelink.local/forum/cover_488.jpg,MySQL,中间件,实战,问题求助,公开,446,43,25,152,2026-01-05 17:44:00,2026-01-05 18:04:00
700000000000000489,10009,Forum Post 489 Redis,Summary for forum post 489 about 系统设计,This is forum post 489 content with practical notes on Redis and 系统设计,https://cdn.knowledgelink.local/forum/cover_489.jpg,Redis,系统设计,踩坑,经验总结,公开,453,48,28,156,2026-01-05 17:57:00,2026-01-05 18:17:00
700000000000000490,10010,Forum Post 490 Elasticsearch,Summary for forum post 490 about 性能优化,This is forum post 490 content with practical notes on Elasticsearch and 性能优化,https://cdn.knowledgelink.local/forum/cover_490.jpg,Elasticsearch,性能优化,面试,技术分享,公开,460,53,31,160,2026-01-05 18:10:00,2026-01-05 18:30:00
700000000000000491,10011,Forum Post 491 Java,Summary for forum post 491 about 后端开发,This is forum post 491 content with practical notes on Java and 后端开发,https://cdn.knowledgelink.local/forum/cover_491.jpg,Java,后端开发,基础,问题求助,公开,467,58,34,164,2026-01-05 18:23:00,2026-01-05 18:43:00
700000000000000492,10012,Forum Post 492 SpringBoot,Summary for forum post 492 about 数据库,This is forum post 492 content with practical notes on SpringBoot and 数据库,https://cdn.knowledgelink.local/forum/cover_492.jpg,SpringBoot,数据库,进阶,经验总结,公开,474,63,37,168,2026-01-05 18:36:00,2026-01-05 18:56:00
700000000000000493,10013,Forum Post 493 MySQL,Summary for forum post 493 about 中间件,This is forum post 493 content with practical notes on MySQL and 中间件,https://cdn.knowledgelink.local/forum/cover_493.jpg,MySQL,中间件,实战,技术分享,公开,481,68,40,172,2026-01-05 18:49:00,2026-01-05 19:09:00
700000000000000494,10014,Forum Post 494 Redis,Summary for forum post 494 about 系统设计,This is forum post 494 content with practical notes on Redis and 系统设计,https://cdn.knowledgelink.local/forum/cover_494.jpg,Redis,系统设计,踩坑,问题求助,公开,488,73,43,176,2026-01-05 19:02:00,2026-01-05 19:22:00
700000000000000495,10015,Forum Post 495 Elasticsearch,Summary for forum post 495 about 性能优化,This is forum post 495 content with practical notes on Elasticsearch and 性能优化,https://cdn.knowledgelink.local/forum/cover_495.jpg,Elasticsearch,性能优化,面试,经验总结,公开,495,78,46,0,2026-01-05 19:15:00,2026-01-05 19:35:00
700000000000000496,10016,Forum Post 496 Java,Summary for forum post 496 about 后端开发,This is forum post 496 content with practical notes on Java and 后端开发,https://cdn.knowledgelink.local/forum/cover_496.jpg,Java,后端开发,基础,技术分享,公开,502,83,49,4,2026-01-05 19:28:00,2026-01-05 19:48:00
700000000000000497,10017,Forum Post 497 SpringBoot,Summary for forum post 497 about 数据库,This is forum post 497 content with practical notes on SpringBoot and 数据库,https://cdn.knowledgelink.local/forum/cover_497.jpg,SpringBoot,数据库,进阶,问题求助,公开,509,88,52,8,2026-01-05 19:41:00,2026-01-05 20:01:00
700000000000000498,10018,Forum Post 498 MySQL,Summary for forum post 498 about 中间件,This is forum post 498 content with practical notes on MySQL and 中间件,https://cdn.knowledgelink.local/forum/cover_498.jpg,MySQL,中间件,实战,经验总结,公开,516,93,55,12,2026-01-05 19:54:00,2026-01-05 20:14:00
700000000000000499,10019,Forum Post 499 Redis,Summary for forum post 499 about 系统设计,This is forum post 499 content with practical notes on Redis and 系统设计,https://cdn.knowledgelink.local/forum/cover_499.jpg,Redis,系统设计,踩坑,技术分享,公开,523,98,58,16,2026-01-05 20:07:00,2026-01-05 20:27:00
700000000000000500,10020,Forum Post 500 Elasticsearch,Summary for forum post 500 about 性能优化,This is forum post 500 content with practical notes on Elasticsearch and 性能优化,https://cdn.knowledgelink.local/forum/cover_500.jpg,Elasticsearch,性能优化,面试,问题求助,公开,530,103,61,20,2026-01-05 20:20:00,2026-01-05 20:40:00
