id,forum_id,user_id,comment_id,create_time,update_time
720000000000000001,710000000000000001,2043642606338904200,1,2026-02-01 09:02:00,2026-02-01 09:04:00
720000000000000002,710000000000000001,2043642606338904201,2,2026-02-01 09:04:00,2026-02-01 09:06:00
720000000000000003,710000000000000001,2043642606338904202,3,2026-02-01 09:06:00,2026-02-01 09:08:00
720000000000000004,710000000000000002,2043642606338904203,4,2026-02-01 09:08:00,2026-02-01 09:10:00
720000000000000005,710000000000000002,2043642606338904204,5,2026-02-01 09:10:00,2026-02-01 09:12:00
720000000000000006,710000000000000002,2043642606338904205,6,2026-02-01 09:12:00,2026-02-01 09:14:00
720000000000000007,710000000000000002,2043642606338904206,7,2026-02-01 09:14:00,2026-02-01 09:16:00
720000000000000008,710000000000000002,2043642606338904207,8,2026-02-01 09:16:00,2026-02-01 09:18:00
720000000000000009,710000000000000003,2043642606338904208,9,2026-02-01 09:18:00,2026-02-01 09:20:00
720000000000000010,710000000000000003,2043642606338904209,10,2026-02-01 09:20:00,2026-02-01 09:22:00
720000000000000011,710000000000000003,2043642606338904210,11,2026-02-01 09:22:00,2026-02-01 09:24:00
720000000000000012,710000000000000003,2043642606338904211,12,2026-02-01 09:24:00,2026-02-01 09:26:00
720000000000000013,710000000000000003,2043642606338904212,13,2026-02-01 09:26:00,2026-02-01 09:28:00
720000000000000014,710000000000000004,2043642606338904213,14,2026-02-01 09:28:00,2026-02-01 09:30:00
720000000000000015,710000000000000004,2043642606338904214,15,2026-02-01 09:30:00,2026-02-01 09:32:00
720000000000000016,710000000000000004,2043642606338904215,16,2026-02-01 09:32:00,2026-02-01 09:34:00
720000000000000017,710000000000000004,2043642606338904216,17,2026-02-01 09:34:00,2026-02-01 09:36:00
720000000000000018,710000000000000004,2043642606338904217,18,2026-02-01 09:36:00,2026-02-01 09:38:00
720000000000000019,710000000000000005,2043642606338904218,19,2026-02-01 09:38:00,2026-02-01 09:40:00
720000000000000020,710000000000000005,2043642606338904219,20,2026-02-01 09:40:00,2026-02-01 09:42:00
720000000000000021,710000000000000005,2043642606338904220,21,2026-02-01 09:42:00,2026-02-01 09:44:00
720000000000000022,710000000000000005,2043642606338904221,22,2026-02-01 09:44:00,2026-02-01 09:46:00
720000000000000023,710000000000000005,2043642606338904222,23,2026-02-01 09:46:00,2026-02-01 09:48:00
720000000000000024,710000000000000006,2043642606338904223,24,2026-02-01 09:48:00,2026-02-01 09:50:00
720000000000000025,710000000000000006,2043642606338904224,25,2026-02-01 09:50:00,2026-02-01 09:52:00
720000000000000026,710000000000000006,2043642606338904225,26,2026-02-01 09:52:00,2026-02-01 09:54:00
720000000000000027,710000000000000006,2043642606338904226,27,2026-02-01 09:54:00,2026-02-01 09:56:00
720000000000000028,710000000000000006,2043642606338904227,28,2026-02-01 09:56:00,2026-02-01 09:58:00
720000000000000029,710000000000000007,2043642606338904228,29,2026-02-01 09:58:00,2026-02-01 10:00:00
720000000000000030,710000000000000007,2043642606338904229,30,2026-02-01 10:00:00,2026-02-01 10:02:00
720000000000000031,710000000000000007,2043642606338904230,31,2026-02-01 10:02:00,2026-02-01 10:04:00
720000000000000032,710000000000000007,2043642606338904231,32,2026-02-01 10:04:00,2026-02-01 10:06:00
720000000000000033,710000000000000007,2043642606338904232,33,2026-02-01 10:06:00,2026-02-01 10:08:00
720000000000000034,710000000000000008,2043642606338904233,34,2026-02-01 10:08:00,2026-02-01 10:10:00
720000000000000035,710000000000000008,2043642606338904234,35,2026-02-01 10:10:00,2026-02-01 10:12:00
720000000000000036,710000000000000008,2043642606338904235,36,2026-02-01 10:12:00,2026-02-01 10:14:00
720000000000000037,710000000000000008,2043642606338904236,37,2026-02-01 10:14:00,2026-02-01 10:16:00
720000000000000038,710000000000000008,2043642606338904237,38,2026-02-01 10:16:00,2026-02-01 10:18:00
720000000000000039,710000000000000009,2043642606338904238,39,2026-02-01 10:18:00,2026-02-01 10:20:00
720000000000000040,710000000000000009,2043642606338904239,40,2026-02-01 10:20:00,2026-02-01 10:22:00
720000000000000041,710000000000000009,2043642606338904240,41,2026-02-01 10:22:00,2026-02-01 10:24:00
720000000000000042,710000000000000009,2043642606338904241,42,2026-02-01 10:24:00,2026-02-01 10:26:00
720000000000000043,710000000000000009,2043642606338904242,43,2026-02-01 10:26:00,2026-02-01 10:28:00
720000000000000044,710000000000000010,2043642606338904243,44,2026-02-01 10:28:00,2026-02-01 10:30:00
720000000000000045,710000000000000010,2043642606338904244,45,2026-02-01 10:30:00,2026-02-01 10:32:00
720000000000000046,710000000000000010,2043642606338904245,46,2026-02-01 10:32:00,2026-02-01 10:34:00
720000000000000047,710000000000000010,2043642606338904246,47,2026-02-01 10:34:00,2026-02-01 10:36:00
720000000000000048,710000000000000010,2043642606338904247,48,2026-02-01 10:36:00,2026-02-01 10:38:00
720000000000000049,710000000000000011,2043642606338904248,49,2026-02-01 10:38:00,2026-02-01 10:40:00
720000000000000050,710000000000000011,2043642606338904249,50,2026-02-01 10:40:00,2026-02-01 10:42:00
720000000000000051,710000000000000011,2043642606338904250,51,2026-02-01 10:42:00,2026-02-01 10:44:00
720000000000000052,710000000000000011,2043642606338904251,52,2026-02-01 10:44:00,2026-02-01 10:46:00
720000000000000053,710000000000000011,2043642606338904252,53,2026-02-01 10:46:00,2026-02-01 10:48:00
720000000000000054,710000000000000012,2043642606338904253,54,2026-02-01 10:48:00,2026-02-01 10:50:00
720000000000000055,710000000000000012,2043642606338904254,55,2026-02-01 10:50:00,2026-02-01 10:52:00
720000000000000056,710000000000000012,2043642606338904255,56,2026-02-01 10:52:00,2026-02-01 10:54:00
720000000000000057,710000000000000012,2043642606338904256,57,2026-02-01 10:54:00,2026-02-01 10:56:00
720000000000000058,710000000000000012,2043642606338904257,58,2026-02-01 10:56:00,2026-02-01 10:58:00
720000000000000059,710000000000000013,2043642606338904258,59,2026-02-01 10:58:00,2026-02-01 11:00:00
720000000000000060,710000000000000013,2043642606338904259,60,2026-02-01 11:00:00,2026-02-01 11:02:00
720000000000000061,710000000000000013,2043642606338904260,61,2026-02-01 11:02:00,2026-02-01 11:04:00
720000000000000062,710000000000000013,2043642606338904261,62,2026-02-01 11:04:00,2026-02-01 11:06:00
720000000000000063,710000000000000013,2043642606338904262,63,2026-02-01 11:06:00,2026-02-01 11:08:00
720000000000000064,710000000000000014,2043642606338904263,64,2026-02-01 11:08:00,2026-02-01 11:10:00
720000000000000065,710000000000000014,2043642606338904264,65,2026-02-01 11:10:00,2026-02-01 11:12:00
720000000000000066,710000000000000014,2043642606338904265,66,2026-02-01 11:12:00,2026-02-01 11:14:00
720000000000000067,710000000000000014,2043642606338904266,67,2026-02-01 11:14:00,2026-02-01 11:16:00
720000000000000068,710000000000000014,2043642606338904267,68,2026-02-01 11:16:00,2026-02-01 11:18:00
720000000000000069,710000000000000015,2043642606338904268,69,2026-02-01 11:18:00,2026-02-01 11:20:00
720000000000000070,710000000000000015,2043642606338904269,70,2026-02-01 11:20:00,2026-02-01 11:22:00
720000000000000071,710000000000000015,2043642606338904270,71,2026-02-01 11:22:00,2026-02-01 11:24:00
720000000000000072,710000000000000015,2043642606338904271,72,2026-02-01 11:24:00,2026-02-01 11:26:00
720000000000000073,710000000000000015,2043642606338904272,73,2026-02-01 11:26:00,2026-02-01 11:28:00
720000000000000074,710000000000000016,2043642606338904273,74,2026-02-01 11:28:00,2026-02-01 11:30:00
720000000000000075,710000000000000016,2043642606338904274,75,2026-02-01 11:30:00,2026-02-01 11:32:00
720000000000000076,710000000000000016,2043642606338904275,76,2026-02-01 11:32:00,2026-02-01 11:34:00
720000000000000077,710000000000000016,2043642606338904276,77,2026-02-01 11:34:00,2026-02-01 11:36:00
720000000000000078,710000000000000016,2043642606338904277,78,2026-02-01 11:36:00,2026-02-01 11:38:00
720000000000000079,710000000000000017,2043642606338904278,79,2026-02-01 11:38:00,2026-02-01 11:40:00
720000000000000080,710000000000000017,2043642606338904279,80,2026-02-01 11:40:00,2026-02-01 11:42:00
720000000000000081,710000000000000017,2043642606338904280,81,2026-02-01 11:42:00,2026-02-01 11:44:00
720000000000000082,710000000000000017,2043642606338904281,82,2026-02-01 11:44:00,2026-02-01 11:46:00
720000000000000083,710000000000000017,2043642606338904282,83,2026-02-01 11:46:00,2026-02-01 11:48:00
720000000000000084,710000000000000018,2043642606338904283,84,2026-02-01 11:48:00,2026-02-01 11:50:00
720000000000000085,710000000000000018,2043642606338904284,85,2026-02-01 11:50:00,2026-02-01 11:52:00
720000000000000086,710000000000000018,2043642606338904285,86,2026-02-01 11:52:00,2026-02-01 11:54:00
720000000000000087,710000000000000018,2043642606338904286,87,2026-02-01 11:54:00,2026-02-01 11:56:00
720000000000000088,710000000000000018,2043642606338904287,88,2026-02-01 11:56:00,2026-02-01 11:58:00
720000000000000089,710000000000000019,2043642606338904288,89,2026-02-01 11:58:00,2026-02-01 12:00:00
720000000000000090,710000000000000019,2043642606338904289,90,2026-02-01 12:00:00,2026-02-01 12:02:00
720000000000000091,710000000000000019,2043642606338904290,91,2026-02-01 12:02:00,2026-02-01 12:04:00
720000000000000092,710000000000000019,2043642606338904291,92,2026-02-01 12:04:00,2026-02-01 12:06:00
720000000000000093,710000000000000019,2043642606338904292,93,2026-02-01 12:06:00,2026-02-01 12:08:00
720000000000000094,710000000000000020,2043642606338904293,94,2026-02-01 12:08:00,2026-02-01 12:10:00
720000000000000095,710000000000000020,2043642606338904294,95,2026-02-01 12:10:00,2026-02-01 12:12:00
720000000000000096,710000000000000020,2043642606338904295,96,2026-02-01 12:12:00,2026-02-01 12:14:00
720000000000000097,710000000000000020,2043642606338904296,97,2026-02-01 12:14:00,2026-02-01 12:16:00
720000000000000098,710000000000000020,2043642606338904297,98,2026-02-01 12:16:00,2026-02-01 12:18:00
720000000000000099,710000000000000021,2043642606338904298,99,2026-02-01 12:18:00,2026-02-01 12:20:00
720000000000000100,710000000000000021,2043642606338904299,100,2026-02-01 12:20:00,2026-02-01 12:22:00
720000000000000101,710000000000000021,2043642606338904300,101,2026-02-01 12:22:00,2026-02-01 12:24:00
720000000000000102,710000000000000021,2043642606338904301,102,2026-02-01 12:24:00,2026-02-01 12:26:00
720000000000000103,710000000000000021,2043642606338904302,103,2026-02-01 12:26:00,2026-02-01 12:28:00
720000000000000104,710000000000000022,2043642606338904303,104,2026-02-01 12:28:00,2026-02-01 12:30:00
720000000000000105,710000000000000022,2043642606338904304,105,2026-02-01 12:30:00,2026-02-01 12:32:00
720000000000000106,710000000000000022,2043642606338904305,106,2026-02-01 12:32:00,2026-02-01 12:34:00
720000000000000107,710000000000000022,2043642606338904306,107,2026-02-01 12:34:00,2026-02-01 12:36:00
720000000000000108,710000000000000022,2043642606338904307,108,2026-02-01 12:36:00,2026-02-01 12:38:00
720000000000000109,710000000000000023,2043642606338904308,109,2026-02-01 12:38:00,2026-02-01 12:40:00
720000000000000110,710000000000000023,2043642606338904309,110,2026-02-01 12:40:00,2026-02-01 12:42:00
720000000000000111,710000000000000023,2043642606338904310,111,2026-02-01 12:42:00,2026-02-01 12:44:00
720000000000000112,710000000000000023,2043642606338904311,112,2026-02-01 12:44:00,2026-02-01 12:46:00
720000000000000113,710000000000000023,2043642606338904312,113,2026-02-01 12:46:00,2026-02-01 12:48:00
720000000000000114,710000000000000024,2043642606338904313,114,2026-02-01 12:48:00,2026-02-01 12:50:00
720000000000000115,710000000000000024,2043642606338904314,115,2026-02-01 12:50:00,2026-02-01 12:52:00
720000000000000116,710000000000000024,2043642606338904315,116,2026-02-01 12:52:00,2026-02-01 12:54:00
720000000000000117,710000000000000024,2043642606338904316,117,2026-02-01 12:54:00,2026-02-01 12:56:00
720000000000000118,710000000000000024,2043642606338904317,118,2026-02-01 12:56:00,2026-02-01 12:58:00
720000000000000119,710000000000000025,2043642606338904318,119,2026-02-01 12:58:00,2026-02-01 13:00:00
720000000000000120,710000000000000025,2043642606338904319,120,2026-02-01 13:00:00,2026-02-01 13:02:00
720000000000000121,710000000000000025,2043642606338904320,121,2026-02-01 13:02:00,2026-02-01 13:04:00
720000000000000122,710000000000000025,2043642606338904321,122,2026-02-01 13:04:00,2026-02-01 13:06:00
720000000000000123,710000000000000025,2043642606338904322,123,2026-02-01 13:06:00,2026-02-01 13:08:00
720000000000000124,710000000000000026,2043642606338904323,124,2026-02-01 13:08:00,2026-02-01 13:10:00
720000000000000125,710000000000000026,2043642606338904324,125,2026-02-01 13:10:00,2026-02-01 13:12:00
720000000000000126,710000000000000026,2043642606338904325,126,2026-02-01 13:12:00,2026-02-01 13:14:00
720000000000000127,710000000000000026,2043642606338904326,127,2026-02-01 13:14:00,2026-02-01 13:16:00
720000000000000128,710000000000000026,2043642606338904327,128,2026-02-01 13:16:00,2026-02-01 13:18:00
720000000000000129,710000000000000027,2043642606338904328,129,2026-02-01 13:18:00,2026-02-01 13:20:00
720000000000000130,710000000000000027,2043642606338904329,130,2026-02-01 13:20:00,2026-02-01 13:22:00
720000000000000131,710000000000000027,2043642606338904330,131,2026-02-01 13:22:00,2026-02-01 13:24:00
720000000000000132,710000000000000027,2043642606338904331,132,2026-02-01 13:24:00,2026-02-01 13:26:00
720000000000000133,710000000000000027,2043642606338904332,133,2026-02-01 13:26:00,2026-02-01 13:28:00
720000000000000134,710000000000000028,2043642606338904333,134,2026-02-01 13:28:00,2026-02-01 13:30:00
720000000000000135,710000000000000028,2043642606338904334,135,2026-02-01 13:30:00,2026-02-01 13:32:00
720000000000000136,710000000000000028,2043642606338904335,136,2026-02-01 13:32:00,2026-02-01 13:34:00
720000000000000137,710000000000000028,2043642606338904336,137,2026-02-01 13:34:00,2026-02-01 13:36:00
720000000000000138,710000000000000028,2043642606338904337,138,2026-02-01 13:36:00,2026-02-01 13:38:00
720000000000000139,710000000000000029,2043642606338904338,139,2026-02-01 13:38:00,2026-02-01 13:40:00
720000000000000140,710000000000000029,2043642606338904339,140,2026-02-01 13:40:00,2026-02-01 13:42:00
720000000000000141,710000000000000029,2043642606338904340,141,2026-02-01 13:42:00,2026-02-01 13:44:00
720000000000000142,710000000000000029,2043642606338904341,142,2026-02-01 13:44:00,2026-02-01 13:46:00
720000000000000143,710000000000000029,2043642606338904342,143,2026-02-01 13:46:00,2026-02-01 13:48:00
720000000000000144,710000000000000030,2043642606338904343,144,2026-02-01 13:48:00,2026-02-01 13:50:00
720000000000000145,710000000000000030,2043642606338904344,145,2026-02-01 13:50:00,2026-02-01 13:52:00
720000000000000146,710000000000000030,2043642606338904345,146,2026-02-01 13:52:00,2026-02-01 13:54:00
720000000000000147,710000000000000030,2043642606338904346,147,2026-02-01 13:54:00,2026-02-01 13:56:00
720000000000000148,710000000000000030,2043642606338904347,148,2026-02-01 13:56:00,2026-02-01 13:58:00
720000000000000149,710000000000000031,2043642606338904348,149,2026-02-01 13:58:00,2026-02-01 14:00:00
720000000000000150,710000000000000031,2043642606338904349,150,2026-02-01 14:00:00,2026-02-01 14:02:00
720000000000000151,710000000000000031,2043642606338904350,151,2026-02-01 14:02:00,2026-02-01 14:04:00
720000000000000152,710000000000000031,2043642606338904351,152,2026-02-01 14:04:00,2026-02-01 14:06:00
720000000000000153,710000000000000031,2043642606338904352,153,2026-02-01 14:06:00,2026-02-01 14:08:00
720000000000000154,710000000000000032,2043642606338904353,154,2026-02-01 14:08:00,2026-02-01 14:10:00
720000000000000155,710000000000000032,2043642606338904354,155,2026-02-01 14:10:00,2026-02-01 14:12:00
720000000000000156,710000000000000032,2043642606338904355,156,2026-02-01 14:12:00,2026-02-01 14:14:00
720000000000000157,710000000000000032,2043642606338904356,157,2026-02-01 14:14:00,2026-02-01 14:16:00
720000000000000158,710000000000000032,2043642606338904357,158,2026-02-01 14:16:00,2026-02-01 14:18:00
720000000000000159,710000000000000033,2043642606338904358,159,2026-02-01 14:18:00,2026-02-01 14:20:00
720000000000000160,710000000000000033,2043642606338904359,160,2026-02-01 14:20:00,2026-02-01 14:22:00
720000000000000161,710000000000000033,2043642606338904360,161,2026-02-01 14:22:00,2026-02-01 14:24:00
720000000000000162,710000000000000033,2043642606338904361,162,2026-02-01 14:24:00,2026-02-01 14:26:00
720000000000000163,710000000000000033,2043642606338904362,163,2026-02-01 14:26:00,2026-02-01 14:28:00
720000000000000164,710000000000000034,2043642606338904363,164,2026-02-01 14:28:00,2026-02-01 14:30:00
720000000000000165,710000000000000034,2043642606338904364,165,2026-02-01 14:30:00,2026-02-01 14:32:00
720000000000000166,710000000000000034,2043642606338904365,166,2026-02-01 14:32:00,2026-02-01 14:34:00
720000000000000167,710000000000000034,2043642606338904366,167,2026-02-01 14:34:00,2026-02-01 14:36:00
720000000000000168,710000000000000034,2043642606338904367,168,2026-02-01 14:36:00,2026-02-01 14:38:00
720000000000000169,710000000000000035,2043642606338904368,169,2026-02-01 14:38:00,2026-02-01 14:40:00
720000000000000170,710000000000000035,2043642606338904369,170,2026-02-01 14:40:00,2026-02-01 14:42:00
720000000000000171,710000000000000035,2043642606338904370,171,2026-02-01 14:42:00,2026-02-01 14:44:00
720000000000000172,710000000000000035,2043642606338904371,172,2026-02-01 14:44:00,2026-02-01 14:46:00
720000000000000173,710000000000000035,2043642606338904372,173,2026-02-01 14:46:00,2026-02-01 14:48:00
720000000000000174,710000000000000036,2043642606338904373,174,2026-02-01 14:48:00,2026-02-01 14:50:00
720000000000000175,710000000000000036,2043642606338904374,175,2026-02-01 14:50:00,2026-02-01 14:52:00
720000000000000176,710000000000000036,2043642606338904375,176,2026-02-01 14:52:00,2026-02-01 14:54:00
720000000000000177,710000000000000036,2043642606338904376,177,2026-02-01 14:54:00,2026-02-01 14:56:00
720000000000000178,710000000000000036,2043642606338904377,178,2026-02-01 14:56:00,2026-02-01 14:58:00
720000000000000179,710000000000000037,2043642606338904378,179,2026-02-01 14:58:00,2026-02-01 15:00:00
720000000000000180,710000000000000037,2043642606338904379,180,2026-02-01 15:00:00,2026-02-01 15:02:00
720000000000000181,710000000000000037,2043642606338904380,181,2026-02-01 15:02:00,2026-02-01 15:04:00
720000000000000182,710000000000000037,2043642606338904381,182,2026-02-01 15:04:00,2026-02-01 15:06:00
720000000000000183,710000000000000037,2043642606338904382,183,2026-02-01 15:06:00,2026-02-01 15:08:00
720000000000000184,710000000000000038,2043642606338904383,184,2026-02-01 15:08:00,2026-02-01 15:10:00
720000000000000185,710000000000000038,2043642606338904384,185,2026-02-01 15:10:00,2026-02-01 15:12:00
720000000000000186,710000000000000038,2043642606338904385,186,2026-02-01 15:12:00,2026-02-01 15:14:00
720000000000000187,710000000000000038,2043642606338904386,187,2026-02-01 15:14:00,2026-02-01 15:16:00
720000000000000188,710000000000000038,2043642606338904387,188,2026-02-01 15:16:00,2026-02-01 15:18:00
720000000000000189,710000000000000039,2043642606338904388,189,2026-02-01 15:18:00,2026-02-01 15:20:00
720000000000000190,710000000000000039,2043642606338904389,190,2026-02-01 15:20:00,2026-02-01 15:22:00
720000000000000191,710000000000000039,2043642606338904390,191,2026-02-01 15:22:00,2026-02-01 15:24:00
720000000000000192,710000000000000039,2043642606338904391,192,2026-02-01 15:24:00,2026-02-01 15:26:00
720000000000000193,710000000000000039,2043642606338904392,193,2026-02-01 15:26:00,2026-02-01 15:28:00
720000000000000194,710000000000000040,2043642606338904393,194,2026-02-01 15:28:00,2026-02-01 15:30:00
720000000000000195,710000000000000040,2043642606338904394,195,2026-02-01 15:30:00,2026-02-01 15:32:00
720000000000000196,710000000000000040,2043642606338904395,196,2026-02-01 15:32:00,2026-02-01 15:34:00
720000000000000197,710000000000000040,2043642606338904396,197,2026-02-01 15:34:00,2026-02-01 15:36:00
720000000000000198,710000000000000040,2043642606338904397,198,2026-02-01 15:36:00,2026-02-01 15:38:00
720000000000000199,710000000000000041,2043642606338904398,199,2026-02-01 15:38:00,2026-02-01 15:40:00
720000000000000200,710000000000000041,2043642606338904399,200,2026-02-01 15:40:00,2026-02-01 15:42:00
720000000000000201,710000000000000041,2043642606338904400,201,2026-02-01 15:42:00,2026-02-01 15:44:00
720000000000000202,710000000000000041,2043642606338904401,202,2026-02-01 15:44:00,2026-02-01 15:46:00
720000000000000203,710000000000000041,2043642606338904402,203,2026-02-01 15:46:00,2026-02-01 15:48:00
720000000000000204,710000000000000042,2043642606338904403,204,2026-02-01 15:48:00,2026-02-01 15:50:00
720000000000000205,710000000000000042,2043642606338904404,205,2026-02-01 15:50:00,2026-02-01 15:52:00
720000000000000206,710000000000000042,2043642606338904405,206,2026-02-01 15:52:00,2026-02-01 15:54:00
720000000000000207,710000000000000042,2043642606338904406,207,2026-02-01 15:54:00,2026-02-01 15:56:00
720000000000000208,710000000000000042,2043642606338904407,208,2026-02-01 15:56:00,2026-02-01 15:58:00
720000000000000209,710000000000000043,2043642606338904408,209,2026-02-01 15:58:00,2026-02-01 16:00:00
720000000000000210,710000000000000043,2043642606338904409,210,2026-02-01 16:00:00,2026-02-01 16:02:00
720000000000000211,710000000000000043,2043642606338904410,211,2026-02-01 16:02:00,2026-02-01 16:04:00
720000000000000212,710000000000000043,2043642606338904411,212,2026-02-01 16:04:00,2026-02-01 16:06:00
720000000000000213,710000000000000043,2043642606338904412,213,2026-02-01 16:06:00,2026-02-01 16:08:00
720000000000000214,710000000000000044,2043642606338904413,214,2026-02-01 16:08:00,2026-02-01 16:10:00
720000000000000215,710000000000000044,2043642606338904414,215,2026-02-01 16:10:00,2026-02-01 16:12:00
720000000000000216,710000000000000044,2043642606338904415,216,2026-02-01 16:12:00,2026-02-01 16:14:00
720000000000000217,710000000000000044,2043642606338904416,217,2026-02-01 16:14:00,2026-02-01 16:16:00
720000000000000218,710000000000000044,2043642606338904417,218,2026-02-01 16:16:00,2026-02-01 16:18:00
720000000000000219,710000000000000045,2043642606338904418,219,2026-02-01 16:18:00,2026-02-01 16:20:00
720000000000000220,710000000000000045,2043642606338904419,220,2026-02-01 16:20:00,2026-02-01 16:22:00
720000000000000221,710000000000000045,2043642606338904420,221,2026-02-01 16:22:00,2026-02-01 16:24:00
720000000000000222,710000000000000045,2043642606338904421,222,2026-02-01 16:24:00,2026-02-01 16:26:00
720000000000000223,710000000000000045,2043642606338904422,223,2026-02-01 16:26:00,2026-02-01 16:28:00
720000000000000224,710000000000000046,2043642606338904423,224,2026-02-01 16:28:00,2026-02-01 16:30:00
720000000000000225,710000000000000046,2043642606338904424,225,2026-02-01 16:30:00,2026-02-01 16:32:00
720000000000000226,710000000000000046,2043642606338904425,226,2026-02-01 16:32:00,2026-02-01 16:34:00
720000000000000227,710000000000000046,2043642606338904426,227,2026-02-01 16:34:00,2026-02-01 16:36:00
720000000000000228,710000000000000046,2043642606338904427,228,2026-02-01 16:36:00,2026-02-01 16:38:00
720000000000000229,710000000000000047,2043642606338904428,229,2026-02-01 16:38:00,2026-02-01 16:40:00
720000000000000230,710000000000000047,2043642606338904429,230,2026-02-01 16:40:00,2026-02-01 16:42:00
720000000000000231,710000000000000047,2043642606338904430,231,2026-02-01 16:42:00,2026-02-01 16:44:00
720000000000000232,710000000000000047,2043642606338904431,232,2026-02-01 16:44:00,2026-02-01 16:46:00
720000000000000233,710000000000000047,2043642606338904432,233,2026-02-01 16:46:00,2026-02-01 16:48:00
720000000000000234,710000000000000048,2043642606338904433,234,2026-02-01 16:48:00,2026-02-01 16:50:00
720000000000000235,710000000000000048,2043642606338904434,235,2026-02-01 16:50:00,2026-02-01 16:52:00
720000000000000236,710000000000000048,2043642606338904435,236,2026-02-01 16:52:00,2026-02-01 16:54:00
720000000000000237,710000000000000048,2043642606338904436,237,2026-02-01 16:54:00,2026-02-01 16:56:00
720000000000000238,710000000000000048,2043642606338904437,238,2026-02-01 16:56:00,2026-02-01 16:58:00
720000000000000239,710000000000000049,2043642606338904438,239,2026-02-01 16:58:00,2026-02-01 17:00:00
720000000000000240,710000000000000049,2043642606338904439,240,2026-02-01 17:00:00,2026-02-01 17:02:00
720000000000000241,710000000000000049,2043642606338904440,241,2026-02-01 17:02:00,2026-02-01 17:04:00
720000000000000242,710000000000000049,2043642606338904441,242,2026-02-01 17:04:00,2026-02-01 17:06:00
720000000000000243,710000000000000049,2043642606338904442,243,2026-02-01 17:06:00,2026-02-01 17:08:00
720000000000000244,710000000000000050,2043642606338904443,244,2026-02-01 17:08:00,2026-02-01 17:10:00
720000000000000245,710000000000000050,2043642606338904444,245,2026-02-01 17:10:00,2026-02-01 17:12:00
720000000000000246,710000000000000050,2043642606338904445,246,2026-02-01 17:12:00,2026-02-01 17:14:00
720000000000000247,710000000000000050,2043642606338904446,247,2026-02-01 17:14:00,2026-02-01 17:16:00
720000000000000248,710000000000000050,2043642606338904447,248,2026-02-01 17:16:00,2026-02-01 17:18:00
720000000000000249,710000000000000051,2043642606338904448,249,2026-02-01 17:18:00,2026-02-01 17:20:00
720000000000000250,710000000000000051,2043642606338904449,250,2026-02-01 17:20:00,2026-02-01 17:22:00
720000000000000251,710000000000000051,2043642606338904450,251,2026-02-01 17:22:00,2026-02-01 17:24:00
720000000000000252,710000000000000051,2043642606338904451,252,2026-02-01 17:24:00,2026-02-01 17:26:00
720000000000000253,710000000000000051,2043642606338904452,253,2026-02-01 17:26:00,2026-02-01 17:28:00
720000000000000254,710000000000000052,2043642606338904453,254,2026-02-01 17:28:00,2026-02-01 17:30:00
720000000000000255,710000000000000052,2043642606338904454,255,2026-02-01 17:30:00,2026-02-01 17:32:00
720000000000000256,710000000000000052,2043642606338904455,256,2026-02-01 17:32:00,2026-02-01 17:34:00
720000000000000257,710000000000000052,2043642606338904456,257,2026-02-01 17:34:00,2026-02-01 17:36:00
720000000000000258,710000000000000052,2043642606338904457,258,2026-02-01 17:36:00,2026-02-01 17:38:00
720000000000000259,710000000000000053,2043642606338904458,259,2026-02-01 17:38:00,2026-02-01 17:40:00
720000000000000260,710000000000000053,2043642606338904459,260,2026-02-01 17:40:00,2026-02-01 17:42:00
720000000000000261,710000000000000053,2043642606338904200,261,2026-02-01 17:42:00,2026-02-01 17:44:00
720000000000000262,710000000000000053,2043642606338904201,262,2026-02-01 17:44:00,2026-02-01 17:46:00
720000000000000263,710000000000000053,2043642606338904202,263,2026-02-01 17:46:00,2026-02-01 17:48:00
720000000000000264,710000000000000054,2043642606338904203,264,2026-02-01 17:48:00,2026-02-01 17:50:00
720000000000000265,710000000000000054,2043642606338904204,265,2026-02-01 17:50:00,2026-02-01 17:52:00
720000000000000266,710000000000000054,2043642606338904205,266,2026-02-01 17:52:00,2026-02-01 17:54:00
720000000000000267,710000000000000054,2043642606338904206,267,2026-02-01 17:54:00,2026-02-01 17:56:00
720000000000000268,710000000000000054,2043642606338904207,268,2026-02-01 17:56:00,2026-02-01 17:58:00
720000000000000269,710000000000000055,2043642606338904208,269,2026-02-01 17:58:00,2026-02-01 18:00:00
720000000000000270,710000000000000055,2043642606338904209,270,2026-02-01 18:00:00,2026-02-01 18:02:00
720000000000000271,710000000000000055,2043642606338904210,271,2026-02-01 18:02:00,2026-02-01 18:04:00
720000000000000272,710000000000000055,2043642606338904211,272,2026-02-01 18:04:00,2026-02-01 18:06:00
720000000000000273,710000000000000055,2043642606338904212,273,2026-02-01 18:06:00,2026-02-01 18:08:00
720000000000000274,710000000000000056,2043642606338904213,274,2026-02-01 18:08:00,2026-02-01 18:10:00
720000000000000275,710000000000000056,2043642606338904214,275,2026-02-01 18:10:00,2026-02-01 18:12:00
720000000000000276,710000000000000056,2043642606338904215,276,2026-02-01 18:12:00,2026-02-01 18:14:00
720000000000000277,710000000000000056,2043642606338904216,277,2026-02-01 18:14:00,2026-02-01 18:16:00
720000000000000278,710000000000000056,2043642606338904217,278,2026-02-01 18:16:00,2026-02-01 18:18:00
720000000000000279,710000000000000057,2043642606338904218,279,2026-02-01 18:18:00,2026-02-01 18:20:00
720000000000000280,710000000000000057,2043642606338904219,280,2026-02-01 18:20:00,2026-02-01 18:22:00
720000000000000281,710000000000000057,2043642606338904220,281,2026-02-01 18:22:00,2026-02-01 18:24:00
720000000000000282,710000000000000057,2043642606338904221,282,2026-02-01 18:24:00,2026-02-01 18:26:00
720000000000000283,710000000000000057,2043642606338904222,283,2026-02-01 18:26:00,2026-02-01 18:28:00
720000000000000284,710000000000000058,2043642606338904223,284,2026-02-01 18:28:00,2026-02-01 18:30:00
720000000000000285,710000000000000058,2043642606338904224,285,2026-02-01 18:30:00,2026-02-01 18:32:00
720000000000000286,710000000000000058,2043642606338904225,286,2026-02-01 18:32:00,2026-02-01 18:34:00
720000000000000287,710000000000000058,2043642606338904226,287,2026-02-01 18:34:00,2026-02-01 18:36:00
720000000000000288,710000000000000058,2043642606338904227,288,2026-02-01 18:36:00,2026-02-01 18:38:00
720000000000000289,710000000000000059,2043642606338904228,289,2026-02-01 18:38:00,2026-02-01 18:40:00
720000000000000290,710000000000000059,2043642606338904229,290,2026-02-01 18:40:00,2026-02-01 18:42:00
720000000000000291,710000000000000059,2043642606338904230,291,2026-02-01 18:42:00,2026-02-01 18:44:00
720000000000000292,710000000000000059,2043642606338904231,292,2026-02-01 18:44:00,2026-02-01 18:46:00
720000000000000293,710000000000000059,2043642606338904232,293,2026-02-01 18:46:00,2026-02-01 18:48:00
720000000000000294,710000000000000060,2043642606338904233,294,2026-02-01 18:48:00,2026-02-01 18:50:00
720000000000000295,710000000000000060,2043642606338904234,295,2026-02-01 18:50:00,2026-02-01 18:52:00
720000000000000296,710000000000000060,2043642606338904235,296,2026-02-01 18:52:00,2026-02-01 18:54:00
720000000000000297,710000000000000060,2043642606338904236,297,2026-02-01 18:54:00,2026-02-01 18:56:00
720000000000000298,710000000000000060,2043642606338904237,298,2026-02-01 18:56:00,2026-02-01 18:58:00
720000000000000299,710000000000000061,2043642606338904238,299,2026-02-01 18:58:00,2026-02-01 19:00:00
720000000000000300,710000000000000061,2043642606338904239,300,2026-02-01 19:00:00,2026-02-01 19:02:00
720000000000000301,710000000000000061,2043642606338904240,301,2026-02-01 19:02:00,2026-02-01 19:04:00
720000000000000302,710000000000000061,2043642606338904241,302,2026-02-01 19:04:00,2026-02-01 19:06:00
720000000000000303,710000000000000061,2043642606338904242,303,2026-02-01 19:06:00,2026-02-01 19:08:00
720000000000000304,710000000000000062,2043642606338904243,304,2026-02-01 19:08:00,2026-02-01 19:10:00
720000000000000305,710000000000000062,2043642606338904244,305,2026-02-01 19:10:00,2026-02-01 19:12:00
720000000000000306,710000000000000062,2043642606338904245,306,2026-02-01 19:12:00,2026-02-01 19:14:00
720000000000000307,710000000000000062,2043642606338904246,307,2026-02-01 19:14:00,2026-02-01 19:16:00
720000000000000308,710000000000000062,2043642606338904247,308,2026-02-01 19:16:00,2026-02-01 19:18:00
720000000000000309,710000000000000063,2043642606338904248,309,2026-02-01 19:18:00,2026-02-01 19:20:00
720000000000000310,710000000000000063,2043642606338904249,310,2026-02-01 19:20:00,2026-02-01 19:22:00
720000000000000311,710000000000000063,2043642606338904250,311,2026-02-01 19:22:00,2026-02-01 19:24:00
720000000000000312,710000000000000063,2043642606338904251,312,2026-02-01 19:24:00,2026-02-01 19:26:00
720000000000000313,710000000000000063,2043642606338904252,313,2026-02-01 19:26:00,2026-02-01 19:28:00
720000000000000314,710000000000000064,2043642606338904253,314,2026-02-01 19:28:00,2026-02-01 19:30:00
720000000000000315,710000000000000064,2043642606338904254,315,2026-02-01 19:30:00,2026-02-01 19:32:00
720000000000000316,710000000000000064,2043642606338904255,316,2026-02-01 19:32:00,2026-02-01 19:34:00
720000000000000317,710000000000000064,2043642606338904256,317,2026-02-01 19:34:00,2026-02-01 19:36:00
720000000000000318,710000000000000064,2043642606338904257,318,2026-02-01 19:36:00,2026-02-01 19:38:00
720000000000000319,710000000000000065,2043642606338904258,319,2026-02-01 19:38:00,2026-02-01 19:40:00
720000000000000320,710000000000000065,2043642606338904259,320,2026-02-01 19:40:00,2026-02-01 19:42:00
720000000000000321,710000000000000065,2043642606338904260,321,2026-02-01 19:42:00,2026-02-01 19:44:00
720000000000000322,710000000000000065,2043642606338904261,322,2026-02-01 19:44:00,2026-02-01 19:46:00
720000000000000323,710000000000000065,2043642606338904262,323,2026-02-01 19:46:00,2026-02-01 19:48:00
720000000000000324,710000000000000066,2043642606338904263,324,2026-02-01 19:48:00,2026-02-01 19:50:00
720000000000000325,710000000000000066,2043642606338904264,325,2026-02-01 19:50:00,2026-02-01 19:52:00
720000000000000326,710000000000000066,2043642606338904265,326,2026-02-01 19:52:00,2026-02-01 19:54:00
720000000000000327,710000000000000066,2043642606338904266,327,2026-02-01 19:54:00,2026-02-01 19:56:00
720000000000000328,710000000000000066,2043642606338904267,328,2026-02-01 19:56:00,2026-02-01 19:58:00
720000000000000329,710000000000000067,2043642606338904268,329,2026-02-01 19:58:00,2026-02-01 20:00:00
720000000000000330,710000000000000067,2043642606338904269,330,2026-02-01 20:00:00,2026-02-01 20:02:00
720000000000000331,710000000000000067,2043642606338904270,331,2026-02-01 20:02:00,2026-02-01 20:04:00
720000000000000332,710000000000000067,2043642606338904271,332,2026-02-01 20:04:00,2026-02-01 20:06:00
720000000000000333,710000000000000067,2043642606338904272,333,2026-02-01 20:06:00,2026-02-01 20:08:00
720000000000000334,710000000000000068,2043642606338904273,334,2026-02-01 20:08:00,2026-02-01 20:10:00
720000000000000335,710000000000000068,2043642606338904274,335,2026-02-01 20:10:00,2026-02-01 20:12:00
720000000000000336,710000000000000068,2043642606338904275,336,2026-02-01 20:12:00,2026-02-01 20:14:00
720000000000000337,710000000000000068,2043642606338904276,337,2026-02-01 20:14:00,2026-02-01 20:16:00
720000000000000338,710000000000000068,2043642606338904277,338,2026-02-01 20:16:00,2026-02-01 20:18:00
720000000000000339,710000000000000069,2043642606338904278,339,2026-02-01 20:18:00,2026-02-01 20:20:00
720000000000000340,710000000000000069,2043642606338904279,340,2026-02-01 20:20:00,2026-02-01 20:22:00
720000000000000341,710000000000000069,2043642606338904280,341,2026-02-01 20:22:00,2026-02-01 20:24:00
720000000000000342,710000000000000069,2043642606338904281,342,2026-02-01 20:24:00,2026-02-01 20:26:00
720000000000000343,710000000000000069,2043642606338904282,343,2026-02-01 20:26:00,2026-02-01 20:28:00
720000000000000344,710000000000000070,2043642606338904283,344,2026-02-01 20:28:00,2026-02-01 20:30:00
720000000000000345,710000000000000070,2043642606338904284,345,2026-02-01 20:30:00,2026-02-01 20:32:00
720000000000000346,710000000000000070,2043642606338904285,346,2026-02-01 20:32:00,2026-02-01 20:34:00
720000000000000347,710000000000000070,2043642606338904286,347,2026-02-01 20:34:00,2026-02-01 20:36:00
720000000000000348,710000000000000070,2043642606338904287,348,2026-02-01 20:36:00,2026-02-01 20:38:00
720000000000000349,710000000000000071,2043642606338904288,349,2026-02-01 20:38:00,2026-02-01 20:40:00
720000000000000350,710000000000000071,2043642606338904289,350,2026-02-01 20:40:00,2026-02-01 20:42:00
720000000000000351,710000000000000071,2043642606338904290,351,2026-02-01 20:42:00,2026-02-01 20:44:00
720000000000000352,710000000000000071,2043642606338904291,352,2026-02-01 20:44:00,2026-02-01 20:46:00
720000000000000353,710000000000000071,2043642606338904292,353,2026-02-01 20:46:00,2026-02-01 20:48:00
720000000000000354,710000000000000072,2043642606338904293,354,2026-02-01 20:48:00,2026-02-01 20:50:00
720000000000000355,710000000000000072,2043642606338904294,355,2026-02-01 20:50:00,2026-02-01 20:52:00
720000000000000356,710000000000000072,2043642606338904295,356,2026-02-01 20:52:00,2026-02-01 20:54:00
720000000000000357,710000000000000072,2043642606338904296,357,2026-02-01 20:54:00,2026-02-01 20:56:00
720000000000000358,710000000000000072,2043642606338904297,358,2026-02-01 20:56:00,2026-02-01 20:58:00
720000000000000359,710000000000000073,2043642606338904298,359,2026-02-01 20:58:00,2026-02-01 21:00:00
720000000000000360,710000000000000073,2043642606338904299,360,2026-02-01 21:00:00,2026-02-01 21:02:00
720000000000000361,710000000000000073,2043642606338904300,361,2026-02-01 21:02:00,2026-02-01 21:04:00
720000000000000362,710000000000000073,2043642606338904301,362,2026-02-01 21:04:00,2026-02-01 21:06:00
720000000000000363,710000000000000073,2043642606338904302,363,2026-02-01 21:06:00,2026-02-01 21:08:00
720000000000000364,710000000000000074,2043642606338904303,364,2026-02-01 21:08:00,2026-02-01 21:10:00
720000000000000365,710000000000000074,2043642606338904304,365,2026-02-01 21:10:00,2026-02-01 21:12:00
720000000000000366,710000000000000074,2043642606338904305,366,2026-02-01 21:12:00,2026-02-01 21:14:00
720000000000000367,710000000000000074,2043642606338904306,367,2026-02-01 21:14:00,2026-02-01 21:16:00
720000000000000368,710000000000000074,2043642606338904307,368,2026-02-01 21:16:00,2026-02-01 21:18:00
720000000000000369,710000000000000075,2043642606338904308,369,2026-02-01 21:18:00,2026-02-01 21:20:00
720000000000000370,710000000000000075,2043642606338904309,370,2026-02-01 21:20:00,2026-02-01 21:22:00
720000000000000371,710000000000000075,2043642606338904310,371,2026-02-01 21:22:00,2026-02-01 21:24:00
720000000000000372,710000000000000075,2043642606338904311,372,2026-02-01 21:24:00,2026-02-01 21:26:00
720000000000000373,710000000000000075,2043642606338904312,373,2026-02-01 21:26:00,2026-02-01 21:28:00
720000000000000374,710000000000000076,2043642606338904313,374,2026-02-01 21:28:00,2026-02-01 21:30:00
720000000000000375,710000000000000076,2043642606338904314,375,2026-02-01 21:30:00,2026-02-01 21:32:00
720000000000000376,710000000000000076,2043642606338904315,376,2026-02-01 21:32:00,2026-02-01 21:34:00
720000000000000377,710000000000000076,2043642606338904316,377,2026-02-01 21:34:00,2026-02-01 21:36:00
720000000000000378,710000000000000076,2043642606338904317,378,2026-02-01 21:36:00,2026-02-01 21:38:00
720000000000000379,710000000000000077,2043642606338904318,379,2026-02-01 21:38:00,2026-02-01 21:40:00
720000000000000380,710000000000000077,2043642606338904319,380,2026-02-01 21:40:00,2026-02-01 21:42:00
720000000000000381,710000000000000077,2043642606338904320,381,2026-02-01 21:42:00,2026-02-01 21:44:00
720000000000000382,710000000000000077,2043642606338904321,382,2026-02-01 21:44:00,2026-02-01 21:46:00
720000000000000383,710000000000000077,2043642606338904322,383,2026-02-01 21:46:00,2026-02-01 21:48:00
720000000000000384,710000000000000078,2043642606338904323,384,2026-02-01 21:48:00,2026-02-01 21:50:00
720000000000000385,710000000000000078,2043642606338904324,385,2026-02-01 21:50:00,2026-02-01 21:52:00
720000000000000386,710000000000000078,2043642606338904325,386,2026-02-01 21:52:00,2026-02-01 21:54:00
720000000000000387,710000000000000078,2043642606338904326,387,2026-02-01 21:54:00,2026-02-01 21:56:00
720000000000000388,710000000000000078,2043642606338904327,388,2026-02-01 21:56:00,2026-02-01 21:58:00
720000000000000389,710000000000000079,2043642606338904328,389,2026-02-01 21:58:00,2026-02-01 22:00:00
720000000000000390,710000000000000079,2043642606338904329,390,2026-02-01 22:00:00,2026-02-01 22:02:00
720000000000000391,710000000000000079,2043642606338904330,391,2026-02-01 22:02:00,2026-02-01 22:04:00
720000000000000392,710000000000000079,2043642606338904331,392,2026-02-01 22:04:00,2026-02-01 22:06:00
720000000000000393,710000000000000079,2043642606338904332,393,2026-02-01 22:06:00,2026-02-01 22:08:00
720000000000000394,710000000000000080,2043642606338904333,394,2026-02-01 22:08:00,2026-02-01 22:10:00
720000000000000395,710000000000000080,2043642606338904334,395,2026-02-01 22:10:00,2026-02-01 22:12:00
720000000000000396,710000000000000080,2043642606338904335,396,2026-02-01 22:12:00,2026-02-01 22:14:00
720000000000000397,710000000000000080,2043642606338904336,397,2026-02-01 22:14:00,2026-02-01 22:16:00
720000000000000398,710000000000000080,2043642606338904337,398,2026-02-01 22:16:00,2026-02-01 22:18:00
720000000000000399,710000000000000081,2043642606338904338,399,2026-02-01 22:18:00,2026-02-01 22:20:00
720000000000000400,710000000000000081,2043642606338904339,400,2026-02-01 22:20:00,2026-02-01 22:22:00
720000000000000401,710000000000000081,2043642606338904340,401,2026-02-01 22:22:00,2026-02-01 22:24:00
720000000000000402,710000000000000081,2043642606338904341,402,2026-02-01 22:24:00,2026-02-01 22:26:00
720000000000000403,710000000000000081,2043642606338904342,403,2026-02-01 22:26:00,2026-02-01 22:28:00
720000000000000404,710000000000000082,2043642606338904343,404,2026-02-01 22:28:00,2026-02-01 22:30:00
720000000000000405,710000000000000082,2043642606338904344,405,2026-02-01 22:30:00,2026-02-01 22:32:00
720000000000000406,710000000000000082,2043642606338904345,406,2026-02-01 22:32:00,2026-02-01 22:34:00
720000000000000407,710000000000000082,2043642606338904346,407,2026-02-01 22:34:00,2026-02-01 22:36:00
720000000000000408,710000000000000082,2043642606338904347,408,2026-02-01 22:36:00,2026-02-01 22:38:00
720000000000000409,710000000000000083,2043642606338904348,409,2026-02-01 22:38:00,2026-02-01 22:40:00
720000000000000410,710000000000000083,2043642606338904349,410,2026-02-01 22:40:00,2026-02-01 22:42:00
720000000000000411,710000000000000083,2043642606338904350,411,2026-02-01 22:42:00,2026-02-01 22:44:00
720000000000000412,710000000000000083,2043642606338904351,412,2026-02-01 22:44:00,2026-02-01 22:46:00
720000000000000413,710000000000000083,2043642606338904352,413,2026-02-01 22:46:00,2026-02-01 22:48:00
720000000000000414,710000000000000084,2043642606338904353,414,2026-02-01 22:48:00,2026-02-01 22:50:00
720000000000000415,710000000000000084,2043642606338904354,415,2026-02-01 22:50:00,2026-02-01 22:52:00
720000000000000416,710000000000000084,2043642606338904355,416,2026-02-01 22:52:00,2026-02-01 22:54:00
720000000000000417,710000000000000084,2043642606338904356,417,2026-02-01 22:54:00,2026-02-01 22:56:00
720000000000000418,710000000000000084,2043642606338904357,418,2026-02-01 22:56:00,2026-02-01 22:58:00
720000000000000419,710000000000000085,2043642606338904358,419,2026-02-01 22:58:00,2026-02-01 23:00:00
720000000000000420,710000000000000085,2043642606338904359,420,2026-02-01 23:00:00,2026-02-01 23:02:00
720000000000000421,710000000000000085,2043642606338904360,421,2026-02-01 23:02:00,2026-02-01 23:04:00
720000000000000422,710000000000000085,2043642606338904361,422,2026-02-01 23:04:00,2026-02-01 23:06:00
720000000000000423,710000000000000085,2043642606338904362,423,2026-02-01 23:06:00,2026-02-01 23:08:00
720000000000000424,710000000000000086,2043642606338904363,424,2026-02-01 23:08:00,2026-02-01 23:10:00
720000000000000425,710000000000000086,2043642606338904364,425,2026-02-01 23:10:00,2026-02-01 23:12:00
720000000000000426,710000000000000086,2043642606338904365,426,2026-02-01 23:12:00,2026-02-01 23:14:00
720000000000000427,710000000000000086,2043642606338904366,427,2026-02-01 23:14:00,2026-02-01 23:16:00
720000000000000428,710000000000000086,2043642606338904367,428,2026-02-01 23:16:00,2026-02-01 23:18:00
720000000000000429,710000000000000087,2043642606338904368,429,2026-02-01 23:18:00,2026-02-01 23:20:00
720000000000000430,710000000000000087,2043642606338904369,430,2026-02-01 23:20:00,2026-02-01 23:22:00
720000000000000431,710000000000000087,2043642606338904370,431,2026-02-01 23:22:00,2026-02-01 23:24:00
720000000000000432,710000000000000087,2043642606338904371,432,2026-02-01 23:24:00,2026-02-01 23:26:00
720000000000000433,710000000000000087,2043642606338904372,433,2026-02-01 23:26:00,2026-02-01 23:28:00
720000000000000434,710000000000000088,2043642606338904373,434,2026-02-01 23:28:00,2026-02-01 23:30:00
720000000000000435,710000000000000088,2043642606338904374,435,2026-02-01 23:30:00,2026-02-01 23:32:00
720000000000000436,710000000000000088,2043642606338904375,436,2026-02-01 23:32:00,2026-02-01 23:34:00
720000000000000437,710000000000000088,2043642606338904376,437,2026-02-01 23:34:00,2026-02-01 23:36:00
720000000000000438,710000000000000088,2043642606338904377,438,2026-02-01 23:36:00,2026-02-01 23:38:00
720000000000000439,710000000000000089,2043642606338904378,439,2026-02-01 23:38:00,2026-02-01 23:40:00
720000000000000440,710000000000000089,2043642606338904379,440,2026-02-01 23:40:00,2026-02-01 23:42:00
720000000000000441,710000000000000089,2043642606338904380,441,2026-02-01 23:42:00,2026-02-01 23:44:00
720000000000000442,710000000000000089,2043642606338904381,442,2026-02-01 23:44:00,2026-02-01 23:46:00
720000000000000443,710000000000000089,2043642606338904382,443,2026-02-01 23:46:00,2026-02-01 23:48:00
720000000000000444,710000000000000090,2043642606338904383,444,2026-02-01 23:48:00,2026-02-01 23:50:00
720000000000000445,710000000000000090,2043642606338904384,445,2026-02-01 23:50:00,2026-02-01 23:52:00
720000000000000446,710000000000000090,2043642606338904385,446,2026-02-01 23:52:00,2026-02-01 23:54:00
720000000000000447,710000000000000090,2043642606338904386,447,2026-02-01 23:54:00,2026-02-01 23:56:00
720000000000000448,710000000000000090,2043642606338904387,448,2026-02-01 23:56:00,2026-02-01 23:58:00
720000000000000449,710000000000000091,2043642606338904388,449,2026-02-01 23:58:00,2026-02-02 00:00:00
720000000000000450,710000000000000091,2043642606338904389,450,2026-02-02 00:00:00,2026-02-02 00:02:00
720000000000000451,710000000000000091,2043642606338904390,451,2026-02-02 00:02:00,2026-02-02 00:04:00
720000000000000452,710000000000000091,2043642606338904391,452,2026-02-02 00:04:00,2026-02-02 00:06:00
720000000000000453,710000000000000091,2043642606338904392,453,2026-02-02 00:06:00,2026-02-02 00:08:00
720000000000000454,710000000000000092,2043642606338904393,454,2026-02-02 00:08:00,2026-02-02 00:10:00
720000000000000455,710000000000000092,2043642606338904394,455,2026-02-02 00:10:00,2026-02-02 00:12:00
720000000000000456,710000000000000092,2043642606338904395,456,2026-02-02 00:12:00,2026-02-02 00:14:00
720000000000000457,710000000000000092,2043642606338904396,457,2026-02-02 00:14:00,2026-02-02 00:16:00
720000000000000458,710000000000000092,2043642606338904397,458,2026-02-02 00:16:00,2026-02-02 00:18:00
720000000000000459,710000000000000093,2043642606338904398,459,2026-02-02 00:18:00,2026-02-02 00:20:00
720000000000000460,710000000000000093,2043642606338904399,460,2026-02-02 00:20:00,2026-02-02 00:22:00
720000000000000461,710000000000000093,2043642606338904400,461,2026-02-02 00:22:00,2026-02-02 00:24:00
720000000000000462,710000000000000093,2043642606338904401,462,2026-02-02 00:24:00,2026-02-02 00:26:00
720000000000000463,710000000000000093,2043642606338904402,463,2026-02-02 00:26:00,2026-02-02 00:28:00
720000000000000464,710000000000000094,2043642606338904403,464,2026-02-02 00:28:00,2026-02-02 00:30:00
720000000000000465,710000000000000094,2043642606338904404,465,2026-02-02 00:30:00,2026-02-02 00:32:00
720000000000000466,710000000000000094,2043642606338904405,466,2026-02-02 00:32:00,2026-02-02 00:34:00
720000000000000467,710000000000000094,2043642606338904406,467,2026-02-02 00:34:00,2026-02-02 00:36:00
720000000000000468,710000000000000094,2043642606338904407,468,2026-02-02 00:36:00,2026-02-02 00:38:00
720000000000000469,710000000000000095,2043642606338904408,469,2026-02-02 00:38:00,2026-02-02 00:40:00
720000000000000470,710000000000000095,2043642606338904409,470,2026-02-02 00:40:00,2026-02-02 00:42:00
720000000000000471,710000000000000095,2043642606338904410,471,2026-02-02 00:42:00,2026-02-02 00:44:00
720000000000000472,710000000000000095,2043642606338904411,472,2026-02-02 00:44:00,2026-02-02 00:46:00
720000000000000473,710000000000000095,2043642606338904412,473,2026-02-02 00:46:00,2026-02-02 00:48:00
720000000000000474,710000000000000096,2043642606338904413,474,2026-02-02 00:48:00,2026-02-02 00:50:00
720000000000000475,710000000000000096,2043642606338904414,475,2026-02-02 00:50:00,2026-02-02 00:52:00
720000000000000476,710000000000000096,2043642606338904415,476,2026-02-02 00:52:00,2026-02-02 00:54:00
720000000000000477,710000000000000096,2043642606338904416,477,2026-02-02 00:54:00,2026-02-02 00:56:00
720000000000000478,710000000000000096,2043642606338904417,478,2026-02-02 00:56:00,2026-02-02 00:58:00
720000000000000479,710000000000000097,2043642606338904418,479,2026-02-02 00:58:00,2026-02-02 01:00:00
720000000000000480,710000000000000097,2043642606338904419,480,2026-02-02 01:00:00,2026-02-02 01:02:00
720000000000000481,710000000000000097,2043642606338904420,481,2026-02-02 01:02:00,2026-02-02 01:04:00
720000000000000482,710000000000000097,2043642606338904421,482,2026-02-02 01:04:00,2026-02-02 01:06:00
720000000000000483,710000000000000097,2043642606338904422,483,2026-02-02 01:06:00,2026-02-02 01:08:00
720000000000000484,710000000000000098,2043642606338904423,484,2026-02-02 01:08:00,2026-02-02 01:10:00
720000000000000485,710000000000000098,2043642606338904424,485,2026-02-02 01:10:00,2026-02-02 01:12:00
720000000000000486,710000000000000098,2043642606338904425,486,2026-02-02 01:12:00,2026-02-02 01:14:00
720000000000000487,710000000000000098,2043642606338904426,487,2026-02-02 01:14:00,2026-02-02 01:16:00
720000000000000488,710000000000000098,2043642606338904427,488,2026-02-02 01:16:00,2026-02-02 01:18:00
720000000000000489,710000000000000099,2043642606338904428,489,2026-02-02 01:18:00,2026-02-02 01:20:00
720000000000000490,710000000000000099,2043642606338904429,490,2026-02-02 01:20:00,2026-02-02 01:22:00
720000000000000491,710000000000000099,2043642606338904430,491,2026-02-02 01:22:00,2026-02-02 01:24:00
720000000000000492,710000000000000099,2043642606338904431,492,2026-02-02 01:24:00,2026-02-02 01:26:00
720000000000000493,710000000000000099,2043642606338904432,493,2026-02-02 01:26:00,2026-02-02 01:28:00
720000000000000494,710000000000000100,2043642606338904433,494,2026-02-02 01:28:00,2026-02-02 01:30:00
720000000000000495,710000000000000100,2043642606338904434,495,2026-02-02 01:30:00,2026-02-02 01:32:00
720000000000000496,710000000000000100,2043642606338904435,496,2026-02-02 01:32:00,2026-02-02 01:34:00
720000000000000497,710000000000000100,2043642606338904436,497,2026-02-02 01:34:00,2026-02-02 01:36:00
720000000000000498,710000000000000100,2043642606338904437,498,2026-02-02 01:36:00,2026-02-02 01:38:00
720000000000000499,710000000000000101,2043642606338904438,499,2026-02-02 01:38:00,2026-02-02 01:40:00
720000000000000500,710000000000000101,2043642606338904439,500,2026-02-02 01:40:00,2026-02-02 01:42:00
720000000000000501,710000000000000101,2043642606338904440,501,2026-02-02 01:42:00,2026-02-02 01:44:00
720000000000000502,710000000000000101,2043642606338904441,502,2026-02-02 01:44:00,2026-02-02 01:46:00
720000000000000503,710000000000000101,2043642606338904442,503,2026-02-02 01:46:00,2026-02-02 01:48:00
720000000000000504,710000000000000102,2043642606338904443,504,2026-02-02 01:48:00,2026-02-02 01:50:00
720000000000000505,710000000000000102,2043642606338904444,505,2026-02-02 01:50:00,2026-02-02 01:52:00
720000000000000506,710000000000000102,2043642606338904445,506,2026-02-02 01:52:00,2026-02-02 01:54:00
720000000000000507,710000000000000102,2043642606338904446,507,2026-02-02 01:54:00,2026-02-02 01:56:00
720000000000000508,710000000000000102,2043642606338904447,508,2026-02-02 01:56:00,2026-02-02 01:58:00
720000000000000509,710000000000000103,2043642606338904448,509,2026-02-02 01:58:00,2026-02-02 02:00:00
720000000000000510,710000000000000103,2043642606338904449,510,2026-02-02 02:00:00,2026-02-02 02:02:00
720000000000000511,710000000000000103,2043642606338904450,511,2026-02-02 02:02:00,2026-02-02 02:04:00
720000000000000512,710000000000000103,2043642606338904451,512,2026-02-02 02:04:00,2026-02-02 02:06:00
720000000000000513,710000000000000103,2043642606338904452,513,2026-02-02 02:06:00,2026-02-02 02:08:00
720000000000000514,710000000000000104,2043642606338904453,514,2026-02-02 02:08:00,2026-02-02 02:10:00
720000000000000515,710000000000000104,2043642606338904454,515,2026-02-02 02:10:00,2026-02-02 02:12:00
720000000000000516,710000000000000104,2043642606338904455,516,2026-02-02 02:12:00,2026-02-02 02:14:00
720000000000000517,710000000000000104,2043642606338904456,517,2026-02-02 02:14:00,2026-02-02 02:16:00
720000000000000518,710000000000000104,2043642606338904457,518,2026-02-02 02:16:00,2026-02-02 02:18:00
720000000000000519,710000000000000105,2043642606338904458,519,2026-02-02 02:18:00,2026-02-02 02:20:00
720000000000000520,710000000000000105,2043642606338904459,520,2026-02-02 02:20:00,2026-02-02 02:22:00
720000000000000521,710000000000000105,2043642606338904200,521,2026-02-02 02:22:00,2026-02-02 02:24:00
720000000000000522,710000000000000105,2043642606338904201,522,2026-02-02 02:24:00,2026-02-02 02:26:00
720000000000000523,710000000000000105,2043642606338904202,523,2026-02-02 02:26:00,2026-02-02 02:28:00
720000000000000524,710000000000000106,2043642606338904203,524,2026-02-02 02:28:00,2026-02-02 02:30:00
720000000000000525,710000000000000106,2043642606338904204,525,2026-02-02 02:30:00,2026-02-02 02:32:00
720000000000000526,710000000000000106,2043642606338904205,526,2026-02-02 02:32:00,2026-02-02 02:34:00
720000000000000527,710000000000000106,2043642606338904206,527,2026-02-02 02:34:00,2026-02-02 02:36:00
720000000000000528,710000000000000106,2043642606338904207,528,2026-02-02 02:36:00,2026-02-02 02:38:00
720000000000000529,710000000000000107,2043642606338904208,529,2026-02-02 02:38:00,2026-02-02 02:40:00
720000000000000530,710000000000000107,2043642606338904209,530,2026-02-02 02:40:00,2026-02-02 02:42:00
720000000000000531,710000000000000107,2043642606338904210,531,2026-02-02 02:42:00,2026-02-02 02:44:00
720000000000000532,710000000000000107,2043642606338904211,532,2026-02-02 02:44:00,2026-02-02 02:46:00
720000000000000533,710000000000000107,2043642606338904212,533,2026-02-02 02:46:00,2026-02-02 02:48:00
720000000000000534,710000000000000108,2043642606338904213,534,2026-02-02 02:48:00,2026-02-02 02:50:00
720000000000000535,710000000000000108,2043642606338904214,535,2026-02-02 02:50:00,2026-02-02 02:52:00
720000000000000536,710000000000000108,2043642606338904215,536,2026-02-02 02:52:00,2026-02-02 02:54:00
720000000000000537,710000000000000108,2043642606338904216,537,2026-02-02 02:54:00,2026-02-02 02:56:00
720000000000000538,710000000000000108,2043642606338904217,538,2026-02-02 02:56:00,2026-02-02 02:58:00
720000000000000539,710000000000000109,2043642606338904218,539,2026-02-02 02:58:00,2026-02-02 03:00:00
720000000000000540,710000000000000109,2043642606338904219,540,2026-02-02 03:00:00,2026-02-02 03:02:00
720000000000000541,710000000000000109,2043642606338904220,541,2026-02-02 03:02:00,2026-02-02 03:04:00
720000000000000542,710000000000000109,2043642606338904221,542,2026-02-02 03:04:00,2026-02-02 03:06:00
720000000000000543,710000000000000109,2043642606338904222,543,2026-02-02 03:06:00,2026-02-02 03:08:00
720000000000000544,710000000000000110,2043642606338904223,544,2026-02-02 03:08:00,2026-02-02 03:10:00
720000000000000545,710000000000000110,2043642606338904224,545,2026-02-02 03:10:00,2026-02-02 03:12:00
720000000000000546,710000000000000110,2043642606338904225,546,2026-02-02 03:12:00,2026-02-02 03:14:00
720000000000000547,710000000000000110,2043642606338904226,547,2026-02-02 03:14:00,2026-02-02 03:16:00
720000000000000548,710000000000000110,2043642606338904227,548,2026-02-02 03:16:00,2026-02-02 03:18:00
720000000000000549,710000000000000111,2043642606338904228,549,2026-02-02 03:18:00,2026-02-02 03:20:00
720000000000000550,710000000000000111,2043642606338904229,550,2026-02-02 03:20:00,2026-02-02 03:22:00
720000000000000551,710000000000000111,2043642606338904230,551,2026-02-02 03:22:00,2026-02-02 03:24:00
720000000000000552,710000000000000111,2043642606338904231,552,2026-02-02 03:24:00,2026-02-02 03:26:00
720000000000000553,710000000000000111,2043642606338904232,553,2026-02-02 03:26:00,2026-02-02 03:28:00
720000000000000554,710000000000000112,2043642606338904233,554,2026-02-02 03:28:00,2026-02-02 03:30:00
720000000000000555,710000000000000112,2043642606338904234,555,2026-02-02 03:30:00,2026-02-02 03:32:00
720000000000000556,710000000000000112,2043642606338904235,556,2026-02-02 03:32:00,2026-02-02 03:34:00
720000000000000557,710000000000000112,2043642606338904236,557,2026-02-02 03:34:00,2026-02-02 03:36:00
720000000000000558,710000000000000112,2043642606338904237,558,2026-02-02 03:36:00,2026-02-02 03:38:00
720000000000000559,710000000000000113,2043642606338904238,559,2026-02-02 03:38:00,2026-02-02 03:40:00
720000000000000560,710000000000000113,2043642606338904239,560,2026-02-02 03:40:00,2026-02-02 03:42:00
720000000000000561,710000000000000113,2043642606338904240,561,2026-02-02 03:42:00,2026-02-02 03:44:00
720000000000000562,710000000000000113,2043642606338904241,562,2026-02-02 03:44:00,2026-02-02 03:46:00
720000000000000563,710000000000000113,2043642606338904242,563,2026-02-02 03:46:00,2026-02-02 03:48:00
720000000000000564,710000000000000114,2043642606338904243,564,2026-02-02 03:48:00,2026-02-02 03:50:00
720000000000000565,710000000000000114,2043642606338904244,565,2026-02-02 03:50:00,2026-02-02 03:52:00
720000000000000566,710000000000000114,2043642606338904245,566,2026-02-02 03:52:00,2026-02-02 03:54:00
720000000000000567,710000000000000114,2043642606338904246,567,2026-02-02 03:54:00,2026-02-02 03:56:00
720000000000000568,710000000000000114,2043642606338904247,568,2026-02-02 03:56:00,2026-02-02 03:58:00
720000000000000569,710000000000000115,2043642606338904248,569,2026-02-02 03:58:00,2026-02-02 04:00:00
720000000000000570,710000000000000115,2043642606338904249,570,2026-02-02 04:00:00,2026-02-02 04:02:00
720000000000000571,710000000000000115,2043642606338904250,571,2026-02-02 04:02:00,2026-02-02 04:04:00
720000000000000572,710000000000000115,2043642606338904251,572,2026-02-02 04:04:00,2026-02-02 04:06:00
720000000000000573,710000000000000115,2043642606338904252,573,2026-02-02 04:06:00,2026-02-02 04:08:00
720000000000000574,710000000000000116,2043642606338904253,574,2026-02-02 04:08:00,2026-02-02 04:10:00
720000000000000575,710000000000000116,2043642606338904254,575,2026-02-02 04:10:00,2026-02-02 04:12:00
720000000000000576,710000000000000116,2043642606338904255,576,2026-02-02 04:12:00,2026-02-02 04:14:00
720000000000000577,710000000000000116,2043642606338904256,577,2026-02-02 04:14:00,2026-02-02 04:16:00
720000000000000578,710000000000000116,2043642606338904257,578,2026-02-02 04:16:00,2026-02-02 04:18:00
720000000000000579,710000000000000117,2043642606338904258,579,2026-02-02 04:18:00,2026-02-02 04:20:00
720000000000000580,710000000000000117,2043642606338904259,580,2026-02-02 04:20:00,2026-02-02 04:22:00
720000000000000581,710000000000000117,2043642606338904260,581,2026-02-02 04:22:00,2026-02-02 04:24:00
720000000000000582,710000000000000117,2043642606338904261,582,2026-02-02 04:24:00,2026-02-02 04:26:00
720000000000000583,710000000000000117,2043642606338904262,583,2026-02-02 04:26:00,2026-02-02 04:28:00
720000000000000584,710000000000000118,2043642606338904263,584,2026-02-02 04:28:00,2026-02-02 04:30:00
720000000000000585,710000000000000118,2043642606338904264,585,2026-02-02 04:30:00,2026-02-02 04:32:00
720000000000000586,710000000000000118,2043642606338904265,586,2026-02-02 04:32:00,2026-02-02 04:34:00
720000000000000587,710000000000000118,2043642606338904266,587,2026-02-02 04:34:00,2026-02-02 04:36:00
720000000000000588,710000000000000118,2043642606338904267,588,2026-02-02 04:36:00,2026-02-02 04:38:00
720000000000000589,710000000000000119,2043642606338904268,589,2026-02-02 04:38:00,2026-02-02 04:40:00
720000000000000590,710000000000000119,2043642606338904269,590,2026-02-02 04:40:00,2026-02-02 04:42:00
720000000000000591,710000000000000119,2043642606338904270,591,2026-02-02 04:42:00,2026-02-02 04:44:00
720000000000000592,710000000000000119,2043642606338904271,592,2026-02-02 04:44:00,2026-02-02 04:46:00
720000000000000593,710000000000000119,2043642606338904272,593,2026-02-02 04:46:00,2026-02-02 04:48:00
720000000000000594,710000000000000120,2043642606338904273,594,2026-02-02 04:48:00,2026-02-02 04:50:00
720000000000000595,710000000000000120,2043642606338904274,595,2026-02-02 04:50:00,2026-02-02 04:52:00
720000000000000596,710000000000000120,2043642606338904275,596,2026-02-02 04:52:00,2026-02-02 04:54:00
720000000000000597,710000000000000120,2043642606338904276,597,2026-02-02 04:54:00,2026-02-02 04:56:00
720000000000000598,710000000000000120,2043642606338904277,598,2026-02-02 04:56:00,2026-02-02 04:58:00
720000000000000599,710000000000000121,2043642606338904278,599,2026-02-02 04:58:00,2026-02-02 05:00:00
720000000000000600,710000000000000121,2043642606338904279,600,2026-02-02 05:00:00,2026-02-02 05:02:00
720000000000000601,710000000000000121,2043642606338904280,601,2026-02-02 05:02:00,2026-02-02 05:04:00
720000000000000602,710000000000000121,2043642606338904281,602,2026-02-02 05:04:00,2026-02-02 05:06:00
720000000000000603,710000000000000121,2043642606338904282,603,2026-02-02 05:06:00,2026-02-02 05:08:00
720000000000000604,710000000000000122,2043642606338904283,604,2026-02-02 05:08:00,2026-02-02 05:10:00
720000000000000605,710000000000000122,2043642606338904284,605,2026-02-02 05:10:00,2026-02-02 05:12:00
720000000000000606,710000000000000122,2043642606338904285,606,2026-02-02 05:12:00,2026-02-02 05:14:00
720000000000000607,710000000000000122,2043642606338904286,607,2026-02-02 05:14:00,2026-02-02 05:16:00
720000000000000608,710000000000000122,2043642606338904287,608,2026-02-02 05:16:00,2026-02-02 05:18:00
720000000000000609,710000000000000123,2043642606338904288,609,2026-02-02 05:18:00,2026-02-02 05:20:00
720000000000000610,710000000000000123,2043642606338904289,610,2026-02-02 05:20:00,2026-02-02 05:22:00
720000000000000611,710000000000000123,2043642606338904290,611,2026-02-02 05:22:00,2026-02-02 05:24:00
720000000000000612,710000000000000123,2043642606338904291,612,2026-02-02 05:24:00,2026-02-02 05:26:00
720000000000000613,710000000000000123,2043642606338904292,613,2026-02-02 05:26:00,2026-02-02 05:28:00
720000000000000614,710000000000000124,2043642606338904293,614,2026-02-02 05:28:00,2026-02-02 05:30:00
720000000000000615,710000000000000124,2043642606338904294,615,2026-02-02 05:30:00,2026-02-02 05:32:00
720000000000000616,710000000000000124,2043642606338904295,616,2026-02-02 05:32:00,2026-02-02 05:34:00
720000000000000617,710000000000000124,2043642606338904296,617,2026-02-02 05:34:00,2026-02-02 05:36:00
720000000000000618,710000000000000124,2043642606338904297,618,2026-02-02 05:36:00,2026-02-02 05:38:00
720000000000000619,710000000000000125,2043642606338904298,619,2026-02-02 05:38:00,2026-02-02 05:40:00
720000000000000620,710000000000000125,2043642606338904299,620,2026-02-02 05:40:00,2026-02-02 05:42:00
720000000000000621,710000000000000125,2043642606338904300,621,2026-02-02 05:42:00,2026-02-02 05:44:00
720000000000000622,710000000000000125,2043642606338904301,622,2026-02-02 05:44:00,2026-02-02 05:46:00
720000000000000623,710000000000000125,2043642606338904302,623,2026-02-02 05:46:00,2026-02-02 05:48:00
720000000000000624,710000000000000126,2043642606338904303,624,2026-02-02 05:48:00,2026-02-02 05:50:00
720000000000000625,710000000000000126,2043642606338904304,625,2026-02-02 05:50:00,2026-02-02 05:52:00
720000000000000626,710000000000000126,2043642606338904305,626,2026-02-02 05:52:00,2026-02-02 05:54:00
720000000000000627,710000000000000126,2043642606338904306,627,2026-02-02 05:54:00,2026-02-02 05:56:00
720000000000000628,710000000000000126,2043642606338904307,628,2026-02-02 05:56:00,2026-02-02 05:58:00
720000000000000629,710000000000000127,2043642606338904308,629,2026-02-02 05:58:00,2026-02-02 06:00:00
720000000000000630,710000000000000127,2043642606338904309,630,2026-02-02 06:00:00,2026-02-02 06:02:00
720000000000000631,710000000000000127,2043642606338904310,631,2026-02-02 06:02:00,2026-02-02 06:04:00
720000000000000632,710000000000000127,2043642606338904311,632,2026-02-02 06:04:00,2026-02-02 06:06:00
720000000000000633,710000000000000127,2043642606338904312,633,2026-02-02 06:06:00,2026-02-02 06:08:00
720000000000000634,710000000000000128,2043642606338904313,634,2026-02-02 06:08:00,2026-02-02 06:10:00
720000000000000635,710000000000000128,2043642606338904314,635,2026-02-02 06:10:00,2026-02-02 06:12:00
720000000000000636,710000000000000128,2043642606338904315,636,2026-02-02 06:12:00,2026-02-02 06:14:00
720000000000000637,710000000000000128,2043642606338904316,637,2026-02-02 06:14:00,2026-02-02 06:16:00
720000000000000638,710000000000000128,2043642606338904317,638,2026-02-02 06:16:00,2026-02-02 06:18:00
720000000000000639,710000000000000129,2043642606338904318,639,2026-02-02 06:18:00,2026-02-02 06:20:00
720000000000000640,710000000000000129,2043642606338904319,640,2026-02-02 06:20:00,2026-02-02 06:22:00
720000000000000641,710000000000000129,2043642606338904320,641,2026-02-02 06:22:00,2026-02-02 06:24:00
720000000000000642,710000000000000129,2043642606338904321,642,2026-02-02 06:24:00,2026-02-02 06:26:00
720000000000000643,710000000000000129,2043642606338904322,643,2026-02-02 06:26:00,2026-02-02 06:28:00
720000000000000644,710000000000000130,2043642606338904323,644,2026-02-02 06:28:00,2026-02-02 06:30:00
720000000000000645,710000000000000130,2043642606338904324,645,2026-02-02 06:30:00,2026-02-02 06:32:00
720000000000000646,710000000000000130,2043642606338904325,646,2026-02-02 06:32:00,2026-02-02 06:34:00
720000000000000647,710000000000000130,2043642606338904326,647,2026-02-02 06:34:00,2026-02-02 06:36:00
720000000000000648,710000000000000130,2043642606338904327,648,2026-02-02 06:36:00,2026-02-02 06:38:00
720000000000000649,710000000000000131,2043642606338904328,649,2026-02-02 06:38:00,2026-02-02 06:40:00
720000000000000650,710000000000000131,2043642606338904329,650,2026-02-02 06:40:00,2026-02-02 06:42:00
720000000000000651,710000000000000131,2043642606338904330,651,2026-02-02 06:42:00,2026-02-02 06:44:00
720000000000000652,710000000000000131,2043642606338904331,652,2026-02-02 06:44:00,2026-02-02 06:46:00
720000000000000653,710000000000000131,2043642606338904332,653,2026-02-02 06:46:00,2026-02-02 06:48:00
720000000000000654,710000000000000132,2043642606338904333,654,2026-02-02 06:48:00,2026-02-02 06:50:00
720000000000000655,710000000000000132,2043642606338904334,655,2026-02-02 06:50:00,2026-02-02 06:52:00
720000000000000656,710000000000000132,2043642606338904335,656,2026-02-02 06:52:00,2026-02-02 06:54:00
720000000000000657,710000000000000132,2043642606338904336,657,2026-02-02 06:54:00,2026-02-02 06:56:00
720000000000000658,710000000000000132,2043642606338904337,658,2026-02-02 06:56:00,2026-02-02 06:58:00
720000000000000659,710000000000000133,2043642606338904338,659,2026-02-02 06:58:00,2026-02-02 07:00:00
720000000000000660,710000000000000133,2043642606338904339,660,2026-02-02 07:00:00,2026-02-02 07:02:00
720000000000000661,710000000000000133,2043642606338904340,661,2026-02-02 07:02:00,2026-02-02 07:04:00
720000000000000662,710000000000000133,2043642606338904341,662,2026-02-02 07:04:00,2026-02-02 07:06:00
720000000000000663,710000000000000133,2043642606338904342,663,2026-02-02 07:06:00,2026-02-02 07:08:00
720000000000000664,710000000000000134,2043642606338904343,664,2026-02-02 07:08:00,2026-02-02 07:10:00
720000000000000665,710000000000000134,2043642606338904344,665,2026-02-02 07:10:00,2026-02-02 07:12:00
720000000000000666,710000000000000134,2043642606338904345,666,2026-02-02 07:12:00,2026-02-02 07:14:00
720000000000000667,710000000000000134,2043642606338904346,667,2026-02-02 07:14:00,2026-02-02 07:16:00
720000000000000668,710000000000000134,2043642606338904347,668,2026-02-02 07:16:00,2026-02-02 07:18:00
720000000000000669,710000000000000135,2043642606338904348,669,2026-02-02 07:18:00,2026-02-02 07:20:00
720000000000000670,710000000000000135,2043642606338904349,670,2026-02-02 07:20:00,2026-02-02 07:22:00
720000000000000671,710000000000000135,2043642606338904350,671,2026-02-02 07:22:00,2026-02-02 07:24:00
720000000000000672,710000000000000135,2043642606338904351,672,2026-02-02 07:24:00,2026-02-02 07:26:00
720000000000000673,710000000000000135,2043642606338904352,673,2026-02-02 07:26:00,2026-02-02 07:28:00
720000000000000674,710000000000000136,2043642606338904353,674,2026-02-02 07:28:00,2026-02-02 07:30:00
720000000000000675,710000000000000136,2043642606338904354,675,2026-02-02 07:30:00,2026-02-02 07:32:00
720000000000000676,710000000000000136,2043642606338904355,676,2026-02-02 07:32:00,2026-02-02 07:34:00
720000000000000677,710000000000000136,2043642606338904356,677,2026-02-02 07:34:00,2026-02-02 07:36:00
720000000000000678,710000000000000136,2043642606338904357,678,2026-02-02 07:36:00,2026-02-02 07:38:00
720000000000000679,710000000000000137,2043642606338904358,679,2026-02-02 07:38:00,2026-02-02 07:40:00
720000000000000680,710000000000000137,2043642606338904359,680,2026-02-02 07:40:00,2026-02-02 07:42:00
720000000000000681,710000000000000137,2043642606338904360,681,2026-02-02 07:42:00,2026-02-02 07:44:00
720000000000000682,710000000000000137,2043642606338904361,682,2026-02-02 07:44:00,2026-02-02 07:46:00
720000000000000683,710000000000000137,2043642606338904362,683,2026-02-02 07:46:00,2026-02-02 07:48:00
720000000000000684,710000000000000138,2043642606338904363,684,2026-02-02 07:48:00,2026-02-02 07:50:00
720000000000000685,710000000000000138,2043642606338904364,685,2026-02-02 07:50:00,2026-02-02 07:52:00
720000000000000686,710000000000000138,2043642606338904365,686,2026-02-02 07:52:00,2026-02-02 07:54:00
720000000000000687,710000000000000138,2043642606338904366,687,2026-02-02 07:54:00,2026-02-02 07:56:00
720000000000000688,710000000000000138,2043642606338904367,688,2026-02-02 07:56:00,2026-02-02 07:58:00
720000000000000689,710000000000000139,2043642606338904368,689,2026-02-02 07:58:00,2026-02-02 08:00:00
720000000000000690,710000000000000139,2043642606338904369,690,2026-02-02 08:00:00,2026-02-02 08:02:00
720000000000000691,710000000000000139,2043642606338904370,691,2026-02-02 08:02:00,2026-02-02 08:04:00
720000000000000692,710000000000000139,2043642606338904371,692,2026-02-02 08:04:00,2026-02-02 08:06:00
720000000000000693,710000000000000139,2043642606338904372,693,2026-02-02 08:06:00,2026-02-02 08:08:00
720000000000000694,710000000000000140,2043642606338904373,694,2026-02-02 08:08:00,2026-02-02 08:10:00
720000000000000695,710000000000000140,2043642606338904374,695,2026-02-02 08:10:00,2026-02-02 08:12:00
720000000000000696,710000000000000140,2043642606338904375,696,2026-02-02 08:12:00,2026-02-02 08:14:00
720000000000000697,710000000000000140,2043642606338904376,697,2026-02-02 08:14:00,2026-02-02 08:16:00
720000000000000698,710000000000000140,2043642606338904377,698,2026-02-02 08:16:00,2026-02-02 08:18:00
720000000000000699,710000000000000141,2043642606338904378,699,2026-02-02 08:18:00,2026-02-02 08:20:00
720000000000000700,710000000000000141,2043642606338904379,700,2026-02-02 08:20:00,2026-02-02 08:22:00
720000000000000701,710000000000000141,2043642606338904380,701,2026-02-02 08:22:00,2026-02-02 08:24:00
720000000000000702,710000000000000141,2043642606338904381,702,2026-02-02 08:24:00,2026-02-02 08:26:00
720000000000000703,710000000000000141,2043642606338904382,703,2026-02-02 08:26:00,2026-02-02 08:28:00
720000000000000704,710000000000000142,2043642606338904383,704,2026-02-02 08:28:00,2026-02-02 08:30:00
720000000000000705,710000000000000142,2043642606338904384,705,2026-02-02 08:30:00,2026-02-02 08:32:00
720000000000000706,710000000000000142,2043642606338904385,706,2026-02-02 08:32:00,2026-02-02 08:34:00
720000000000000707,710000000000000142,2043642606338904386,707,2026-02-02 08:34:00,2026-02-02 08:36:00
720000000000000708,710000000000000142,2043642606338904387,708,2026-02-02 08:36:00,2026-02-02 08:38:00
720000000000000709,710000000000000143,2043642606338904388,709,2026-02-02 08:38:00,2026-02-02 08:40:00
720000000000000710,710000000000000143,2043642606338904389,710,2026-02-02 08:40:00,2026-02-02 08:42:00
720000000000000711,710000000000000143,2043642606338904390,711,2026-02-02 08:42:00,2026-02-02 08:44:00
720000000000000712,710000000000000143,2043642606338904391,712,2026-02-02 08:44:00,2026-02-02 08:46:00
720000000000000713,710000000000000143,2043642606338904392,713,2026-02-02 08:46:00,2026-02-02 08:48:00
720000000000000714,710000000000000144,2043642606338904393,714,2026-02-02 08:48:00,2026-02-02 08:50:00
720000000000000715,710000000000000144,2043642606338904394,715,2026-02-02 08:50:00,2026-02-02 08:52:00
720000000000000716,710000000000000144,2043642606338904395,716,2026-02-02 08:52:00,2026-02-02 08:54:00
720000000000000717,710000000000000144,2043642606338904396,717,2026-02-02 08:54:00,2026-02-02 08:56:00
720000000000000718,710000000000000144,2043642606338904397,718,2026-02-02 08:56:00,2026-02-02 08:58:00
720000000000000719,710000000000000145,2043642606338904398,719,2026-02-02 08:58:00,2026-02-02 09:00:00
720000000000000720,710000000000000145,2043642606338904399,720,2026-02-02 09:00:00,2026-02-02 09:02:00
720000000000000721,710000000000000145,2043642606338904400,721,2026-02-02 09:02:00,2026-02-02 09:04:00
720000000000000722,710000000000000145,2043642606338904401,722,2026-02-02 09:04:00,2026-02-02 09:06:00
720000000000000723,710000000000000145,2043642606338904402,723,2026-02-02 09:06:00,2026-02-02 09:08:00
720000000000000724,710000000000000146,2043642606338904403,724,2026-02-02 09:08:00,2026-02-02 09:10:00
720000000000000725,710000000000000146,2043642606338904404,725,2026-02-02 09:10:00,2026-02-02 09:12:00
720000000000000726,710000000000000146,2043642606338904405,726,2026-02-02 09:12:00,2026-02-02 09:14:00
720000000000000727,710000000000000146,2043642606338904406,727,2026-02-02 09:14:00,2026-02-02 09:16:00
720000000000000728,710000000000000146,2043642606338904407,728,2026-02-02 09:16:00,2026-02-02 09:18:00
720000000000000729,710000000000000147,2043642606338904408,729,2026-02-02 09:18:00,2026-02-02 09:20:00
720000000000000730,710000000000000147,2043642606338904409,730,2026-02-02 09:20:00,2026-02-02 09:22:00
720000000000000731,710000000000000147,2043642606338904410,731,2026-02-02 09:22:00,2026-02-02 09:24:00
720000000000000732,710000000000000147,2043642606338904411,732,2026-02-02 09:24:00,2026-02-02 09:26:00
720000000000000733,710000000000000147,2043642606338904412,733,2026-02-02 09:26:00,2026-02-02 09:28:00
720000000000000734,710000000000000148,2043642606338904413,734,2026-02-02 09:28:00,2026-02-02 09:30:00
720000000000000735,710000000000000148,2043642606338904414,735,2026-02-02 09:30:00,2026-02-02 09:32:00
720000000000000736,710000000000000148,2043642606338904415,736,2026-02-02 09:32:00,2026-02-02 09:34:00
720000000000000737,710000000000000148,2043642606338904416,737,2026-02-02 09:34:00,2026-02-02 09:36:00
720000000000000738,710000000000000148,2043642606338904417,738,2026-02-02 09:36:00,2026-02-02 09:38:00
720000000000000739,710000000000000149,2043642606338904418,739,2026-02-02 09:38:00,2026-02-02 09:40:00
720000000000000740,710000000000000149,2043642606338904419,740,2026-02-02 09:40:00,2026-02-02 09:42:00
720000000000000741,710000000000000149,2043642606338904420,741,2026-02-02 09:42:00,2026-02-02 09:44:00
720000000000000742,710000000000000149,2043642606338904421,742,2026-02-02 09:44:00,2026-02-02 09:46:00
720000000000000743,710000000000000149,2043642606338904422,743,2026-02-02 09:46:00,2026-02-02 09:48:00
720000000000000744,710000000000000150,2043642606338904423,744,2026-02-02 09:48:00,2026-02-02 09:50:00
720000000000000745,710000000000000150,2043642606338904424,745,2026-02-02 09:50:00,2026-02-02 09:52:00
720000000000000746,710000000000000150,2043642606338904425,746,2026-02-02 09:52:00,2026-02-02 09:54:00
720000000000000747,710000000000000150,2043642606338904426,747,2026-02-02 09:54:00,2026-02-02 09:56:00
720000000000000748,710000000000000150,2043642606338904427,748,2026-02-02 09:56:00,2026-02-02 09:58:00
720000000000000749,710000000000000151,2043642606338904428,749,2026-02-02 09:58:00,2026-02-02 10:00:00
720000000000000750,710000000000000151,2043642606338904429,750,2026-02-02 10:00:00,2026-02-02 10:02:00
720000000000000751,710000000000000151,2043642606338904430,751,2026-02-02 10:02:00,2026-02-02 10:04:00
720000000000000752,710000000000000151,2043642606338904431,752,2026-02-02 10:04:00,2026-02-02 10:06:00
720000000000000753,710000000000000151,2043642606338904432,753,2026-02-02 10:06:00,2026-02-02 10:08:00
720000000000000754,710000000000000152,2043642606338904433,754,2026-02-02 10:08:00,2026-02-02 10:10:00
720000000000000755,710000000000000152,2043642606338904434,755,2026-02-02 10:10:00,2026-02-02 10:12:00
720000000000000756,710000000000000152,2043642606338904435,756,2026-02-02 10:12:00,2026-02-02 10:14:00
720000000000000757,710000000000000152,2043642606338904436,757,2026-02-02 10:14:00,2026-02-02 10:16:00
720000000000000758,710000000000000152,2043642606338904437,758,2026-02-02 10:16:00,2026-02-02 10:18:00
720000000000000759,710000000000000153,2043642606338904438,759,2026-02-02 10:18:00,2026-02-02 10:20:00
720000000000000760,710000000000000153,2043642606338904439,760,2026-02-02 10:20:00,2026-02-02 10:22:00
720000000000000761,710000000000000153,2043642606338904440,761,2026-02-02 10:22:00,2026-02-02 10:24:00
720000000000000762,710000000000000153,2043642606338904441,762,2026-02-02 10:24:00,2026-02-02 10:26:00
720000000000000763,710000000000000153,2043642606338904442,763,2026-02-02 10:26:00,2026-02-02 10:28:00
720000000000000764,710000000000000154,2043642606338904443,764,2026-02-02 10:28:00,2026-02-02 10:30:00
720000000000000765,710000000000000154,2043642606338904444,765,2026-02-02 10:30:00,2026-02-02 10:32:00
720000000000000766,710000000000000154,2043642606338904445,766,2026-02-02 10:32:00,2026-02-02 10:34:00
720000000000000767,710000000000000154,2043642606338904446,767,2026-02-02 10:34:00,2026-02-02 10:36:00
720000000000000768,710000000000000154,2043642606338904447,768,2026-02-02 10:36:00,2026-02-02 10:38:00
720000000000000769,710000000000000155,2043642606338904448,769,2026-02-02 10:38:00,2026-02-02 10:40:00
720000000000000770,710000000000000155,2043642606338904449,770,2026-02-02 10:40:00,2026-02-02 10:42:00
720000000000000771,710000000000000155,2043642606338904450,771,2026-02-02 10:42:00,2026-02-02 10:44:00
720000000000000772,710000000000000155,2043642606338904451,772,2026-02-02 10:44:00,2026-02-02 10:46:00
720000000000000773,710000000000000155,2043642606338904452,773,2026-02-02 10:46:00,2026-02-02 10:48:00
720000000000000774,710000000000000156,2043642606338904453,774,2026-02-02 10:48:00,2026-02-02 10:50:00
720000000000000775,710000000000000156,2043642606338904454,775,2026-02-02 10:50:00,2026-02-02 10:52:00
720000000000000776,710000000000000156,2043642606338904455,776,2026-02-02 10:52:00,2026-02-02 10:54:00
720000000000000777,710000000000000156,2043642606338904456,777,2026-02-02 10:54:00,2026-02-02 10:56:00
720000000000000778,710000000000000156,2043642606338904457,778,2026-02-02 10:56:00,2026-02-02 10:58:00
720000000000000779,710000000000000157,2043642606338904458,779,2026-02-02 10:58:00,2026-02-02 11:00:00
720000000000000780,710000000000000157,2043642606338904459,780,2026-02-02 11:00:00,2026-02-02 11:02:00
720000000000000781,710000000000000157,2043642606338904200,781,2026-02-02 11:02:00,2026-02-02 11:04:00
720000000000000782,710000000000000157,2043642606338904201,782,2026-02-02 11:04:00,2026-02-02 11:06:00
720000000000000783,710000000000000157,2043642606338904202,783,2026-02-02 11:06:00,2026-02-02 11:08:00
720000000000000784,710000000000000158,2043642606338904203,784,2026-02-02 11:08:00,2026-02-02 11:10:00
720000000000000785,710000000000000158,2043642606338904204,785,2026-02-02 11:10:00,2026-02-02 11:12:00
720000000000000786,710000000000000158,2043642606338904205,786,2026-02-02 11:12:00,2026-02-02 11:14:00
720000000000000787,710000000000000158,2043642606338904206,787,2026-02-02 11:14:00,2026-02-02 11:16:00
720000000000000788,710000000000000158,2043642606338904207,788,2026-02-02 11:16:00,2026-02-02 11:18:00
720000000000000789,710000000000000159,2043642606338904208,789,2026-02-02 11:18:00,2026-02-02 11:20:00
720000000000000790,710000000000000159,2043642606338904209,790,2026-02-02 11:20:00,2026-02-02 11:22:00
720000000000000791,710000000000000159,2043642606338904210,791,2026-02-02 11:22:00,2026-02-02 11:24:00
720000000000000792,710000000000000159,2043642606338904211,792,2026-02-02 11:24:00,2026-02-02 11:26:00
720000000000000793,710000000000000159,2043642606338904212,793,2026-02-02 11:26:00,2026-02-02 11:28:00
720000000000000794,710000000000000160,2043642606338904213,794,2026-02-02 11:28:00,2026-02-02 11:30:00
720000000000000795,710000000000000160,2043642606338904214,795,2026-02-02 11:30:00,2026-02-02 11:32:00
720000000000000796,710000000000000160,2043642606338904215,796,2026-02-02 11:32:00,2026-02-02 11:34:00
720000000000000797,710000000000000160,2043642606338904216,797,2026-02-02 11:34:00,2026-02-02 11:36:00
720000000000000798,710000000000000160,2043642606338904217,798,2026-02-02 11:36:00,2026-02-02 11:38:00
720000000000000799,710000000000000161,2043642606338904218,799,2026-02-02 11:38:00,2026-02-02 11:40:00
720000000000000800,710000000000000161,2043642606338904219,800,2026-02-02 11:40:00,2026-02-02 11:42:00
720000000000000801,710000000000000161,2043642606338904220,801,2026-02-02 11:42:00,2026-02-02 11:44:00
720000000000000802,710000000000000161,2043642606338904221,802,2026-02-02 11:44:00,2026-02-02 11:46:00
720000000000000803,710000000000000161,2043642606338904222,803,2026-02-02 11:46:00,2026-02-02 11:48:00
720000000000000804,710000000000000162,2043642606338904223,804,2026-02-02 11:48:00,2026-02-02 11:50:00
720000000000000805,710000000000000162,2043642606338904224,805,2026-02-02 11:50:00,2026-02-02 11:52:00
720000000000000806,710000000000000162,2043642606338904225,806,2026-02-02 11:52:00,2026-02-02 11:54:00
720000000000000807,710000000000000162,2043642606338904226,807,2026-02-02 11:54:00,2026-02-02 11:56:00
720000000000000808,710000000000000162,2043642606338904227,808,2026-02-02 11:56:00,2026-02-02 11:58:00
720000000000000809,710000000000000163,2043642606338904228,809,2026-02-02 11:58:00,2026-02-02 12:00:00
720000000000000810,710000000000000163,2043642606338904229,810,2026-02-02 12:00:00,2026-02-02 12:02:00
720000000000000811,710000000000000163,2043642606338904230,811,2026-02-02 12:02:00,2026-02-02 12:04:00
720000000000000812,710000000000000163,2043642606338904231,812,2026-02-02 12:04:00,2026-02-02 12:06:00
720000000000000813,710000000000000163,2043642606338904232,813,2026-02-02 12:06:00,2026-02-02 12:08:00
720000000000000814,710000000000000164,2043642606338904233,814,2026-02-02 12:08:00,2026-02-02 12:10:00
720000000000000815,710000000000000164,2043642606338904234,815,2026-02-02 12:10:00,2026-02-02 12:12:00
720000000000000816,710000000000000164,2043642606338904235,816,2026-02-02 12:12:00,2026-02-02 12:14:00
720000000000000817,710000000000000164,2043642606338904236,817,2026-02-02 12:14:00,2026-02-02 12:16:00
720000000000000818,710000000000000164,2043642606338904237,818,2026-02-02 12:16:00,2026-02-02 12:18:00
720000000000000819,710000000000000165,2043642606338904238,819,2026-02-02 12:18:00,2026-02-02 12:20:00
720000000000000820,710000000000000165,2043642606338904239,820,2026-02-02 12:20:00,2026-02-02 12:22:00
720000000000000821,710000000000000165,2043642606338904240,821,2026-02-02 12:22:00,2026-02-02 12:24:00
720000000000000822,710000000000000165,2043642606338904241,822,2026-02-02 12:24:00,2026-02-02 12:26:00
720000000000000823,710000000000000165,2043642606338904242,823,2026-02-02 12:26:00,2026-02-02 12:28:00
720000000000000824,710000000000000166,2043642606338904243,824,2026-02-02 12:28:00,2026-02-02 12:30:00
720000000000000825,710000000000000166,2043642606338904244,825,2026-02-02 12:30:00,2026-02-02 12:32:00
720000000000000826,710000000000000166,2043642606338904245,826,2026-02-02 12:32:00,2026-02-02 12:34:00
720000000000000827,710000000000000166,2043642606338904246,827,2026-02-02 12:34:00,2026-02-02 12:36:00
720000000000000828,710000000000000166,2043642606338904247,828,2026-02-02 12:36:00,2026-02-02 12:38:00
720000000000000829,710000000000000167,2043642606338904248,829,2026-02-02 12:38:00,2026-02-02 12:40:00
720000000000000830,710000000000000167,2043642606338904249,830,2026-02-02 12:40:00,2026-02-02 12:42:00
720000000000000831,710000000000000167,2043642606338904250,831,2026-02-02 12:42:00,2026-02-02 12:44:00
720000000000000832,710000000000000167,2043642606338904251,832,2026-02-02 12:44:00,2026-02-02 12:46:00
720000000000000833,710000000000000167,2043642606338904252,833,2026-02-02 12:46:00,2026-02-02 12:48:00
720000000000000834,710000000000000168,2043642606338904253,834,2026-02-02 12:48:00,2026-02-02 12:50:00
720000000000000835,710000000000000168,2043642606338904254,835,2026-02-02 12:50:00,2026-02-02 12:52:00
720000000000000836,710000000000000168,2043642606338904255,836,2026-02-02 12:52:00,2026-02-02 12:54:00
720000000000000837,710000000000000168,2043642606338904256,837,2026-02-02 12:54:00,2026-02-02 12:56:00
720000000000000838,710000000000000168,2043642606338904257,838,2026-02-02 12:56:00,2026-02-02 12:58:00
720000000000000839,710000000000000169,2043642606338904258,839,2026-02-02 12:58:00,2026-02-02 13:00:00
720000000000000840,710000000000000169,2043642606338904259,840,2026-02-02 13:00:00,2026-02-02 13:02:00
720000000000000841,710000000000000169,2043642606338904260,841,2026-02-02 13:02:00,2026-02-02 13:04:00
720000000000000842,710000000000000169,2043642606338904261,842,2026-02-02 13:04:00,2026-02-02 13:06:00
720000000000000843,710000000000000169,2043642606338904262,843,2026-02-02 13:06:00,2026-02-02 13:08:00
720000000000000844,710000000000000170,2043642606338904263,844,2026-02-02 13:08:00,2026-02-02 13:10:00
720000000000000845,710000000000000170,2043642606338904264,845,2026-02-02 13:10:00,2026-02-02 13:12:00
720000000000000846,710000000000000170,2043642606338904265,846,2026-02-02 13:12:00,2026-02-02 13:14:00
720000000000000847,710000000000000170,2043642606338904266,847,2026-02-02 13:14:00,2026-02-02 13:16:00
720000000000000848,710000000000000170,2043642606338904267,848,2026-02-02 13:16:00,2026-02-02 13:18:00
720000000000000849,710000000000000171,2043642606338904268,849,2026-02-02 13:18:00,2026-02-02 13:20:00
720000000000000850,710000000000000171,2043642606338904269,850,2026-02-02 13:20:00,2026-02-02 13:22:00
720000000000000851,710000000000000171,2043642606338904270,851,2026-02-02 13:22:00,2026-02-02 13:24:00
720000000000000852,710000000000000171,2043642606338904271,852,2026-02-02 13:24:00,2026-02-02 13:26:00
720000000000000853,710000000000000171,2043642606338904272,853,2026-02-02 13:26:00,2026-02-02 13:28:00
720000000000000854,710000000000000172,2043642606338904273,854,2026-02-02 13:28:00,2026-02-02 13:30:00
720000000000000855,710000000000000172,2043642606338904274,855,2026-02-02 13:30:00,2026-02-02 13:32:00
720000000000000856,710000000000000172,2043642606338904275,856,2026-02-02 13:32:00,2026-02-02 13:34:00
720000000000000857,710000000000000172,2043642606338904276,857,2026-02-02 13:34:00,2026-02-02 13:36:00
720000000000000858,710000000000000172,2043642606338904277,858,2026-02-02 13:36:00,2026-02-02 13:38:00
720000000000000859,710000000000000173,2043642606338904278,859,2026-02-02 13:38:00,2026-02-02 13:40:00
720000000000000860,710000000000000173,2043642606338904279,860,2026-02-02 13:40:00,2026-02-02 13:42:00
720000000000000861,710000000000000173,2043642606338904280,861,2026-02-02 13:42:00,2026-02-02 13:44:00
720000000000000862,710000000000000173,2043642606338904281,862,2026-02-02 13:44:00,2026-02-02 13:46:00
720000000000000863,710000000000000173,2043642606338904282,863,2026-02-02 13:46:00,2026-02-02 13:48:00
720000000000000864,710000000000000174,2043642606338904283,864,2026-02-02 13:48:00,2026-02-02 13:50:00
720000000000000865,710000000000000174,2043642606338904284,865,2026-02-02 13:50:00,2026-02-02 13:52:00
720000000000000866,710000000000000174,2043642606338904285,866,2026-02-02 13:52:00,2026-02-02 13:54:00
720000000000000867,710000000000000174,2043642606338904286,867,2026-02-02 13:54:00,2026-02-02 13:56:00
720000000000000868,710000000000000174,2043642606338904287,868,2026-02-02 13:56:00,2026-02-02 13:58:00
720000000000000869,710000000000000175,2043642606338904288,869,2026-02-02 13:58:00,2026-02-02 14:00:00
720000000000000870,710000000000000175,2043642606338904289,870,2026-02-02 14:00:00,2026-02-02 14:02:00
720000000000000871,710000000000000175,2043642606338904290,871,2026-02-02 14:02:00,2026-02-02 14:04:00
720000000000000872,710000000000000175,2043642606338904291,872,2026-02-02 14:04:00,2026-02-02 14:06:00
720000000000000873,710000000000000175,2043642606338904292,873,2026-02-02 14:06:00,2026-02-02 14:08:00
720000000000000874,710000000000000176,2043642606338904293,874,2026-02-02 14:08:00,2026-02-02 14:10:00
720000000000000875,710000000000000176,2043642606338904294,875,2026-02-02 14:10:00,2026-02-02 14:12:00
720000000000000876,710000000000000176,2043642606338904295,876,2026-02-02 14:12:00,2026-02-02 14:14:00
720000000000000877,710000000000000176,2043642606338904296,877,2026-02-02 14:14:00,2026-02-02 14:16:00
720000000000000878,710000000000000176,2043642606338904297,878,2026-02-02 14:16:00,2026-02-02 14:18:00
720000000000000879,710000000000000177,2043642606338904298,879,2026-02-02 14:18:00,2026-02-02 14:20:00
720000000000000880,710000000000000177,2043642606338904299,880,2026-02-02 14:20:00,2026-02-02 14:22:00
720000000000000881,710000000000000177,2043642606338904300,881,2026-02-02 14:22:00,2026-02-02 14:24:00
720000000000000882,710000000000000177,2043642606338904301,882,2026-02-02 14:24:00,2026-02-02 14:26:00
720000000000000883,710000000000000177,2043642606338904302,883,2026-02-02 14:26:00,2026-02-02 14:28:00
720000000000000884,710000000000000178,2043642606338904303,884,2026-02-02 14:28:00,2026-02-02 14:30:00
720000000000000885,710000000000000178,2043642606338904304,885,2026-02-02 14:30:00,2026-02-02 14:32:00
720000000000000886,710000000000000178,2043642606338904305,886,2026-02-02 14:32:00,2026-02-02 14:34:00
720000000000000887,710000000000000178,2043642606338904306,887,2026-02-02 14:34:00,2026-02-02 14:36:00
720000000000000888,710000000000000178,2043642606338904307,888,2026-02-02 14:36:00,2026-02-02 14:38:00
720000000000000889,710000000000000179,2043642606338904308,889,2026-02-02 14:38:00,2026-02-02 14:40:00
720000000000000890,710000000000000179,2043642606338904309,890,2026-02-02 14:40:00,2026-02-02 14:42:00
720000000000000891,710000000000000179,2043642606338904310,891,2026-02-02 14:42:00,2026-02-02 14:44:00
720000000000000892,710000000000000179,2043642606338904311,892,2026-02-02 14:44:00,2026-02-02 14:46:00
720000000000000893,710000000000000179,2043642606338904312,893,2026-02-02 14:46:00,2026-02-02 14:48:00
720000000000000894,710000000000000180,2043642606338904313,894,2026-02-02 14:48:00,2026-02-02 14:50:00
720000000000000895,710000000000000180,2043642606338904314,895,2026-02-02 14:50:00,2026-02-02 14:52:00
720000000000000896,710000000000000180,2043642606338904315,896,2026-02-02 14:52:00,2026-02-02 14:54:00
720000000000000897,710000000000000180,2043642606338904316,897,2026-02-02 14:54:00,2026-02-02 14:56:00
720000000000000898,710000000000000180,2043642606338904317,898,2026-02-02 14:56:00,2026-02-02 14:58:00
720000000000000899,710000000000000181,2043642606338904318,899,2026-02-02 14:58:00,2026-02-02 15:00:00
720000000000000900,710000000000000181,2043642606338904319,900,2026-02-02 15:00:00,2026-02-02 15:02:00
720000000000000901,710000000000000181,2043642606338904320,901,2026-02-02 15:02:00,2026-02-02 15:04:00
720000000000000902,710000000000000181,2043642606338904321,902,2026-02-02 15:04:00,2026-02-02 15:06:00
720000000000000903,710000000000000181,2043642606338904322,903,2026-02-02 15:06:00,2026-02-02 15:08:00
720000000000000904,710000000000000182,2043642606338904323,904,2026-02-02 15:08:00,2026-02-02 15:10:00
720000000000000905,710000000000000182,2043642606338904324,905,2026-02-02 15:10:00,2026-02-02 15:12:00
720000000000000906,710000000000000182,2043642606338904325,906,2026-02-02 15:12:00,2026-02-02 15:14:00
720000000000000907,710000000000000182,2043642606338904326,907,2026-02-02 15:14:00,2026-02-02 15:16:00
720000000000000908,710000000000000182,2043642606338904327,908,2026-02-02 15:16:00,2026-02-02 15:18:00
720000000000000909,710000000000000183,2043642606338904328,909,2026-02-02 15:18:00,2026-02-02 15:20:00
720000000000000910,710000000000000183,2043642606338904329,910,2026-02-02 15:20:00,2026-02-02 15:22:00
720000000000000911,710000000000000183,2043642606338904330,911,2026-02-02 15:22:00,2026-02-02 15:24:00
720000000000000912,710000000000000183,2043642606338904331,912,2026-02-02 15:24:00,2026-02-02 15:26:00
720000000000000913,710000000000000183,2043642606338904332,913,2026-02-02 15:26:00,2026-02-02 15:28:00
720000000000000914,710000000000000184,2043642606338904333,914,2026-02-02 15:28:00,2026-02-02 15:30:00
720000000000000915,710000000000000184,2043642606338904334,915,2026-02-02 15:30:00,2026-02-02 15:32:00
720000000000000916,710000000000000184,2043642606338904335,916,2026-02-02 15:32:00,2026-02-02 15:34:00
720000000000000917,710000000000000184,2043642606338904336,917,2026-02-02 15:34:00,2026-02-02 15:36:00
720000000000000918,710000000000000184,2043642606338904337,918,2026-02-02 15:36:00,2026-02-02 15:38:00
720000000000000919,710000000000000185,2043642606338904338,919,2026-02-02 15:38:00,2026-02-02 15:40:00
720000000000000920,710000000000000185,2043642606338904339,920,2026-02-02 15:40:00,2026-02-02 15:42:00
720000000000000921,710000000000000185,2043642606338904340,921,2026-02-02 15:42:00,2026-02-02 15:44:00
720000000000000922,710000000000000185,2043642606338904341,922,2026-02-02 15:44:00,2026-02-02 15:46:00
720000000000000923,710000000000000185,2043642606338904342,923,2026-02-02 15:46:00,2026-02-02 15:48:00
720000000000000924,710000000000000186,2043642606338904343,924,2026-02-02 15:48:00,2026-02-02 15:50:00
720000000000000925,710000000000000186,2043642606338904344,925,2026-02-02 15:50:00,2026-02-02 15:52:00
720000000000000926,710000000000000186,2043642606338904345,926,2026-02-02 15:52:00,2026-02-02 15:54:00
720000000000000927,710000000000000186,2043642606338904346,927,2026-02-02 15:54:00,2026-02-02 15:56:00
720000000000000928,710000000000000186,2043642606338904347,928,2026-02-02 15:56:00,2026-02-02 15:58:00
720000000000000929,710000000000000187,2043642606338904348,929,2026-02-02 15:58:00,2026-02-02 16:00:00
720000000000000930,710000000000000187,2043642606338904349,930,2026-02-02 16:00:00,2026-02-02 16:02:00
720000000000000931,710000000000000187,2043642606338904350,931,2026-02-02 16:02:00,2026-02-02 16:04:00
720000000000000932,710000000000000187,2043642606338904351,932,2026-02-02 16:04:00,2026-02-02 16:06:00
720000000000000933,710000000000000187,2043642606338904352,933,2026-02-02 16:06:00,2026-02-02 16:08:00
720000000000000934,710000000000000188,2043642606338904353,934,2026-02-02 16:08:00,2026-02-02 16:10:00
720000000000000935,710000000000000188,2043642606338904354,935,2026-02-02 16:10:00,2026-02-02 16:12:00
720000000000000936,710000000000000188,2043642606338904355,936,2026-02-02 16:12:00,2026-02-02 16:14:00
720000000000000937,710000000000000188,2043642606338904356,937,2026-02-02 16:14:00,2026-02-02 16:16:00
720000000000000938,710000000000000188,2043642606338904357,938,2026-02-02 16:16:00,2026-02-02 16:18:00
720000000000000939,710000000000000189,2043642606338904358,939,2026-02-02 16:18:00,2026-02-02 16:20:00
720000000000000940,710000000000000189,2043642606338904359,940,2026-02-02 16:20:00,2026-02-02 16:22:00
720000000000000941,710000000000000189,2043642606338904360,941,2026-02-02 16:22:00,2026-02-02 16:24:00
720000000000000942,710000000000000189,2043642606338904361,942,2026-02-02 16:24:00,2026-02-02 16:26:00
720000000000000943,710000000000000189,2043642606338904362,943,2026-02-02 16:26:00,2026-02-02 16:28:00
720000000000000944,710000000000000190,2043642606338904363,944,2026-02-02 16:28:00,2026-02-02 16:30:00
720000000000000945,710000000000000190,2043642606338904364,945,2026-02-02 16:30:00,2026-02-02 16:32:00
720000000000000946,710000000000000190,2043642606338904365,946,2026-02-02 16:32:00,2026-02-02 16:34:00
720000000000000947,710000000000000190,2043642606338904366,947,2026-02-02 16:34:00,2026-02-02 16:36:00
720000000000000948,710000000000000190,2043642606338904367,948,2026-02-02 16:36:00,2026-02-02 16:38:00
720000000000000949,710000000000000191,2043642606338904368,949,2026-02-02 16:38:00,2026-02-02 16:40:00
720000000000000950,710000000000000191,2043642606338904369,950,2026-02-02 16:40:00,2026-02-02 16:42:00
720000000000000951,710000000000000191,2043642606338904370,951,2026-02-02 16:42:00,2026-02-02 16:44:00
720000000000000952,710000000000000191,2043642606338904371,952,2026-02-02 16:44:00,2026-02-02 16:46:00
720000000000000953,710000000000000191,2043642606338904372,953,2026-02-02 16:46:00,2026-02-02 16:48:00
720000000000000954,710000000000000192,2043642606338904373,954,2026-02-02 16:48:00,2026-02-02 16:50:00
720000000000000955,710000000000000192,2043642606338904374,955,2026-02-02 16:50:00,2026-02-02 16:52:00
720000000000000956,710000000000000192,2043642606338904375,956,2026-02-02 16:52:00,2026-02-02 16:54:00
720000000000000957,710000000000000192,2043642606338904376,957,2026-02-02 16:54:00,2026-02-02 16:56:00
720000000000000958,710000000000000192,2043642606338904377,958,2026-02-02 16:56:00,2026-02-02 16:58:00
720000000000000959,710000000000000193,2043642606338904378,959,2026-02-02 16:58:00,2026-02-02 17:00:00
720000000000000960,710000000000000193,2043642606338904379,960,2026-02-02 17:00:00,2026-02-02 17:02:00
720000000000000961,710000000000000193,2043642606338904380,961,2026-02-02 17:02:00,2026-02-02 17:04:00
720000000000000962,710000000000000193,2043642606338904381,962,2026-02-02 17:04:00,2026-02-02 17:06:00
720000000000000963,710000000000000193,2043642606338904382,963,2026-02-02 17:06:00,2026-02-02 17:08:00
720000000000000964,710000000000000194,2043642606338904383,964,2026-02-02 17:08:00,2026-02-02 17:10:00
720000000000000965,710000000000000194,2043642606338904384,965,2026-02-02 17:10:00,2026-02-02 17:12:00
720000000000000966,710000000000000194,2043642606338904385,966,2026-02-02 17:12:00,2026-02-02 17:14:00
720000000000000967,710000000000000194,2043642606338904386,967,2026-02-02 17:14:00,2026-02-02 17:16:00
720000000000000968,710000000000000194,2043642606338904387,968,2026-02-02 17:16:00,2026-02-02 17:18:00
720000000000000969,710000000000000195,2043642606338904388,969,2026-02-02 17:18:00,2026-02-02 17:20:00
720000000000000970,710000000000000195,2043642606338904389,970,2026-02-02 17:20:00,2026-02-02 17:22:00
720000000000000971,710000000000000195,2043642606338904390,971,2026-02-02 17:22:00,2026-02-02 17:24:00
720000000000000972,710000000000000195,2043642606338904391,972,2026-02-02 17:24:00,2026-02-02 17:26:00
720000000000000973,710000000000000195,2043642606338904392,973,2026-02-02 17:26:00,2026-02-02 17:28:00
720000000000000974,710000000000000196,2043642606338904393,974,2026-02-02 17:28:00,2026-02-02 17:30:00
720000000000000975,710000000000000196,2043642606338904394,975,2026-02-02 17:30:00,2026-02-02 17:32:00
720000000000000976,710000000000000196,2043642606338904395,976,2026-02-02 17:32:00,2026-02-02 17:34:00
720000000000000977,710000000000000196,2043642606338904396,977,2026-02-02 17:34:00,2026-02-02 17:36:00
720000000000000978,710000000000000196,2043642606338904397,978,2026-02-02 17:36:00,2026-02-02 17:38:00
720000000000000979,710000000000000197,2043642606338904398,979,2026-02-02 17:38:00,2026-02-02 17:40:00
720000000000000980,710000000000000197,2043642606338904399,980,2026-02-02 17:40:00,2026-02-02 17:42:00
720000000000000981,710000000000000197,2043642606338904400,981,2026-02-02 17:42:00,2026-02-02 17:44:00
720000000000000982,710000000000000197,2043642606338904401,982,2026-02-02 17:44:00,2026-02-02 17:46:00
720000000000000983,710000000000000197,2043642606338904402,983,2026-02-02 17:46:00,2026-02-02 17:48:00
720000000000000984,710000000000000198,2043642606338904403,984,2026-02-02 17:48:00,2026-02-02 17:50:00
720000000000000985,710000000000000198,2043642606338904404,985,2026-02-02 17:50:00,2026-02-02 17:52:00
720000000000000986,710000000000000198,2043642606338904405,986,2026-02-02 17:52:00,2026-02-02 17:54:00
720000000000000987,710000000000000198,2043642606338904406,987,2026-02-02 17:54:00,2026-02-02 17:56:00
720000000000000988,710000000000000198,2043642606338904407,988,2026-02-02 17:56:00,2026-02-02 17:58:00
720000000000000989,710000000000000199,2043642606338904408,989,2026-02-02 17:58:00,2026-02-02 18:00:00
720000000000000990,710000000000000199,2043642606338904409,990,2026-02-02 18:00:00,2026-02-02 18:02:00
720000000000000991,710000000000000199,2043642606338904410,991,2026-02-02 18:02:00,2026-02-02 18:04:00
720000000000000992,710000000000000199,2043642606338904411,992,2026-02-02 18:04:00,2026-02-02 18:06:00
720000000000000993,710000000000000199,2043642606338904412,993,2026-02-02 18:06:00,2026-02-02 18:08:00
720000000000000994,710000000000000200,2043642606338904413,994,2026-02-02 18:08:00,2026-02-02 18:10:00
720000000000000995,710000000000000200,2043642606338904414,995,2026-02-02 18:10:00,2026-02-02 18:12:00
720000000000000996,710000000000000200,2043642606338904415,996,2026-02-02 18:12:00,2026-02-02 18:14:00
720000000000000997,710000000000000200,2043642606338904416,997,2026-02-02 18:14:00,2026-02-02 18:16:00
720000000000000998,710000000000000200,2043642606338904417,998,2026-02-02 18:16:00,2026-02-02 18:18:00
720000000000000999,710000000000000201,2043642606338904418,999,2026-02-02 18:18:00,2026-02-02 18:20:00
720000000000001000,710000000000000201,2043642606338904419,1000,2026-02-02 18:20:00,2026-02-02 18:22:00
720000000000001001,710000000000000201,2043642606338904420,1001,2026-02-02 18:22:00,2026-02-02 18:24:00
720000000000001002,710000000000000201,2043642606338904421,1002,2026-02-02 18:24:00,2026-02-02 18:26:00
720000000000001003,710000000000000201,2043642606338904422,1003,2026-02-02 18:26:00,2026-02-02 18:28:00
720000000000001004,710000000000000202,2043642606338904423,1004,2026-02-02 18:28:00,2026-02-02 18:30:00
720000000000001005,710000000000000202,2043642606338904424,1005,2026-02-02 18:30:00,2026-02-02 18:32:00
720000000000001006,710000000000000202,2043642606338904425,1006,2026-02-02 18:32:00,2026-02-02 18:34:00
720000000000001007,710000000000000202,2043642606338904426,1007,2026-02-02 18:34:00,2026-02-02 18:36:00
720000000000001008,710000000000000202,2043642606338904427,1008,2026-02-02 18:36:00,2026-02-02 18:38:00
720000000000001009,710000000000000203,2043642606338904428,1009,2026-02-02 18:38:00,2026-02-02 18:40:00
720000000000001010,710000000000000203,2043642606338904429,1010,2026-02-02 18:40:00,2026-02-02 18:42:00
720000000000001011,710000000000000203,2043642606338904430,1011,2026-02-02 18:42:00,2026-02-02 18:44:00
720000000000001012,710000000000000203,2043642606338904431,1012,2026-02-02 18:44:00,2026-02-02 18:46:00
720000000000001013,710000000000000203,2043642606338904432,1013,2026-02-02 18:46:00,2026-02-02 18:48:00
720000000000001014,710000000000000204,2043642606338904433,1014,2026-02-02 18:48:00,2026-02-02 18:50:00
720000000000001015,710000000000000204,2043642606338904434,1015,2026-02-02 18:50:00,2026-02-02 18:52:00
720000000000001016,710000000000000204,2043642606338904435,1016,2026-02-02 18:52:00,2026-02-02 18:54:00
720000000000001017,710000000000000204,2043642606338904436,1017,2026-02-02 18:54:00,2026-02-02 18:56:00
720000000000001018,710000000000000204,2043642606338904437,1018,2026-02-02 18:56:00,2026-02-02 18:58:00
720000000000001019,710000000000000205,2043642606338904438,1019,2026-02-02 18:58:00,2026-02-02 19:00:00
720000000000001020,710000000000000205,2043642606338904439,1020,2026-02-02 19:00:00,2026-02-02 19:02:00
720000000000001021,710000000000000205,2043642606338904440,1021,2026-02-02 19:02:00,2026-02-02 19:04:00
720000000000001022,710000000000000205,2043642606338904441,1022,2026-02-02 19:04:00,2026-02-02 19:06:00
720000000000001023,710000000000000205,2043642606338904442,1023,2026-02-02 19:06:00,2026-02-02 19:08:00
720000000000001024,710000000000000206,2043642606338904443,1024,2026-02-02 19:08:00,2026-02-02 19:10:00
720000000000001025,710000000000000206,2043642606338904444,1025,2026-02-02 19:10:00,2026-02-02 19:12:00
720000000000001026,710000000000000206,2043642606338904445,1026,2026-02-02 19:12:00,2026-02-02 19:14:00
720000000000001027,710000000000000206,2043642606338904446,1027,2026-02-02 19:14:00,2026-02-02 19:16:00
720000000000001028,710000000000000206,2043642606338904447,1028,2026-02-02 19:16:00,2026-02-02 19:18:00
720000000000001029,710000000000000207,2043642606338904448,1029,2026-02-02 19:18:00,2026-02-02 19:20:00
720000000000001030,710000000000000207,2043642606338904449,1030,2026-02-02 19:20:00,2026-02-02 19:22:00
720000000000001031,710000000000000207,2043642606338904450,1031,2026-02-02 19:22:00,2026-02-02 19:24:00
720000000000001032,710000000000000207,2043642606338904451,1032,2026-02-02 19:24:00,2026-02-02 19:26:00
720000000000001033,710000000000000207,2043642606338904452,1033,2026-02-02 19:26:00,2026-02-02 19:28:00
720000000000001034,710000000000000208,2043642606338904453,1034,2026-02-02 19:28:00,2026-02-02 19:30:00
720000000000001035,710000000000000208,2043642606338904454,1035,2026-02-02 19:30:00,2026-02-02 19:32:00
720000000000001036,710000000000000208,2043642606338904455,1036,2026-02-02 19:32:00,2026-02-02 19:34:00
720000000000001037,710000000000000208,2043642606338904456,1037,2026-02-02 19:34:00,2026-02-02 19:36:00
720000000000001038,710000000000000208,2043642606338904457,1038,2026-02-02 19:36:00,2026-02-02 19:38:00
720000000000001039,710000000000000209,2043642606338904458,1039,2026-02-02 19:38:00,2026-02-02 19:40:00
720000000000001040,710000000000000209,2043642606338904459,1040,2026-02-02 19:40:00,2026-02-02 19:42:00
720000000000001041,710000000000000209,2043642606338904200,1041,2026-02-02 19:42:00,2026-02-02 19:44:00
720000000000001042,710000000000000209,2043642606338904201,1042,2026-02-02 19:44:00,2026-02-02 19:46:00
720000000000001043,710000000000000209,2043642606338904202,1043,2026-02-02 19:46:00,2026-02-02 19:48:00
720000000000001044,710000000000000210,2043642606338904203,1044,2026-02-02 19:48:00,2026-02-02 19:50:00
720000000000001045,710000000000000210,2043642606338904204,1045,2026-02-02 19:50:00,2026-02-02 19:52:00
720000000000001046,710000000000000210,2043642606338904205,1046,2026-02-02 19:52:00,2026-02-02 19:54:00
720000000000001047,710000000000000210,2043642606338904206,1047,2026-02-02 19:54:00,2026-02-02 19:56:00
720000000000001048,710000000000000210,2043642606338904207,1048,2026-02-02 19:56:00,2026-02-02 19:58:00
720000000000001049,710000000000000211,2043642606338904208,1049,2026-02-02 19:58:00,2026-02-02 20:00:00
720000000000001050,710000000000000211,2043642606338904209,1050,2026-02-02 20:00:00,2026-02-02 20:02:00
720000000000001051,710000000000000211,2043642606338904210,1051,2026-02-02 20:02:00,2026-02-02 20:04:00
720000000000001052,710000000000000211,2043642606338904211,1052,2026-02-02 20:04:00,2026-02-02 20:06:00
720000000000001053,710000000000000211,2043642606338904212,1053,2026-02-02 20:06:00,2026-02-02 20:08:00
720000000000001054,710000000000000212,2043642606338904213,1054,2026-02-02 20:08:00,2026-02-02 20:10:00
720000000000001055,710000000000000212,2043642606338904214,1055,2026-02-02 20:10:00,2026-02-02 20:12:00
720000000000001056,710000000000000212,2043642606338904215,1056,2026-02-02 20:12:00,2026-02-02 20:14:00
720000000000001057,710000000000000212,2043642606338904216,1057,2026-02-02 20:14:00,2026-02-02 20:16:00
720000000000001058,710000000000000212,2043642606338904217,1058,2026-02-02 20:16:00,2026-02-02 20:18:00
720000000000001059,710000000000000213,2043642606338904218,1059,2026-02-02 20:18:00,2026-02-02 20:20:00
720000000000001060,710000000000000213,2043642606338904219,1060,2026-02-02 20:20:00,2026-02-02 20:22:00
720000000000001061,710000000000000213,2043642606338904220,1061,2026-02-02 20:22:00,2026-02-02 20:24:00
720000000000001062,710000000000000213,2043642606338904221,1062,2026-02-02 20:24:00,2026-02-02 20:26:00
720000000000001063,710000000000000213,2043642606338904222,1063,2026-02-02 20:26:00,2026-02-02 20:28:00
720000000000001064,710000000000000214,2043642606338904223,1064,2026-02-02 20:28:00,2026-02-02 20:30:00
720000000000001065,710000000000000214,2043642606338904224,1065,2026-02-02 20:30:00,2026-02-02 20:32:00
720000000000001066,710000000000000214,2043642606338904225,1066,2026-02-02 20:32:00,2026-02-02 20:34:00
720000000000001067,710000000000000214,2043642606338904226,1067,2026-02-02 20:34:00,2026-02-02 20:36:00
720000000000001068,710000000000000214,2043642606338904227,1068,2026-02-02 20:36:00,2026-02-02 20:38:00
720000000000001069,710000000000000215,2043642606338904228,1069,2026-02-02 20:38:00,2026-02-02 20:40:00
720000000000001070,710000000000000215,2043642606338904229,1070,2026-02-02 20:40:00,2026-02-02 20:42:00
720000000000001071,710000000000000215,2043642606338904230,1071,2026-02-02 20:42:00,2026-02-02 20:44:00
720000000000001072,710000000000000215,2043642606338904231,1072,2026-02-02 20:44:00,2026-02-02 20:46:00
720000000000001073,710000000000000215,2043642606338904232,1073,2026-02-02 20:46:00,2026-02-02 20:48:00
720000000000001074,710000000000000216,2043642606338904233,1074,2026-02-02 20:48:00,2026-02-02 20:50:00
720000000000001075,710000000000000216,2043642606338904234,1075,2026-02-02 20:50:00,2026-02-02 20:52:00
720000000000001076,710000000000000216,2043642606338904235,1076,2026-02-02 20:52:00,2026-02-02 20:54:00
720000000000001077,710000000000000216,2043642606338904236,1077,2026-02-02 20:54:00,2026-02-02 20:56:00
720000000000001078,710000000000000216,2043642606338904237,1078,2026-02-02 20:56:00,2026-02-02 20:58:00
720000000000001079,710000000000000217,2043642606338904238,1079,2026-02-02 20:58:00,2026-02-02 21:00:00
720000000000001080,710000000000000217,2043642606338904239,1080,2026-02-02 21:00:00,2026-02-02 21:02:00
720000000000001081,710000000000000217,2043642606338904240,1081,2026-02-02 21:02:00,2026-02-02 21:04:00
720000000000001082,710000000000000217,2043642606338904241,1082,2026-02-02 21:04:00,2026-02-02 21:06:00
720000000000001083,710000000000000217,2043642606338904242,1083,2026-02-02 21:06:00,2026-02-02 21:08:00
720000000000001084,710000000000000218,2043642606338904243,1084,2026-02-02 21:08:00,2026-02-02 21:10:00
720000000000001085,710000000000000218,2043642606338904244,1085,2026-02-02 21:10:00,2026-02-02 21:12:00
720000000000001086,710000000000000218,2043642606338904245,1086,2026-02-02 21:12:00,2026-02-02 21:14:00
720000000000001087,710000000000000218,2043642606338904246,1087,2026-02-02 21:14:00,2026-02-02 21:16:00
720000000000001088,710000000000000218,2043642606338904247,1088,2026-02-02 21:16:00,2026-02-02 21:18:00
720000000000001089,710000000000000219,2043642606338904248,1089,2026-02-02 21:18:00,2026-02-02 21:20:00
720000000000001090,710000000000000219,2043642606338904249,1090,2026-02-02 21:20:00,2026-02-02 21:22:00
720000000000001091,710000000000000219,2043642606338904250,1091,2026-02-02 21:22:00,2026-02-02 21:24:00
720000000000001092,710000000000000219,2043642606338904251,1092,2026-02-02 21:24:00,2026-02-02 21:26:00
720000000000001093,710000000000000219,2043642606338904252,1093,2026-02-02 21:26:00,2026-02-02 21:28:00
720000000000001094,710000000000000220,2043642606338904253,1094,2026-02-02 21:28:00,2026-02-02 21:30:00
720000000000001095,710000000000000220,2043642606338904254,1095,2026-02-02 21:30:00,2026-02-02 21:32:00
720000000000001096,710000000000000220,2043642606338904255,1096,2026-02-02 21:32:00,2026-02-02 21:34:00
720000000000001097,710000000000000220,2043642606338904256,1097,2026-02-02 21:34:00,2026-02-02 21:36:00
720000000000001098,710000000000000220,2043642606338904257,1098,2026-02-02 21:36:00,2026-02-02 21:38:00
720000000000001099,710000000000000221,2043642606338904258,1099,2026-02-02 21:38:00,2026-02-02 21:40:00
720000000000001100,710000000000000221,2043642606338904259,1100,2026-02-02 21:40:00,2026-02-02 21:42:00
720000000000001101,710000000000000221,2043642606338904260,1101,2026-02-02 21:42:00,2026-02-02 21:44:00
720000000000001102,710000000000000221,2043642606338904261,1102,2026-02-02 21:44:00,2026-02-02 21:46:00
720000000000001103,710000000000000221,2043642606338904262,1103,2026-02-02 21:46:00,2026-02-02 21:48:00
720000000000001104,710000000000000222,2043642606338904263,1104,2026-02-02 21:48:00,2026-02-02 21:50:00
720000000000001105,710000000000000222,2043642606338904264,1105,2026-02-02 21:50:00,2026-02-02 21:52:00
720000000000001106,710000000000000222,2043642606338904265,1106,2026-02-02 21:52:00,2026-02-02 21:54:00
720000000000001107,710000000000000222,2043642606338904266,1107,2026-02-02 21:54:00,2026-02-02 21:56:00
720000000000001108,710000000000000222,2043642606338904267,1108,2026-02-02 21:56:00,2026-02-02 21:58:00
720000000000001109,710000000000000223,2043642606338904268,1109,2026-02-02 21:58:00,2026-02-02 22:00:00
720000000000001110,710000000000000223,2043642606338904269,1110,2026-02-02 22:00:00,2026-02-02 22:02:00
720000000000001111,710000000000000223,2043642606338904270,1111,2026-02-02 22:02:00,2026-02-02 22:04:00
720000000000001112,710000000000000223,2043642606338904271,1112,2026-02-02 22:04:00,2026-02-02 22:06:00
720000000000001113,710000000000000223,2043642606338904272,1113,2026-02-02 22:06:00,2026-02-02 22:08:00
720000000000001114,710000000000000224,2043642606338904273,1114,2026-02-02 22:08:00,2026-02-02 22:10:00
720000000000001115,710000000000000224,2043642606338904274,1115,2026-02-02 22:10:00,2026-02-02 22:12:00
720000000000001116,710000000000000224,2043642606338904275,1116,2026-02-02 22:12:00,2026-02-02 22:14:00
720000000000001117,710000000000000224,2043642606338904276,1117,2026-02-02 22:14:00,2026-02-02 22:16:00
720000000000001118,710000000000000224,2043642606338904277,1118,2026-02-02 22:16:00,2026-02-02 22:18:00
720000000000001119,710000000000000225,2043642606338904278,1119,2026-02-02 22:18:00,2026-02-02 22:20:00
720000000000001120,710000000000000225,2043642606338904279,1120,2026-02-02 22:20:00,2026-02-02 22:22:00
720000000000001121,710000000000000225,2043642606338904280,1121,2026-02-02 22:22:00,2026-02-02 22:24:00
720000000000001122,710000000000000225,2043642606338904281,1122,2026-02-02 22:24:00,2026-02-02 22:26:00
720000000000001123,710000000000000225,2043642606338904282,1123,2026-02-02 22:26:00,2026-02-02 22:28:00
720000000000001124,710000000000000226,2043642606338904283,1124,2026-02-02 22:28:00,2026-02-02 22:30:00
720000000000001125,710000000000000226,2043642606338904284,1125,2026-02-02 22:30:00,2026-02-02 22:32:00
720000000000001126,710000000000000226,2043642606338904285,1126,2026-02-02 22:32:00,2026-02-02 22:34:00
720000000000001127,710000000000000226,2043642606338904286,1127,2026-02-02 22:34:00,2026-02-02 22:36:00
720000000000001128,710000000000000226,2043642606338904287,1128,2026-02-02 22:36:00,2026-02-02 22:38:00
720000000000001129,710000000000000227,2043642606338904288,1129,2026-02-02 22:38:00,2026-02-02 22:40:00
720000000000001130,710000000000000227,2043642606338904289,1130,2026-02-02 22:40:00,2026-02-02 22:42:00
720000000000001131,710000000000000227,2043642606338904290,1131,2026-02-02 22:42:00,2026-02-02 22:44:00
720000000000001132,710000000000000227,2043642606338904291,1132,2026-02-02 22:44:00,2026-02-02 22:46:00
720000000000001133,710000000000000227,2043642606338904292,1133,2026-02-02 22:46:00,2026-02-02 22:48:00
720000000000001134,710000000000000228,2043642606338904293,1134,2026-02-02 22:48:00,2026-02-02 22:50:00
720000000000001135,710000000000000228,2043642606338904294,1135,2026-02-02 22:50:00,2026-02-02 22:52:00
720000000000001136,710000000000000228,2043642606338904295,1136,2026-02-02 22:52:00,2026-02-02 22:54:00
720000000000001137,710000000000000228,2043642606338904296,1137,2026-02-02 22:54:00,2026-02-02 22:56:00
720000000000001138,710000000000000228,2043642606338904297,1138,2026-02-02 22:56:00,2026-02-02 22:58:00
720000000000001139,710000000000000229,2043642606338904298,1139,2026-02-02 22:58:00,2026-02-02 23:00:00
720000000000001140,710000000000000229,2043642606338904299,1140,2026-02-02 23:00:00,2026-02-02 23:02:00
720000000000001141,710000000000000229,2043642606338904300,1141,2026-02-02 23:02:00,2026-02-02 23:04:00
720000000000001142,710000000000000229,2043642606338904301,1142,2026-02-02 23:04:00,2026-02-02 23:06:00
720000000000001143,710000000000000229,2043642606338904302,1143,2026-02-02 23:06:00,2026-02-02 23:08:00
720000000000001144,710000000000000230,2043642606338904303,1144,2026-02-02 23:08:00,2026-02-02 23:10:00
720000000000001145,710000000000000230,2043642606338904304,1145,2026-02-02 23:10:00,2026-02-02 23:12:00
720000000000001146,710000000000000230,2043642606338904305,1146,2026-02-02 23:12:00,2026-02-02 23:14:00
720000000000001147,710000000000000230,2043642606338904306,1147,2026-02-02 23:14:00,2026-02-02 23:16:00
720000000000001148,710000000000000230,2043642606338904307,1148,2026-02-02 23:16:00,2026-02-02 23:18:00
720000000000001149,710000000000000231,2043642606338904308,1149,2026-02-02 23:18:00,2026-02-02 23:20:00
720000000000001150,710000000000000231,2043642606338904309,1150,2026-02-02 23:20:00,2026-02-02 23:22:00
720000000000001151,710000000000000231,2043642606338904310,1151,2026-02-02 23:22:00,2026-02-02 23:24:00
720000000000001152,710000000000000231,2043642606338904311,1152,2026-02-02 23:24:00,2026-02-02 23:26:00
720000000000001153,710000000000000231,2043642606338904312,1153,2026-02-02 23:26:00,2026-02-02 23:28:00
720000000000001154,710000000000000232,2043642606338904313,1154,2026-02-02 23:28:00,2026-02-02 23:30:00
720000000000001155,710000000000000232,2043642606338904314,1155,2026-02-02 23:30:00,2026-02-02 23:32:00
720000000000001156,710000000000000232,2043642606338904315,1156,2026-02-02 23:32:00,2026-02-02 23:34:00
720000000000001157,710000000000000232,2043642606338904316,1157,2026-02-02 23:34:00,2026-02-02 23:36:00
720000000000001158,710000000000000232,2043642606338904317,1158,2026-02-02 23:36:00,2026-02-02 23:38:00
720000000000001159,710000000000000233,2043642606338904318,1159,2026-02-02 23:38:00,2026-02-02 23:40:00
720000000000001160,710000000000000233,2043642606338904319,1160,2026-02-02 23:40:00,2026-02-02 23:42:00
720000000000001161,710000000000000233,2043642606338904320,1161,2026-02-02 23:42:00,2026-02-02 23:44:00
720000000000001162,710000000000000233,2043642606338904321,1162,2026-02-02 23:44:00,2026-02-02 23:46:00
720000000000001163,710000000000000233,2043642606338904322,1163,2026-02-02 23:46:00,2026-02-02 23:48:00
720000000000001164,710000000000000234,2043642606338904323,1164,2026-02-02 23:48:00,2026-02-02 23:50:00
720000000000001165,710000000000000234,2043642606338904324,1165,2026-02-02 23:50:00,2026-02-02 23:52:00
720000000000001166,710000000000000234,2043642606338904325,1166,2026-02-02 23:52:00,2026-02-02 23:54:00
720000000000001167,710000000000000234,2043642606338904326,1167,2026-02-02 23:54:00,2026-02-02 23:56:00
720000000000001168,710000000000000234,2043642606338904327,1168,2026-02-02 23:56:00,2026-02-02 23:58:00
720000000000001169,710000000000000235,2043642606338904328,1169,2026-02-02 23:58:00,2026-02-03 00:00:00
720000000000001170,710000000000000235,2043642606338904329,1170,2026-02-03 00:00:00,2026-02-03 00:02:00
720000000000001171,710000000000000235,2043642606338904330,1171,2026-02-03 00:02:00,2026-02-03 00:04:00
720000000000001172,710000000000000235,2043642606338904331,1172,2026-02-03 00:04:00,2026-02-03 00:06:00
720000000000001173,710000000000000235,2043642606338904332,1173,2026-02-03 00:06:00,2026-02-03 00:08:00
720000000000001174,710000000000000236,2043642606338904333,1174,2026-02-03 00:08:00,2026-02-03 00:10:00
720000000000001175,710000000000000236,2043642606338904334,1175,2026-02-03 00:10:00,2026-02-03 00:12:00
720000000000001176,710000000000000236,2043642606338904335,1176,2026-02-03 00:12:00,2026-02-03 00:14:00
720000000000001177,710000000000000236,2043642606338904336,1177,2026-02-03 00:14:00,2026-02-03 00:16:00
720000000000001178,710000000000000236,2043642606338904337,1178,2026-02-03 00:16:00,2026-02-03 00:18:00
720000000000001179,710000000000000237,2043642606338904338,1179,2026-02-03 00:18:00,2026-02-03 00:20:00
720000000000001180,710000000000000237,2043642606338904339,1180,2026-02-03 00:20:00,2026-02-03 00:22:00
720000000000001181,710000000000000237,2043642606338904340,1181,2026-02-03 00:22:00,2026-02-03 00:24:00
720000000000001182,710000000000000237,2043642606338904341,1182,2026-02-03 00:24:00,2026-02-03 00:26:00
720000000000001183,710000000000000237,2043642606338904342,1183,2026-02-03 00:26:00,2026-02-03 00:28:00
720000000000001184,710000000000000238,2043642606338904343,1184,2026-02-03 00:28:00,2026-02-03 00:30:00
720000000000001185,710000000000000238,2043642606338904344,1185,2026-02-03 00:30:00,2026-02-03 00:32:00
720000000000001186,710000000000000238,2043642606338904345,1186,2026-02-03 00:32:00,2026-02-03 00:34:00
720000000000001187,710000000000000238,2043642606338904346,1187,2026-02-03 00:34:00,2026-02-03 00:36:00
720000000000001188,710000000000000238,2043642606338904347,1188,2026-02-03 00:36:00,2026-02-03 00:38:00
720000000000001189,710000000000000239,2043642606338904348,1189,2026-02-03 00:38:00,2026-02-03 00:40:00
720000000000001190,710000000000000239,2043642606338904349,1190,2026-02-03 00:40:00,2026-02-03 00:42:00
720000000000001191,710000000000000239,2043642606338904350,1191,2026-02-03 00:42:00,2026-02-03 00:44:00
720000000000001192,710000000000000239,2043642606338904351,1192,2026-02-03 00:44:00,2026-02-03 00:46:00
720000000000001193,710000000000000239,2043642606338904352,1193,2026-02-03 00:46:00,2026-02-03 00:48:00
720000000000001194,710000000000000240,2043642606338904353,1194,2026-02-03 00:48:00,2026-02-03 00:50:00
720000000000001195,710000000000000240,2043642606338904354,1195,2026-02-03 00:50:00,2026-02-03 00:52:00
720000000000001196,710000000000000240,2043642606338904355,1196,2026-02-03 00:52:00,2026-02-03 00:54:00
720000000000001197,710000000000000240,2043642606338904356,1197,2026-02-03 00:54:00,2026-02-03 00:56:00
720000000000001198,710000000000000240,2043642606338904357,1198,2026-02-03 00:56:00,2026-02-03 00:58:00
720000000000001199,710000000000000001,2043642606338904358,1199,2026-02-03 00:58:00,2026-02-03 01:00:00
720000000000001200,710000000000000001,2043642606338904359,1200,2026-02-03 01:00:00,2026-02-03 01:02:00
