id,forum_id,user_id,parent_id,root_id,reply_to_comment_id,reply_user_name,status,like_count,content,create_time,update_time
1,710000000000000001,2043642606338903500,0,1,0,,1,3,主楼评论A 针对论坛710000000000000001 的看法,2026-02-01 09:01:00,2026-02-01 09:06:00
2,710000000000000001,2043642606338903501,0,2,0,,1,8,主楼评论B 补充论坛710000000000000001 的观点,2026-02-01 09:04:00,2026-02-01 09:10:00
3,710000000000000001,2043642606338903502,1,1,1,用户2043642606338903500,1,13,回复主楼A 提供补充信息,2026-02-01 09:07:00,2026-02-01 09:11:00
4,710000000000000001,2043642606338903503,1,1,3,用户2043642606338903502,1,18,回复楼中楼 继续讨论细节,2026-02-01 09:10:00,2026-02-01 09:14:00
5,710000000000000001,2043642606338903504,2,2,2,用户2043642606338903501,1,23,回复主楼B 给出不同建议,2026-02-01 09:13:00,2026-02-01 09:16:00
6,710000000000000002,2043642606338903505,0,6,0,,1,28,主楼评论A 针对论坛710000000000000002 的看法,2026-02-01 09:16:00,2026-02-01 09:21:00
7,710000000000000002,2043642606338903506,0,7,0,,1,33,主楼评论B 补充论坛710000000000000002 的观点,2026-02-01 09:19:00,2026-02-01 09:25:00
8,710000000000000002,2043642606338903507,6,6,6,用户2043642606338903505,1,38,回复主楼A 提供补充信息,2026-02-01 09:22:00,2026-02-01 09:26:00
9,710000000000000002,2043642606338903508,6,6,8,用户2043642606338903507,1,43,回复楼中楼 继续讨论细节,2026-02-01 09:25:00,2026-02-01 09:29:00
10,710000000000000002,2043642606338903509,7,7,7,用户2043642606338903506,1,48,回复主楼B 给出不同建议,2026-02-01 09:28:00,2026-02-01 09:31:00
11,710000000000000003,2043642606338903510,0,11,0,,1,53,主楼评论A 针对论坛710000000000000003 的看法,2026-02-01 09:31:00,2026-02-01 09:36:00
12,710000000000000003,2043642606338903511,0,12,0,,1,58,主楼评论B 补充论坛710000000000000003 的观点,2026-02-01 09:34:00,2026-02-01 09:40:00
13,710000000000000003,2043642606338903512,11,11,11,用户2043642606338903510,1,63,回复主楼A 提供补充信息,2026-02-01 09:37:00,2026-02-01 09:41:00
14,710000000000000003,2043642606338903513,11,11,13,用户2043642606338903512,1,68,回复楼中楼 继续讨论细节,2026-02-01 09:40:00,2026-02-01 09:44:00
15,710000000000000003,2043642606338903514,12,12,12,用户2043642606338903511,1,73,回复主楼B 给出不同建议,2026-02-01 09:43:00,2026-02-01 09:46:00
16,710000000000000004,2043642606338903515,0,16,0,,1,78,主楼评论A 针对论坛710000000000000004 的看法,2026-02-01 09:46:00,2026-02-01 09:51:00
17,710000000000000004,2043642606338903516,0,17,0,,1,83,主楼评论B 补充论坛710000000000000004 的观点,2026-02-01 09:49:00,2026-02-01 09:55:00
18,710000000000000004,2043642606338903517,16,16,16,用户2043642606338903515,1,88,回复主楼A 提供补充信息,2026-02-01 09:52:00,2026-02-01 09:56:00
19,710000000000000004,2043642606338903518,16,16,18,用户2043642606338903517,1,93,回复楼中楼 继续讨论细节,2026-02-01 09:55:00,2026-02-01 09:59:00
20,710000000000000004,2043642606338903519,17,17,17,用户2043642606338903516,1,98,回复主楼B 给出不同建议,2026-02-01 09:58:00,2026-02-01 10:01:00
21,710000000000000005,2043642606338903520,0,21,0,,1,103,主楼评论A 针对论坛710000000000000005 的看法,2026-02-01 10:01:00,2026-02-01 10:06:00
22,710000000000000005,2043642606338903521,0,22,0,,1,108,主楼评论B 补充论坛710000000000000005 的观点,2026-02-01 10:04:00,2026-02-01 10:10:00
23,710000000000000005,2043642606338903522,21,21,21,用户2043642606338903520,1,113,回复主楼A 提供补充信息,2026-02-01 10:07:00,2026-02-01 10:11:00
24,710000000000000005,2043642606338903523,21,21,23,用户2043642606338903522,1,118,回复楼中楼 继续讨论细节,2026-02-01 10:10:00,2026-02-01 10:14:00
25,710000000000000005,2043642606338903524,22,22,22,用户2043642606338903521,1,3,回复主楼B 给出不同建议,2026-02-01 10:13:00,2026-02-01 10:16:00
26,710000000000000006,2043642606338903525,0,26,0,,1,8,主楼评论A 针对论坛710000000000000006 的看法,2026-02-01 10:16:00,2026-02-01 10:21:00
27,710000000000000006,2043642606338903526,0,27,0,,1,13,主楼评论B 补充论坛710000000000000006 的观点,2026-02-01 10:19:00,2026-02-01 10:25:00
28,710000000000000006,2043642606338903527,26,26,26,用户2043642606338903525,1,18,回复主楼A 提供补充信息,2026-02-01 10:22:00,2026-02-01 10:26:00
29,710000000000000006,2043642606338903528,26,26,28,用户2043642606338903527,1,23,回复楼中楼 继续讨论细节,2026-02-01 10:25:00,2026-02-01 10:29:00
30,710000000000000006,2043642606338903529,27,27,27,用户2043642606338903526,1,28,回复主楼B 给出不同建议,2026-02-01 10:28:00,2026-02-01 10:31:00
31,710000000000000007,2043642606338903530,0,31,0,,1,33,主楼评论A 针对论坛710000000000000007 的看法,2026-02-01 10:31:00,2026-02-01 10:36:00
32,710000000000000007,2043642606338903531,0,32,0,,1,38,主楼评论B 补充论坛710000000000000007 的观点,2026-02-01 10:34:00,2026-02-01 10:40:00
33,710000000000000007,2043642606338903532,31,31,31,用户2043642606338903530,1,43,回复主楼A 提供补充信息,2026-02-01 10:37:00,2026-02-01 10:41:00
34,710000000000000007,2043642606338903533,31,31,33,用户2043642606338903532,1,48,回复楼中楼 继续讨论细节,2026-02-01 10:40:00,2026-02-01 10:44:00
35,710000000000000007,2043642606338903534,32,32,32,用户2043642606338903531,1,53,回复主楼B 给出不同建议,2026-02-01 10:43:00,2026-02-01 10:46:00
36,710000000000000008,2043642606338903535,0,36,0,,1,58,主楼评论A 针对论坛710000000000000008 的看法,2026-02-01 10:46:00,2026-02-01 10:51:00
37,710000000000000008,2043642606338903536,0,37,0,,1,63,主楼评论B 补充论坛710000000000000008 的观点,2026-02-01 10:49:00,2026-02-01 10:55:00
38,710000000000000008,2043642606338903537,36,36,36,用户2043642606338903535,1,68,回复主楼A 提供补充信息,2026-02-01 10:52:00,2026-02-01 10:56:00
39,710000000000000008,2043642606338903538,36,36,38,用户2043642606338903537,1,73,回复楼中楼 继续讨论细节,2026-02-01 10:55:00,2026-02-01 10:59:00
40,710000000000000008,2043642606338903539,37,37,37,用户2043642606338903536,1,78,回复主楼B 给出不同建议,2026-02-01 10:58:00,2026-02-01 11:01:00
41,710000000000000009,2043642606338903540,0,41,0,,1,83,主楼评论A 针对论坛710000000000000009 的看法,2026-02-01 11:01:00,2026-02-01 11:06:00
42,710000000000000009,2043642606338903541,0,42,0,,1,88,主楼评论B 补充论坛710000000000000009 的观点,2026-02-01 11:04:00,2026-02-01 11:10:00
43,710000000000000009,2043642606338903542,41,41,41,用户2043642606338903540,1,93,回复主楼A 提供补充信息,2026-02-01 11:07:00,2026-02-01 11:11:00
44,710000000000000009,2043642606338903543,41,41,43,用户2043642606338903542,1,98,回复楼中楼 继续讨论细节,2026-02-01 11:10:00,2026-02-01 11:14:00
45,710000000000000009,2043642606338903544,42,42,42,用户2043642606338903541,1,103,回复主楼B 给出不同建议,2026-02-01 11:13:00,2026-02-01 11:16:00
46,710000000000000010,2043642606338903545,0,46,0,,1,108,主楼评论A 针对论坛710000000000000010 的看法,2026-02-01 11:16:00,2026-02-01 11:21:00
47,710000000000000010,2043642606338903546,0,47,0,,1,113,主楼评论B 补充论坛710000000000000010 的观点,2026-02-01 11:19:00,2026-02-01 11:25:00
48,710000000000000010,2043642606338903547,46,46,46,用户2043642606338903545,1,118,回复主楼A 提供补充信息,2026-02-01 11:22:00,2026-02-01 11:26:00
49,710000000000000010,2043642606338903548,46,46,48,用户2043642606338903547,1,3,回复楼中楼 继续讨论细节,2026-02-01 11:25:00,2026-02-01 11:29:00
50,710000000000000010,2043642606338903549,47,47,47,用户2043642606338903546,1,8,回复主楼B 给出不同建议,2026-02-01 11:28:00,2026-02-01 11:31:00
51,710000000000000011,2043642606338903550,0,51,0,,1,13,主楼评论A 针对论坛710000000000000011 的看法,2026-02-01 11:31:00,2026-02-01 11:36:00
52,710000000000000011,2043642606338903551,0,52,0,,1,18,主楼评论B 补充论坛710000000000000011 的观点,2026-02-01 11:34:00,2026-02-01 11:40:00
53,710000000000000011,2043642606338903552,51,51,51,用户2043642606338903550,1,23,回复主楼A 提供补充信息,2026-02-01 11:37:00,2026-02-01 11:41:00
54,710000000000000011,2043642606338903553,51,51,53,用户2043642606338903552,1,28,回复楼中楼 继续讨论细节,2026-02-01 11:40:00,2026-02-01 11:44:00
55,710000000000000011,2043642606338903554,52,52,52,用户2043642606338903551,1,33,回复主楼B 给出不同建议,2026-02-01 11:43:00,2026-02-01 11:46:00
56,710000000000000012,2043642606338903555,0,56,0,,1,38,主楼评论A 针对论坛710000000000000012 的看法,2026-02-01 11:46:00,2026-02-01 11:51:00
57,710000000000000012,2043642606338903556,0,57,0,,1,43,主楼评论B 补充论坛710000000000000012 的观点,2026-02-01 11:49:00,2026-02-01 11:55:00
58,710000000000000012,2043642606338903557,56,56,56,用户2043642606338903555,1,48,回复主楼A 提供补充信息,2026-02-01 11:52:00,2026-02-01 11:56:00
59,710000000000000012,2043642606338903558,56,56,58,用户2043642606338903557,1,53,回复楼中楼 继续讨论细节,2026-02-01 11:55:00,2026-02-01 11:59:00
60,710000000000000012,2043642606338903559,57,57,57,用户2043642606338903556,1,58,回复主楼B 给出不同建议,2026-02-01 11:58:00,2026-02-01 12:01:00
61,710000000000000013,2043642606338903560,0,61,0,,1,63,主楼评论A 针对论坛710000000000000013 的看法,2026-02-01 12:01:00,2026-02-01 12:06:00
62,710000000000000013,2043642606338903561,0,62,0,,1,68,主楼评论B 补充论坛710000000000000013 的观点,2026-02-01 12:04:00,2026-02-01 12:10:00
63,710000000000000013,2043642606338903562,61,61,61,用户2043642606338903560,1,73,回复主楼A 提供补充信息,2026-02-01 12:07:00,2026-02-01 12:11:00
64,710000000000000013,2043642606338903563,61,61,63,用户2043642606338903562,1,78,回复楼中楼 继续讨论细节,2026-02-01 12:10:00,2026-02-01 12:14:00
65,710000000000000013,2043642606338903564,62,62,62,用户2043642606338903561,1,83,回复主楼B 给出不同建议,2026-02-01 12:13:00,2026-02-01 12:16:00
66,710000000000000014,2043642606338903565,0,66,0,,1,88,主楼评论A 针对论坛710000000000000014 的看法,2026-02-01 12:16:00,2026-02-01 12:21:00
67,710000000000000014,2043642606338903566,0,67,0,,1,93,主楼评论B 补充论坛710000000000000014 的观点,2026-02-01 12:19:00,2026-02-01 12:25:00
68,710000000000000014,2043642606338903567,66,66,66,用户2043642606338903565,1,98,回复主楼A 提供补充信息,2026-02-01 12:22:00,2026-02-01 12:26:00
69,710000000000000014,2043642606338903568,66,66,68,用户2043642606338903567,1,103,回复楼中楼 继续讨论细节,2026-02-01 12:25:00,2026-02-01 12:29:00
70,710000000000000014,2043642606338903569,67,67,67,用户2043642606338903566,1,108,回复主楼B 给出不同建议,2026-02-01 12:28:00,2026-02-01 12:31:00
71,710000000000000015,2043642606338903570,0,71,0,,1,113,主楼评论A 针对论坛710000000000000015 的看法,2026-02-01 12:31:00,2026-02-01 12:36:00
72,710000000000000015,2043642606338903571,0,72,0,,1,118,主楼评论B 补充论坛710000000000000015 的观点,2026-02-01 12:34:00,2026-02-01 12:40:00
73,710000000000000015,2043642606338903572,71,71,71,用户2043642606338903570,1,3,回复主楼A 提供补充信息,2026-02-01 12:37:00,2026-02-01 12:41:00
74,710000000000000015,2043642606338903573,71,71,73,用户2043642606338903572,1,8,回复楼中楼 继续讨论细节,2026-02-01 12:40:00,2026-02-01 12:44:00
75,710000000000000015,2043642606338903574,72,72,72,用户2043642606338903571,1,13,回复主楼B 给出不同建议,2026-02-01 12:43:00,2026-02-01 12:46:00
76,710000000000000016,2043642606338903575,0,76,0,,1,18,主楼评论A 针对论坛710000000000000016 的看法,2026-02-01 12:46:00,2026-02-01 12:51:00
77,710000000000000016,2043642606338903576,0,77,0,,1,23,主楼评论B 补充论坛710000000000000016 的观点,2026-02-01 12:49:00,2026-02-01 12:55:00
78,710000000000000016,2043642606338903577,76,76,76,用户2043642606338903575,1,28,回复主楼A 提供补充信息,2026-02-01 12:52:00,2026-02-01 12:56:00
79,710000000000000016,2043642606338903578,76,76,78,用户2043642606338903577,1,33,回复楼中楼 继续讨论细节,2026-02-01 12:55:00,2026-02-01 12:59:00
80,710000000000000016,2043642606338903579,77,77,77,用户2043642606338903576,1,38,回复主楼B 给出不同建议,2026-02-01 12:58:00,2026-02-01 13:01:00
81,710000000000000017,2043642606338903580,0,81,0,,1,43,主楼评论A 针对论坛710000000000000017 的看法,2026-02-01 13:01:00,2026-02-01 13:06:00
82,710000000000000017,2043642606338903581,0,82,0,,1,48,主楼评论B 补充论坛710000000000000017 的观点,2026-02-01 13:04:00,2026-02-01 13:10:00
83,710000000000000017,2043642606338903582,81,81,81,用户2043642606338903580,1,53,回复主楼A 提供补充信息,2026-02-01 13:07:00,2026-02-01 13:11:00
84,710000000000000017,2043642606338903583,81,81,83,用户2043642606338903582,1,58,回复楼中楼 继续讨论细节,2026-02-01 13:10:00,2026-02-01 13:14:00
85,710000000000000017,2043642606338903584,82,82,82,用户2043642606338903581,1,63,回复主楼B 给出不同建议,2026-02-01 13:13:00,2026-02-01 13:16:00
86,710000000000000018,2043642606338903585,0,86,0,,1,68,主楼评论A 针对论坛710000000000000018 的看法,2026-02-01 13:16:00,2026-02-01 13:21:00
87,710000000000000018,2043642606338903586,0,87,0,,1,73,主楼评论B 补充论坛710000000000000018 的观点,2026-02-01 13:19:00,2026-02-01 13:25:00
88,710000000000000018,2043642606338903587,86,86,86,用户2043642606338903585,1,78,回复主楼A 提供补充信息,2026-02-01 13:22:00,2026-02-01 13:26:00
89,710000000000000018,2043642606338903588,86,86,88,用户2043642606338903587,1,83,回复楼中楼 继续讨论细节,2026-02-01 13:25:00,2026-02-01 13:29:00
90,710000000000000018,2043642606338903589,87,87,87,用户2043642606338903586,1,88,回复主楼B 给出不同建议,2026-02-01 13:28:00,2026-02-01 13:31:00
91,710000000000000019,2043642606338903590,0,91,0,,1,93,主楼评论A 针对论坛710000000000000019 的看法,2026-02-01 13:31:00,2026-02-01 13:36:00
92,710000000000000019,2043642606338903591,0,92,0,,1,98,主楼评论B 补充论坛710000000000000019 的观点,2026-02-01 13:34:00,2026-02-01 13:40:00
93,710000000000000019,2043642606338903592,91,91,91,用户2043642606338903590,1,103,回复主楼A 提供补充信息,2026-02-01 13:37:00,2026-02-01 13:41:00
94,710000000000000019,2043642606338903593,91,91,93,用户2043642606338903592,1,108,回复楼中楼 继续讨论细节,2026-02-01 13:40:00,2026-02-01 13:44:00
95,710000000000000019,2043642606338903594,92,92,92,用户2043642606338903591,1,113,回复主楼B 给出不同建议,2026-02-01 13:43:00,2026-02-01 13:46:00
96,710000000000000020,2043642606338903595,0,96,0,,1,118,主楼评论A 针对论坛710000000000000020 的看法,2026-02-01 13:46:00,2026-02-01 13:51:00
97,710000000000000020,2043642606338903596,0,97,0,,1,3,主楼评论B 补充论坛710000000000000020 的观点,2026-02-01 13:49:00,2026-02-01 13:55:00
98,710000000000000020,2043642606338903597,96,96,96,用户2043642606338903595,1,8,回复主楼A 提供补充信息,2026-02-01 13:52:00,2026-02-01 13:56:00
99,710000000000000020,2043642606338903598,96,96,98,用户2043642606338903597,1,13,回复楼中楼 继续讨论细节,2026-02-01 13:55:00,2026-02-01 13:59:00
100,710000000000000020,2043642606338903599,97,97,97,用户2043642606338903596,1,18,回复主楼B 给出不同建议,2026-02-01 13:58:00,2026-02-01 14:01:00
101,710000000000000021,2043642606338903600,0,101,0,,1,23,主楼评论A 针对论坛710000000000000021 的看法,2026-02-01 14:01:00,2026-02-01 14:06:00
102,710000000000000021,2043642606338903601,0,102,0,,1,28,主楼评论B 补充论坛710000000000000021 的观点,2026-02-01 14:04:00,2026-02-01 14:10:00
103,710000000000000021,2043642606338903602,101,101,101,用户2043642606338903600,1,33,回复主楼A 提供补充信息,2026-02-01 14:07:00,2026-02-01 14:11:00
104,710000000000000021,2043642606338903603,101,101,103,用户2043642606338903602,1,38,回复楼中楼 继续讨论细节,2026-02-01 14:10:00,2026-02-01 14:14:00
105,710000000000000021,2043642606338903604,102,102,102,用户2043642606338903601,1,43,回复主楼B 给出不同建议,2026-02-01 14:13:00,2026-02-01 14:16:00
106,710000000000000022,2043642606338903605,0,106,0,,1,48,主楼评论A 针对论坛710000000000000022 的看法,2026-02-01 14:16:00,2026-02-01 14:21:00
107,710000000000000022,2043642606338903606,0,107,0,,1,53,主楼评论B 补充论坛710000000000000022 的观点,2026-02-01 14:19:00,2026-02-01 14:25:00
108,710000000000000022,2043642606338903607,106,106,106,用户2043642606338903605,1,58,回复主楼A 提供补充信息,2026-02-01 14:22:00,2026-02-01 14:26:00
109,710000000000000022,2043642606338903608,106,106,108,用户2043642606338903607,1,63,回复楼中楼 继续讨论细节,2026-02-01 14:25:00,2026-02-01 14:29:00
110,710000000000000022,2043642606338903609,107,107,107,用户2043642606338903606,1,68,回复主楼B 给出不同建议,2026-02-01 14:28:00,2026-02-01 14:31:00
111,710000000000000023,2043642606338903610,0,111,0,,1,73,主楼评论A 针对论坛710000000000000023 的看法,2026-02-01 14:31:00,2026-02-01 14:36:00
112,710000000000000023,2043642606338903611,0,112,0,,1,78,主楼评论B 补充论坛710000000000000023 的观点,2026-02-01 14:34:00,2026-02-01 14:40:00
113,710000000000000023,2043642606338903612,111,111,111,用户2043642606338903610,1,83,回复主楼A 提供补充信息,2026-02-01 14:37:00,2026-02-01 14:41:00
114,710000000000000023,2043642606338903613,111,111,113,用户2043642606338903612,1,88,回复楼中楼 继续讨论细节,2026-02-01 14:40:00,2026-02-01 14:44:00
115,710000000000000023,2043642606338903614,112,112,112,用户2043642606338903611,1,93,回复主楼B 给出不同建议,2026-02-01 14:43:00,2026-02-01 14:46:00
116,710000000000000024,2043642606338903615,0,116,0,,1,98,主楼评论A 针对论坛710000000000000024 的看法,2026-02-01 14:46:00,2026-02-01 14:51:00
117,710000000000000024,2043642606338903616,0,117,0,,1,103,主楼评论B 补充论坛710000000000000024 的观点,2026-02-01 14:49:00,2026-02-01 14:55:00
118,710000000000000024,2043642606338903617,116,116,116,用户2043642606338903615,1,108,回复主楼A 提供补充信息,2026-02-01 14:52:00,2026-02-01 14:56:00
119,710000000000000024,2043642606338903618,116,116,118,用户2043642606338903617,1,113,回复楼中楼 继续讨论细节,2026-02-01 14:55:00,2026-02-01 14:59:00
120,710000000000000024,2043642606338903619,117,117,117,用户2043642606338903616,1,118,回复主楼B 给出不同建议,2026-02-01 14:58:00,2026-02-01 15:01:00
121,710000000000000025,2043642606338903620,0,121,0,,1,3,主楼评论A 针对论坛710000000000000025 的看法,2026-02-01 15:01:00,2026-02-01 15:06:00
122,710000000000000025,2043642606338903621,0,122,0,,1,8,主楼评论B 补充论坛710000000000000025 的观点,2026-02-01 15:04:00,2026-02-01 15:10:00
123,710000000000000025,2043642606338903622,121,121,121,用户2043642606338903620,1,13,回复主楼A 提供补充信息,2026-02-01 15:07:00,2026-02-01 15:11:00
124,710000000000000025,2043642606338903623,121,121,123,用户2043642606338903622,1,18,回复楼中楼 继续讨论细节,2026-02-01 15:10:00,2026-02-01 15:14:00
125,710000000000000025,2043642606338903624,122,122,122,用户2043642606338903621,1,23,回复主楼B 给出不同建议,2026-02-01 15:13:00,2026-02-01 15:16:00
126,710000000000000026,2043642606338903625,0,126,0,,1,28,主楼评论A 针对论坛710000000000000026 的看法,2026-02-01 15:16:00,2026-02-01 15:21:00
127,710000000000000026,2043642606338903626,0,127,0,,1,33,主楼评论B 补充论坛710000000000000026 的观点,2026-02-01 15:19:00,2026-02-01 15:25:00
128,710000000000000026,2043642606338903627,126,126,126,用户2043642606338903625,1,38,回复主楼A 提供补充信息,2026-02-01 15:22:00,2026-02-01 15:26:00
129,710000000000000026,2043642606338903628,126,126,128,用户2043642606338903627,1,43,回复楼中楼 继续讨论细节,2026-02-01 15:25:00,2026-02-01 15:29:00
130,710000000000000026,2043642606338903629,127,127,127,用户2043642606338903626,1,48,回复主楼B 给出不同建议,2026-02-01 15:28:00,2026-02-01 15:31:00
131,710000000000000027,2043642606338903630,0,131,0,,1,53,主楼评论A 针对论坛710000000000000027 的看法,2026-02-01 15:31:00,2026-02-01 15:36:00
132,710000000000000027,2043642606338903631,0,132,0,,1,58,主楼评论B 补充论坛710000000000000027 的观点,2026-02-01 15:34:00,2026-02-01 15:40:00
133,710000000000000027,2043642606338903632,131,131,131,用户2043642606338903630,1,63,回复主楼A 提供补充信息,2026-02-01 15:37:00,2026-02-01 15:41:00
134,710000000000000027,2043642606338903633,131,131,133,用户2043642606338903632,1,68,回复楼中楼 继续讨论细节,2026-02-01 15:40:00,2026-02-01 15:44:00
135,710000000000000027,2043642606338903634,132,132,132,用户2043642606338903631,1,73,回复主楼B 给出不同建议,2026-02-01 15:43:00,2026-02-01 15:46:00
136,710000000000000028,2043642606338903635,0,136,0,,1,78,主楼评论A 针对论坛710000000000000028 的看法,2026-02-01 15:46:00,2026-02-01 15:51:00
137,710000000000000028,2043642606338903636,0,137,0,,1,83,主楼评论B 补充论坛710000000000000028 的观点,2026-02-01 15:49:00,2026-02-01 15:55:00
138,710000000000000028,2043642606338903637,136,136,136,用户2043642606338903635,1,88,回复主楼A 提供补充信息,2026-02-01 15:52:00,2026-02-01 15:56:00
139,710000000000000028,2043642606338903638,136,136,138,用户2043642606338903637,1,93,回复楼中楼 继续讨论细节,2026-02-01 15:55:00,2026-02-01 15:59:00
140,710000000000000028,2043642606338903639,137,137,137,用户2043642606338903636,1,98,回复主楼B 给出不同建议,2026-02-01 15:58:00,2026-02-01 16:01:00
141,710000000000000029,2043642606338903640,0,141,0,,1,103,主楼评论A 针对论坛710000000000000029 的看法,2026-02-01 16:01:00,2026-02-01 16:06:00
142,710000000000000029,2043642606338903641,0,142,0,,1,108,主楼评论B 补充论坛710000000000000029 的观点,2026-02-01 16:04:00,2026-02-01 16:10:00
143,710000000000000029,2043642606338903642,141,141,141,用户2043642606338903640,1,113,回复主楼A 提供补充信息,2026-02-01 16:07:00,2026-02-01 16:11:00
144,710000000000000029,2043642606338903643,141,141,143,用户2043642606338903642,1,118,回复楼中楼 继续讨论细节,2026-02-01 16:10:00,2026-02-01 16:14:00
145,710000000000000029,2043642606338903644,142,142,142,用户2043642606338903641,1,3,回复主楼B 给出不同建议,2026-02-01 16:13:00,2026-02-01 16:16:00
146,710000000000000030,2043642606338903645,0,146,0,,1,8,主楼评论A 针对论坛710000000000000030 的看法,2026-02-01 16:16:00,2026-02-01 16:21:00
147,710000000000000030,2043642606338903646,0,147,0,,1,13,主楼评论B 补充论坛710000000000000030 的观点,2026-02-01 16:19:00,2026-02-01 16:25:00
148,710000000000000030,2043642606338903647,146,146,146,用户2043642606338903645,1,18,回复主楼A 提供补充信息,2026-02-01 16:22:00,2026-02-01 16:26:00
149,710000000000000030,2043642606338903648,146,146,148,用户2043642606338903647,1,23,回复楼中楼 继续讨论细节,2026-02-01 16:25:00,2026-02-01 16:29:00
150,710000000000000030,2043642606338903649,147,147,147,用户2043642606338903646,1,28,回复主楼B 给出不同建议,2026-02-01 16:28:00,2026-02-01 16:31:00
151,710000000000000031,2043642606338903500,0,151,0,,1,33,主楼评论A 针对论坛710000000000000031 的看法,2026-02-01 16:31:00,2026-02-01 16:36:00
152,710000000000000031,2043642606338903501,0,152,0,,1,38,主楼评论B 补充论坛710000000000000031 的观点,2026-02-01 16:34:00,2026-02-01 16:40:00
153,710000000000000031,2043642606338903502,151,151,151,用户2043642606338903500,1,43,回复主楼A 提供补充信息,2026-02-01 16:37:00,2026-02-01 16:41:00
154,710000000000000031,2043642606338903503,151,151,153,用户2043642606338903502,1,48,回复楼中楼 继续讨论细节,2026-02-01 16:40:00,2026-02-01 16:44:00
155,710000000000000031,2043642606338903504,152,152,152,用户2043642606338903501,1,53,回复主楼B 给出不同建议,2026-02-01 16:43:00,2026-02-01 16:46:00
156,710000000000000032,2043642606338903505,0,156,0,,1,58,主楼评论A 针对论坛710000000000000032 的看法,2026-02-01 16:46:00,2026-02-01 16:51:00
157,710000000000000032,2043642606338903506,0,157,0,,1,63,主楼评论B 补充论坛710000000000000032 的观点,2026-02-01 16:49:00,2026-02-01 16:55:00
158,710000000000000032,2043642606338903507,156,156,156,用户2043642606338903505,1,68,回复主楼A 提供补充信息,2026-02-01 16:52:00,2026-02-01 16:56:00
159,710000000000000032,2043642606338903508,156,156,158,用户2043642606338903507,1,73,回复楼中楼 继续讨论细节,2026-02-01 16:55:00,2026-02-01 16:59:00
160,710000000000000032,2043642606338903509,157,157,157,用户2043642606338903506,1,78,回复主楼B 给出不同建议,2026-02-01 16:58:00,2026-02-01 17:01:00
161,710000000000000033,2043642606338903510,0,161,0,,1,83,主楼评论A 针对论坛710000000000000033 的看法,2026-02-01 17:01:00,2026-02-01 17:06:00
162,710000000000000033,2043642606338903511,0,162,0,,1,88,主楼评论B 补充论坛710000000000000033 的观点,2026-02-01 17:04:00,2026-02-01 17:10:00
163,710000000000000033,2043642606338903512,161,161,161,用户2043642606338903510,1,93,回复主楼A 提供补充信息,2026-02-01 17:07:00,2026-02-01 17:11:00
164,710000000000000033,2043642606338903513,161,161,163,用户2043642606338903512,1,98,回复楼中楼 继续讨论细节,2026-02-01 17:10:00,2026-02-01 17:14:00
165,710000000000000033,2043642606338903514,162,162,162,用户2043642606338903511,1,103,回复主楼B 给出不同建议,2026-02-01 17:13:00,2026-02-01 17:16:00
166,710000000000000034,2043642606338903515,0,166,0,,1,108,主楼评论A 针对论坛710000000000000034 的看法,2026-02-01 17:16:00,2026-02-01 17:21:00
167,710000000000000034,2043642606338903516,0,167,0,,1,113,主楼评论B 补充论坛710000000000000034 的观点,2026-02-01 17:19:00,2026-02-01 17:25:00
168,710000000000000034,2043642606338903517,166,166,166,用户2043642606338903515,1,118,回复主楼A 提供补充信息,2026-02-01 17:22:00,2026-02-01 17:26:00
169,710000000000000034,2043642606338903518,166,166,168,用户2043642606338903517,1,3,回复楼中楼 继续讨论细节,2026-02-01 17:25:00,2026-02-01 17:29:00
170,710000000000000034,2043642606338903519,167,167,167,用户2043642606338903516,1,8,回复主楼B 给出不同建议,2026-02-01 17:28:00,2026-02-01 17:31:00
171,710000000000000035,2043642606338903520,0,171,0,,1,13,主楼评论A 针对论坛710000000000000035 的看法,2026-02-01 17:31:00,2026-02-01 17:36:00
172,710000000000000035,2043642606338903521,0,172,0,,1,18,主楼评论B 补充论坛710000000000000035 的观点,2026-02-01 17:34:00,2026-02-01 17:40:00
173,710000000000000035,2043642606338903522,171,171,171,用户2043642606338903520,1,23,回复主楼A 提供补充信息,2026-02-01 17:37:00,2026-02-01 17:41:00
174,710000000000000035,2043642606338903523,171,171,173,用户2043642606338903522,1,28,回复楼中楼 继续讨论细节,2026-02-01 17:40:00,2026-02-01 17:44:00
175,710000000000000035,2043642606338903524,172,172,172,用户2043642606338903521,1,33,回复主楼B 给出不同建议,2026-02-01 17:43:00,2026-02-01 17:46:00
176,710000000000000036,2043642606338903525,0,176,0,,1,38,主楼评论A 针对论坛710000000000000036 的看法,2026-02-01 17:46:00,2026-02-01 17:51:00
177,710000000000000036,2043642606338903526,0,177,0,,1,43,主楼评论B 补充论坛710000000000000036 的观点,2026-02-01 17:49:00,2026-02-01 17:55:00
178,710000000000000036,2043642606338903527,176,176,176,用户2043642606338903525,1,48,回复主楼A 提供补充信息,2026-02-01 17:52:00,2026-02-01 17:56:00
179,710000000000000036,2043642606338903528,176,176,178,用户2043642606338903527,1,53,回复楼中楼 继续讨论细节,2026-02-01 17:55:00,2026-02-01 17:59:00
180,710000000000000036,2043642606338903529,177,177,177,用户2043642606338903526,1,58,回复主楼B 给出不同建议,2026-02-01 17:58:00,2026-02-01 18:01:00
181,710000000000000037,2043642606338903530,0,181,0,,1,63,主楼评论A 针对论坛710000000000000037 的看法,2026-02-01 18:01:00,2026-02-01 18:06:00
182,710000000000000037,2043642606338903531,0,182,0,,1,68,主楼评论B 补充论坛710000000000000037 的观点,2026-02-01 18:04:00,2026-02-01 18:10:00
183,710000000000000037,2043642606338903532,181,181,181,用户2043642606338903530,1,73,回复主楼A 提供补充信息,2026-02-01 18:07:00,2026-02-01 18:11:00
184,710000000000000037,2043642606338903533,181,181,183,用户2043642606338903532,1,78,回复楼中楼 继续讨论细节,2026-02-01 18:10:00,2026-02-01 18:14:00
185,710000000000000037,2043642606338903534,182,182,182,用户2043642606338903531,1,83,回复主楼B 给出不同建议,2026-02-01 18:13:00,2026-02-01 18:16:00
186,710000000000000038,2043642606338903535,0,186,0,,1,88,主楼评论A 针对论坛710000000000000038 的看法,2026-02-01 18:16:00,2026-02-01 18:21:00
187,710000000000000038,2043642606338903536,0,187,0,,1,93,主楼评论B 补充论坛710000000000000038 的观点,2026-02-01 18:19:00,2026-02-01 18:25:00
188,710000000000000038,2043642606338903537,186,186,186,用户2043642606338903535,1,98,回复主楼A 提供补充信息,2026-02-01 18:22:00,2026-02-01 18:26:00
189,710000000000000038,2043642606338903538,186,186,188,用户2043642606338903537,1,103,回复楼中楼 继续讨论细节,2026-02-01 18:25:00,2026-02-01 18:29:00
190,710000000000000038,2043642606338903539,187,187,187,用户2043642606338903536,1,108,回复主楼B 给出不同建议,2026-02-01 18:28:00,2026-02-01 18:31:00
191,710000000000000039,2043642606338903540,0,191,0,,1,113,主楼评论A 针对论坛710000000000000039 的看法,2026-02-01 18:31:00,2026-02-01 18:36:00
192,710000000000000039,2043642606338903541,0,192,0,,1,118,主楼评论B 补充论坛710000000000000039 的观点,2026-02-01 18:34:00,2026-02-01 18:40:00
193,710000000000000039,2043642606338903542,191,191,191,用户2043642606338903540,1,3,回复主楼A 提供补充信息,2026-02-01 18:37:00,2026-02-01 18:41:00
194,710000000000000039,2043642606338903543,191,191,193,用户2043642606338903542,1,8,回复楼中楼 继续讨论细节,2026-02-01 18:40:00,2026-02-01 18:44:00
195,710000000000000039,2043642606338903544,192,192,192,用户2043642606338903541,1,13,回复主楼B 给出不同建议,2026-02-01 18:43:00,2026-02-01 18:46:00
196,710000000000000040,2043642606338903545,0,196,0,,1,18,主楼评论A 针对论坛710000000000000040 的看法,2026-02-01 18:46:00,2026-02-01 18:51:00
197,710000000000000040,2043642606338903546,0,197,0,,1,23,主楼评论B 补充论坛710000000000000040 的观点,2026-02-01 18:49:00,2026-02-01 18:55:00
198,710000000000000040,2043642606338903547,196,196,196,用户2043642606338903545,1,28,回复主楼A 提供补充信息,2026-02-01 18:52:00,2026-02-01 18:56:00
199,710000000000000040,2043642606338903548,196,196,198,用户2043642606338903547,1,33,回复楼中楼 继续讨论细节,2026-02-01 18:55:00,2026-02-01 18:59:00
200,710000000000000040,2043642606338903549,197,197,197,用户2043642606338903546,1,38,回复主楼B 给出不同建议,2026-02-01 18:58:00,2026-02-01 19:01:00
201,710000000000000041,2043642606338903550,0,201,0,,1,43,主楼评论A 针对论坛710000000000000041 的看法,2026-02-01 19:01:00,2026-02-01 19:06:00
202,710000000000000041,2043642606338903551,0,202,0,,1,48,主楼评论B 补充论坛710000000000000041 的观点,2026-02-01 19:04:00,2026-02-01 19:10:00
203,710000000000000041,2043642606338903552,201,201,201,用户2043642606338903550,1,53,回复主楼A 提供补充信息,2026-02-01 19:07:00,2026-02-01 19:11:00
204,710000000000000041,2043642606338903553,201,201,203,用户2043642606338903552,1,58,回复楼中楼 继续讨论细节,2026-02-01 19:10:00,2026-02-01 19:14:00
205,710000000000000041,2043642606338903554,202,202,202,用户2043642606338903551,1,63,回复主楼B 给出不同建议,2026-02-01 19:13:00,2026-02-01 19:16:00
206,710000000000000042,2043642606338903555,0,206,0,,1,68,主楼评论A 针对论坛710000000000000042 的看法,2026-02-01 19:16:00,2026-02-01 19:21:00
207,710000000000000042,2043642606338903556,0,207,0,,1,73,主楼评论B 补充论坛710000000000000042 的观点,2026-02-01 19:19:00,2026-02-01 19:25:00
208,710000000000000042,2043642606338903557,206,206,206,用户2043642606338903555,1,78,回复主楼A 提供补充信息,2026-02-01 19:22:00,2026-02-01 19:26:00
209,710000000000000042,2043642606338903558,206,206,208,用户2043642606338903557,1,83,回复楼中楼 继续讨论细节,2026-02-01 19:25:00,2026-02-01 19:29:00
210,710000000000000042,2043642606338903559,207,207,207,用户2043642606338903556,1,88,回复主楼B 给出不同建议,2026-02-01 19:28:00,2026-02-01 19:31:00
211,710000000000000043,2043642606338903560,0,211,0,,1,93,主楼评论A 针对论坛710000000000000043 的看法,2026-02-01 19:31:00,2026-02-01 19:36:00
212,710000000000000043,2043642606338903561,0,212,0,,1,98,主楼评论B 补充论坛710000000000000043 的观点,2026-02-01 19:34:00,2026-02-01 19:40:00
213,710000000000000043,2043642606338903562,211,211,211,用户2043642606338903560,1,103,回复主楼A 提供补充信息,2026-02-01 19:37:00,2026-02-01 19:41:00
214,710000000000000043,2043642606338903563,211,211,213,用户2043642606338903562,1,108,回复楼中楼 继续讨论细节,2026-02-01 19:40:00,2026-02-01 19:44:00
215,710000000000000043,2043642606338903564,212,212,212,用户2043642606338903561,1,113,回复主楼B 给出不同建议,2026-02-01 19:43:00,2026-02-01 19:46:00
216,710000000000000044,2043642606338903565,0,216,0,,1,118,主楼评论A 针对论坛710000000000000044 的看法,2026-02-01 19:46:00,2026-02-01 19:51:00
217,710000000000000044,2043642606338903566,0,217,0,,1,3,主楼评论B 补充论坛710000000000000044 的观点,2026-02-01 19:49:00,2026-02-01 19:55:00
218,710000000000000044,2043642606338903567,216,216,216,用户2043642606338903565,1,8,回复主楼A 提供补充信息,2026-02-01 19:52:00,2026-02-01 19:56:00
219,710000000000000044,2043642606338903568,216,216,218,用户2043642606338903567,1,13,回复楼中楼 继续讨论细节,2026-02-01 19:55:00,2026-02-01 19:59:00
220,710000000000000044,2043642606338903569,217,217,217,用户2043642606338903566,1,18,回复主楼B 给出不同建议,2026-02-01 19:58:00,2026-02-01 20:01:00
221,710000000000000045,2043642606338903570,0,221,0,,1,23,主楼评论A 针对论坛710000000000000045 的看法,2026-02-01 20:01:00,2026-02-01 20:06:00
222,710000000000000045,2043642606338903571,0,222,0,,1,28,主楼评论B 补充论坛710000000000000045 的观点,2026-02-01 20:04:00,2026-02-01 20:10:00
223,710000000000000045,2043642606338903572,221,221,221,用户2043642606338903570,1,33,回复主楼A 提供补充信息,2026-02-01 20:07:00,2026-02-01 20:11:00
224,710000000000000045,2043642606338903573,221,221,223,用户2043642606338903572,1,38,回复楼中楼 继续讨论细节,2026-02-01 20:10:00,2026-02-01 20:14:00
225,710000000000000045,2043642606338903574,222,222,222,用户2043642606338903571,1,43,回复主楼B 给出不同建议,2026-02-01 20:13:00,2026-02-01 20:16:00
226,710000000000000046,2043642606338903575,0,226,0,,1,48,主楼评论A 针对论坛710000000000000046 的看法,2026-02-01 20:16:00,2026-02-01 20:21:00
227,710000000000000046,2043642606338903576,0,227,0,,1,53,主楼评论B 补充论坛710000000000000046 的观点,2026-02-01 20:19:00,2026-02-01 20:25:00
228,710000000000000046,2043642606338903577,226,226,226,用户2043642606338903575,1,58,回复主楼A 提供补充信息,2026-02-01 20:22:00,2026-02-01 20:26:00
229,710000000000000046,2043642606338903578,226,226,228,用户2043642606338903577,1,63,回复楼中楼 继续讨论细节,2026-02-01 20:25:00,2026-02-01 20:29:00
230,710000000000000046,2043642606338903579,227,227,227,用户2043642606338903576,1,68,回复主楼B 给出不同建议,2026-02-01 20:28:00,2026-02-01 20:31:00
231,710000000000000047,2043642606338903580,0,231,0,,1,73,主楼评论A 针对论坛710000000000000047 的看法,2026-02-01 20:31:00,2026-02-01 20:36:00
232,710000000000000047,2043642606338903581,0,232,0,,1,78,主楼评论B 补充论坛710000000000000047 的观点,2026-02-01 20:34:00,2026-02-01 20:40:00
233,710000000000000047,2043642606338903582,231,231,231,用户2043642606338903580,1,83,回复主楼A 提供补充信息,2026-02-01 20:37:00,2026-02-01 20:41:00
234,710000000000000047,2043642606338903583,231,231,233,用户2043642606338903582,1,88,回复楼中楼 继续讨论细节,2026-02-01 20:40:00,2026-02-01 20:44:00
235,710000000000000047,2043642606338903584,232,232,232,用户2043642606338903581,1,93,回复主楼B 给出不同建议,2026-02-01 20:43:00,2026-02-01 20:46:00
236,710000000000000048,2043642606338903585,0,236,0,,1,98,主楼评论A 针对论坛710000000000000048 的看法,2026-02-01 20:46:00,2026-02-01 20:51:00
237,710000000000000048,2043642606338903586,0,237,0,,1,103,主楼评论B 补充论坛710000000000000048 的观点,2026-02-01 20:49:00,2026-02-01 20:55:00
238,710000000000000048,2043642606338903587,236,236,236,用户2043642606338903585,1,108,回复主楼A 提供补充信息,2026-02-01 20:52:00,2026-02-01 20:56:00
239,710000000000000048,2043642606338903588,236,236,238,用户2043642606338903587,1,113,回复楼中楼 继续讨论细节,2026-02-01 20:55:00,2026-02-01 20:59:00
240,710000000000000048,2043642606338903589,237,237,237,用户2043642606338903586,1,118,回复主楼B 给出不同建议,2026-02-01 20:58:00,2026-02-01 21:01:00
241,710000000000000049,2043642606338903590,0,241,0,,1,3,主楼评论A 针对论坛710000000000000049 的看法,2026-02-01 21:01:00,2026-02-01 21:06:00
242,710000000000000049,2043642606338903591,0,242,0,,1,8,主楼评论B 补充论坛710000000000000049 的观点,2026-02-01 21:04:00,2026-02-01 21:10:00
243,710000000000000049,2043642606338903592,241,241,241,用户2043642606338903590,1,13,回复主楼A 提供补充信息,2026-02-01 21:07:00,2026-02-01 21:11:00
244,710000000000000049,2043642606338903593,241,241,243,用户2043642606338903592,1,18,回复楼中楼 继续讨论细节,2026-02-01 21:10:00,2026-02-01 21:14:00
245,710000000000000049,2043642606338903594,242,242,242,用户2043642606338903591,1,23,回复主楼B 给出不同建议,2026-02-01 21:13:00,2026-02-01 21:16:00
246,710000000000000050,2043642606338903595,0,246,0,,1,28,主楼评论A 针对论坛710000000000000050 的看法,2026-02-01 21:16:00,2026-02-01 21:21:00
247,710000000000000050,2043642606338903596,0,247,0,,1,33,主楼评论B 补充论坛710000000000000050 的观点,2026-02-01 21:19:00,2026-02-01 21:25:00
248,710000000000000050,2043642606338903597,246,246,246,用户2043642606338903595,1,38,回复主楼A 提供补充信息,2026-02-01 21:22:00,2026-02-01 21:26:00
249,710000000000000050,2043642606338903598,246,246,248,用户2043642606338903597,1,43,回复楼中楼 继续讨论细节,2026-02-01 21:25:00,2026-02-01 21:29:00
250,710000000000000050,2043642606338903599,247,247,247,用户2043642606338903596,1,48,回复主楼B 给出不同建议,2026-02-01 21:28:00,2026-02-01 21:31:00
251,710000000000000051,2043642606338903600,0,251,0,,1,53,主楼评论A 针对论坛710000000000000051 的看法,2026-02-01 21:31:00,2026-02-01 21:36:00
252,710000000000000051,2043642606338903601,0,252,0,,1,58,主楼评论B 补充论坛710000000000000051 的观点,2026-02-01 21:34:00,2026-02-01 21:40:00
253,710000000000000051,2043642606338903602,251,251,251,用户2043642606338903600,1,63,回复主楼A 提供补充信息,2026-02-01 21:37:00,2026-02-01 21:41:00
254,710000000000000051,2043642606338903603,251,251,253,用户2043642606338903602,1,68,回复楼中楼 继续讨论细节,2026-02-01 21:40:00,2026-02-01 21:44:00
255,710000000000000051,2043642606338903604,252,252,252,用户2043642606338903601,1,73,回复主楼B 给出不同建议,2026-02-01 21:43:00,2026-02-01 21:46:00
256,710000000000000052,2043642606338903605,0,256,0,,1,78,主楼评论A 针对论坛710000000000000052 的看法,2026-02-01 21:46:00,2026-02-01 21:51:00
257,710000000000000052,2043642606338903606,0,257,0,,1,83,主楼评论B 补充论坛710000000000000052 的观点,2026-02-01 21:49:00,2026-02-01 21:55:00
258,710000000000000052,2043642606338903607,256,256,256,用户2043642606338903605,1,88,回复主楼A 提供补充信息,2026-02-01 21:52:00,2026-02-01 21:56:00
259,710000000000000052,2043642606338903608,256,256,258,用户2043642606338903607,1,93,回复楼中楼 继续讨论细节,2026-02-01 21:55:00,2026-02-01 21:59:00
260,710000000000000052,2043642606338903609,257,257,257,用户2043642606338903606,1,98,回复主楼B 给出不同建议,2026-02-01 21:58:00,2026-02-01 22:01:00
261,710000000000000053,2043642606338903610,0,261,0,,1,103,主楼评论A 针对论坛710000000000000053 的看法,2026-02-01 22:01:00,2026-02-01 22:06:00
262,710000000000000053,2043642606338903611,0,262,0,,1,108,主楼评论B 补充论坛710000000000000053 的观点,2026-02-01 22:04:00,2026-02-01 22:10:00
263,710000000000000053,2043642606338903612,261,261,261,用户2043642606338903610,1,113,回复主楼A 提供补充信息,2026-02-01 22:07:00,2026-02-01 22:11:00
264,710000000000000053,2043642606338903613,261,261,263,用户2043642606338903612,1,118,回复楼中楼 继续讨论细节,2026-02-01 22:10:00,2026-02-01 22:14:00
265,710000000000000053,2043642606338903614,262,262,262,用户2043642606338903611,1,3,回复主楼B 给出不同建议,2026-02-01 22:13:00,2026-02-01 22:16:00
266,710000000000000054,2043642606338903615,0,266,0,,1,8,主楼评论A 针对论坛710000000000000054 的看法,2026-02-01 22:16:00,2026-02-01 22:21:00
267,710000000000000054,2043642606338903616,0,267,0,,1,13,主楼评论B 补充论坛710000000000000054 的观点,2026-02-01 22:19:00,2026-02-01 22:25:00
268,710000000000000054,2043642606338903617,266,266,266,用户2043642606338903615,1,18,回复主楼A 提供补充信息,2026-02-01 22:22:00,2026-02-01 22:26:00
269,710000000000000054,2043642606338903618,266,266,268,用户2043642606338903617,1,23,回复楼中楼 继续讨论细节,2026-02-01 22:25:00,2026-02-01 22:29:00
270,710000000000000054,2043642606338903619,267,267,267,用户2043642606338903616,1,28,回复主楼B 给出不同建议,2026-02-01 22:28:00,2026-02-01 22:31:00
271,710000000000000055,2043642606338903620,0,271,0,,1,33,主楼评论A 针对论坛710000000000000055 的看法,2026-02-01 22:31:00,2026-02-01 22:36:00
272,710000000000000055,2043642606338903621,0,272,0,,1,38,主楼评论B 补充论坛710000000000000055 的观点,2026-02-01 22:34:00,2026-02-01 22:40:00
273,710000000000000055,2043642606338903622,271,271,271,用户2043642606338903620,1,43,回复主楼A 提供补充信息,2026-02-01 22:37:00,2026-02-01 22:41:00
274,710000000000000055,2043642606338903623,271,271,273,用户2043642606338903622,1,48,回复楼中楼 继续讨论细节,2026-02-01 22:40:00,2026-02-01 22:44:00
275,710000000000000055,2043642606338903624,272,272,272,用户2043642606338903621,1,53,回复主楼B 给出不同建议,2026-02-01 22:43:00,2026-02-01 22:46:00
276,710000000000000056,2043642606338903625,0,276,0,,1,58,主楼评论A 针对论坛710000000000000056 的看法,2026-02-01 22:46:00,2026-02-01 22:51:00
277,710000000000000056,2043642606338903626,0,277,0,,1,63,主楼评论B 补充论坛710000000000000056 的观点,2026-02-01 22:49:00,2026-02-01 22:55:00
278,710000000000000056,2043642606338903627,276,276,276,用户2043642606338903625,1,68,回复主楼A 提供补充信息,2026-02-01 22:52:00,2026-02-01 22:56:00
279,710000000000000056,2043642606338903628,276,276,278,用户2043642606338903627,1,73,回复楼中楼 继续讨论细节,2026-02-01 22:55:00,2026-02-01 22:59:00
280,710000000000000056,2043642606338903629,277,277,277,用户2043642606338903626,1,78,回复主楼B 给出不同建议,2026-02-01 22:58:00,2026-02-01 23:01:00
281,710000000000000057,2043642606338903630,0,281,0,,1,83,主楼评论A 针对论坛710000000000000057 的看法,2026-02-01 23:01:00,2026-02-01 23:06:00
282,710000000000000057,2043642606338903631,0,282,0,,1,88,主楼评论B 补充论坛710000000000000057 的观点,2026-02-01 23:04:00,2026-02-01 23:10:00
283,710000000000000057,2043642606338903632,281,281,281,用户2043642606338903630,1,93,回复主楼A 提供补充信息,2026-02-01 23:07:00,2026-02-01 23:11:00
284,710000000000000057,2043642606338903633,281,281,283,用户2043642606338903632,1,98,回复楼中楼 继续讨论细节,2026-02-01 23:10:00,2026-02-01 23:14:00
285,710000000000000057,2043642606338903634,282,282,282,用户2043642606338903631,1,103,回复主楼B 给出不同建议,2026-02-01 23:13:00,2026-02-01 23:16:00
286,710000000000000058,2043642606338903635,0,286,0,,1,108,主楼评论A 针对论坛710000000000000058 的看法,2026-02-01 23:16:00,2026-02-01 23:21:00
287,710000000000000058,2043642606338903636,0,287,0,,1,113,主楼评论B 补充论坛710000000000000058 的观点,2026-02-01 23:19:00,2026-02-01 23:25:00
288,710000000000000058,2043642606338903637,286,286,286,用户2043642606338903635,1,118,回复主楼A 提供补充信息,2026-02-01 23:22:00,2026-02-01 23:26:00
289,710000000000000058,2043642606338903638,286,286,288,用户2043642606338903637,1,3,回复楼中楼 继续讨论细节,2026-02-01 23:25:00,2026-02-01 23:29:00
290,710000000000000058,2043642606338903639,287,287,287,用户2043642606338903636,1,8,回复主楼B 给出不同建议,2026-02-01 23:28:00,2026-02-01 23:31:00
291,710000000000000059,2043642606338903640,0,291,0,,1,13,主楼评论A 针对论坛710000000000000059 的看法,2026-02-01 23:31:00,2026-02-01 23:36:00
292,710000000000000059,2043642606338903641,0,292,0,,1,18,主楼评论B 补充论坛710000000000000059 的观点,2026-02-01 23:34:00,2026-02-01 23:40:00
293,710000000000000059,2043642606338903642,291,291,291,用户2043642606338903640,1,23,回复主楼A 提供补充信息,2026-02-01 23:37:00,2026-02-01 23:41:00
294,710000000000000059,2043642606338903643,291,291,293,用户2043642606338903642,1,28,回复楼中楼 继续讨论细节,2026-02-01 23:40:00,2026-02-01 23:44:00
295,710000000000000059,2043642606338903644,292,292,292,用户2043642606338903641,1,33,回复主楼B 给出不同建议,2026-02-01 23:43:00,2026-02-01 23:46:00
296,710000000000000060,2043642606338903645,0,296,0,,1,38,主楼评论A 针对论坛710000000000000060 的看法,2026-02-01 23:46:00,2026-02-01 23:51:00
297,710000000000000060,2043642606338903646,0,297,0,,1,43,主楼评论B 补充论坛710000000000000060 的观点,2026-02-01 23:49:00,2026-02-01 23:55:00
298,710000000000000060,2043642606338903647,296,296,296,用户2043642606338903645,1,48,回复主楼A 提供补充信息,2026-02-01 23:52:00,2026-02-01 23:56:00
299,710000000000000060,2043642606338903648,296,296,298,用户2043642606338903647,1,53,回复楼中楼 继续讨论细节,2026-02-01 23:55:00,2026-02-01 23:59:00
300,710000000000000060,2043642606338903649,297,297,297,用户2043642606338903646,1,58,回复主楼B 给出不同建议,2026-02-01 23:58:00,2026-02-02 00:01:00
301,710000000000000061,2043642606338903500,0,301,0,,1,63,主楼评论A 针对论坛710000000000000061 的看法,2026-02-02 00:01:00,2026-02-02 00:06:00
302,710000000000000061,2043642606338903501,0,302,0,,1,68,主楼评论B 补充论坛710000000000000061 的观点,2026-02-02 00:04:00,2026-02-02 00:10:00
303,710000000000000061,2043642606338903502,301,301,301,用户2043642606338903500,1,73,回复主楼A 提供补充信息,2026-02-02 00:07:00,2026-02-02 00:11:00
304,710000000000000061,2043642606338903503,301,301,303,用户2043642606338903502,1,78,回复楼中楼 继续讨论细节,2026-02-02 00:10:00,2026-02-02 00:14:00
305,710000000000000061,2043642606338903504,302,302,302,用户2043642606338903501,1,83,回复主楼B 给出不同建议,2026-02-02 00:13:00,2026-02-02 00:16:00
306,710000000000000062,2043642606338903505,0,306,0,,1,88,主楼评论A 针对论坛710000000000000062 的看法,2026-02-02 00:16:00,2026-02-02 00:21:00
307,710000000000000062,2043642606338903506,0,307,0,,1,93,主楼评论B 补充论坛710000000000000062 的观点,2026-02-02 00:19:00,2026-02-02 00:25:00
308,710000000000000062,2043642606338903507,306,306,306,用户2043642606338903505,1,98,回复主楼A 提供补充信息,2026-02-02 00:22:00,2026-02-02 00:26:00
309,710000000000000062,2043642606338903508,306,306,308,用户2043642606338903507,1,103,回复楼中楼 继续讨论细节,2026-02-02 00:25:00,2026-02-02 00:29:00
310,710000000000000062,2043642606338903509,307,307,307,用户2043642606338903506,1,108,回复主楼B 给出不同建议,2026-02-02 00:28:00,2026-02-02 00:31:00
311,710000000000000063,2043642606338903510,0,311,0,,1,113,主楼评论A 针对论坛710000000000000063 的看法,2026-02-02 00:31:00,2026-02-02 00:36:00
312,710000000000000063,2043642606338903511,0,312,0,,1,118,主楼评论B 补充论坛710000000000000063 的观点,2026-02-02 00:34:00,2026-02-02 00:40:00
313,710000000000000063,2043642606338903512,311,311,311,用户2043642606338903510,1,3,回复主楼A 提供补充信息,2026-02-02 00:37:00,2026-02-02 00:41:00
314,710000000000000063,2043642606338903513,311,311,313,用户2043642606338903512,1,8,回复楼中楼 继续讨论细节,2026-02-02 00:40:00,2026-02-02 00:44:00
315,710000000000000063,2043642606338903514,312,312,312,用户2043642606338903511,1,13,回复主楼B 给出不同建议,2026-02-02 00:43:00,2026-02-02 00:46:00
316,710000000000000064,2043642606338903515,0,316,0,,1,18,主楼评论A 针对论坛710000000000000064 的看法,2026-02-02 00:46:00,2026-02-02 00:51:00
317,710000000000000064,2043642606338903516,0,317,0,,1,23,主楼评论B 补充论坛710000000000000064 的观点,2026-02-02 00:49:00,2026-02-02 00:55:00
318,710000000000000064,2043642606338903517,316,316,316,用户2043642606338903515,1,28,回复主楼A 提供补充信息,2026-02-02 00:52:00,2026-02-02 00:56:00
319,710000000000000064,2043642606338903518,316,316,318,用户2043642606338903517,1,33,回复楼中楼 继续讨论细节,2026-02-02 00:55:00,2026-02-02 00:59:00
320,710000000000000064,2043642606338903519,317,317,317,用户2043642606338903516,1,38,回复主楼B 给出不同建议,2026-02-02 00:58:00,2026-02-02 01:01:00
321,710000000000000065,2043642606338903520,0,321,0,,1,43,主楼评论A 针对论坛710000000000000065 的看法,2026-02-02 01:01:00,2026-02-02 01:06:00
322,710000000000000065,2043642606338903521,0,322,0,,1,48,主楼评论B 补充论坛710000000000000065 的观点,2026-02-02 01:04:00,2026-02-02 01:10:00
323,710000000000000065,2043642606338903522,321,321,321,用户2043642606338903520,1,53,回复主楼A 提供补充信息,2026-02-02 01:07:00,2026-02-02 01:11:00
324,710000000000000065,2043642606338903523,321,321,323,用户2043642606338903522,1,58,回复楼中楼 继续讨论细节,2026-02-02 01:10:00,2026-02-02 01:14:00
325,710000000000000065,2043642606338903524,322,322,322,用户2043642606338903521,1,63,回复主楼B 给出不同建议,2026-02-02 01:13:00,2026-02-02 01:16:00
326,710000000000000066,2043642606338903525,0,326,0,,1,68,主楼评论A 针对论坛710000000000000066 的看法,2026-02-02 01:16:00,2026-02-02 01:21:00
327,710000000000000066,2043642606338903526,0,327,0,,1,73,主楼评论B 补充论坛710000000000000066 的观点,2026-02-02 01:19:00,2026-02-02 01:25:00
328,710000000000000066,2043642606338903527,326,326,326,用户2043642606338903525,1,78,回复主楼A 提供补充信息,2026-02-02 01:22:00,2026-02-02 01:26:00
329,710000000000000066,2043642606338903528,326,326,328,用户2043642606338903527,1,83,回复楼中楼 继续讨论细节,2026-02-02 01:25:00,2026-02-02 01:29:00
330,710000000000000066,2043642606338903529,327,327,327,用户2043642606338903526,1,88,回复主楼B 给出不同建议,2026-02-02 01:28:00,2026-02-02 01:31:00
331,710000000000000067,2043642606338903530,0,331,0,,1,93,主楼评论A 针对论坛710000000000000067 的看法,2026-02-02 01:31:00,2026-02-02 01:36:00
332,710000000000000067,2043642606338903531,0,332,0,,1,98,主楼评论B 补充论坛710000000000000067 的观点,2026-02-02 01:34:00,2026-02-02 01:40:00
333,710000000000000067,2043642606338903532,331,331,331,用户2043642606338903530,1,103,回复主楼A 提供补充信息,2026-02-02 01:37:00,2026-02-02 01:41:00
334,710000000000000067,2043642606338903533,331,331,333,用户2043642606338903532,1,108,回复楼中楼 继续讨论细节,2026-02-02 01:40:00,2026-02-02 01:44:00
335,710000000000000067,2043642606338903534,332,332,332,用户2043642606338903531,1,113,回复主楼B 给出不同建议,2026-02-02 01:43:00,2026-02-02 01:46:00
336,710000000000000068,2043642606338903535,0,336,0,,1,118,主楼评论A 针对论坛710000000000000068 的看法,2026-02-02 01:46:00,2026-02-02 01:51:00
337,710000000000000068,2043642606338903536,0,337,0,,1,3,主楼评论B 补充论坛710000000000000068 的观点,2026-02-02 01:49:00,2026-02-02 01:55:00
338,710000000000000068,2043642606338903537,336,336,336,用户2043642606338903535,1,8,回复主楼A 提供补充信息,2026-02-02 01:52:00,2026-02-02 01:56:00
339,710000000000000068,2043642606338903538,336,336,338,用户2043642606338903537,1,13,回复楼中楼 继续讨论细节,2026-02-02 01:55:00,2026-02-02 01:59:00
340,710000000000000068,2043642606338903539,337,337,337,用户2043642606338903536,1,18,回复主楼B 给出不同建议,2026-02-02 01:58:00,2026-02-02 02:01:00
341,710000000000000069,2043642606338903540,0,341,0,,1,23,主楼评论A 针对论坛710000000000000069 的看法,2026-02-02 02:01:00,2026-02-02 02:06:00
342,710000000000000069,2043642606338903541,0,342,0,,1,28,主楼评论B 补充论坛710000000000000069 的观点,2026-02-02 02:04:00,2026-02-02 02:10:00
343,710000000000000069,2043642606338903542,341,341,341,用户2043642606338903540,1,33,回复主楼A 提供补充信息,2026-02-02 02:07:00,2026-02-02 02:11:00
344,710000000000000069,2043642606338903543,341,341,343,用户2043642606338903542,1,38,回复楼中楼 继续讨论细节,2026-02-02 02:10:00,2026-02-02 02:14:00
345,710000000000000069,2043642606338903544,342,342,342,用户2043642606338903541,1,43,回复主楼B 给出不同建议,2026-02-02 02:13:00,2026-02-02 02:16:00
346,710000000000000070,2043642606338903545,0,346,0,,1,48,主楼评论A 针对论坛710000000000000070 的看法,2026-02-02 02:16:00,2026-02-02 02:21:00
347,710000000000000070,2043642606338903546,0,347,0,,1,53,主楼评论B 补充论坛710000000000000070 的观点,2026-02-02 02:19:00,2026-02-02 02:25:00
348,710000000000000070,2043642606338903547,346,346,346,用户2043642606338903545,1,58,回复主楼A 提供补充信息,2026-02-02 02:22:00,2026-02-02 02:26:00
349,710000000000000070,2043642606338903548,346,346,348,用户2043642606338903547,1,63,回复楼中楼 继续讨论细节,2026-02-02 02:25:00,2026-02-02 02:29:00
350,710000000000000070,2043642606338903549,347,347,347,用户2043642606338903546,1,68,回复主楼B 给出不同建议,2026-02-02 02:28:00,2026-02-02 02:31:00
351,710000000000000071,2043642606338903550,0,351,0,,1,73,主楼评论A 针对论坛710000000000000071 的看法,2026-02-02 02:31:00,2026-02-02 02:36:00
352,710000000000000071,2043642606338903551,0,352,0,,1,78,主楼评论B 补充论坛710000000000000071 的观点,2026-02-02 02:34:00,2026-02-02 02:40:00
353,710000000000000071,2043642606338903552,351,351,351,用户2043642606338903550,1,83,回复主楼A 提供补充信息,2026-02-02 02:37:00,2026-02-02 02:41:00
354,710000000000000071,2043642606338903553,351,351,353,用户2043642606338903552,1,88,回复楼中楼 继续讨论细节,2026-02-02 02:40:00,2026-02-02 02:44:00
355,710000000000000071,2043642606338903554,352,352,352,用户2043642606338903551,1,93,回复主楼B 给出不同建议,2026-02-02 02:43:00,2026-02-02 02:46:00
356,710000000000000072,2043642606338903555,0,356,0,,1,98,主楼评论A 针对论坛710000000000000072 的看法,2026-02-02 02:46:00,2026-02-02 02:51:00
357,710000000000000072,2043642606338903556,0,357,0,,1,103,主楼评论B 补充论坛710000000000000072 的观点,2026-02-02 02:49:00,2026-02-02 02:55:00
358,710000000000000072,2043642606338903557,356,356,356,用户2043642606338903555,1,108,回复主楼A 提供补充信息,2026-02-02 02:52:00,2026-02-02 02:56:00
359,710000000000000072,2043642606338903558,356,356,358,用户2043642606338903557,1,113,回复楼中楼 继续讨论细节,2026-02-02 02:55:00,2026-02-02 02:59:00
360,710000000000000072,2043642606338903559,357,357,357,用户2043642606338903556,1,118,回复主楼B 给出不同建议,2026-02-02 02:58:00,2026-02-02 03:01:00
361,710000000000000073,2043642606338903560,0,361,0,,1,3,主楼评论A 针对论坛710000000000000073 的看法,2026-02-02 03:01:00,2026-02-02 03:06:00
362,710000000000000073,2043642606338903561,0,362,0,,1,8,主楼评论B 补充论坛710000000000000073 的观点,2026-02-02 03:04:00,2026-02-02 03:10:00
363,710000000000000073,2043642606338903562,361,361,361,用户2043642606338903560,1,13,回复主楼A 提供补充信息,2026-02-02 03:07:00,2026-02-02 03:11:00
364,710000000000000073,2043642606338903563,361,361,363,用户2043642606338903562,1,18,回复楼中楼 继续讨论细节,2026-02-02 03:10:00,2026-02-02 03:14:00
365,710000000000000073,2043642606338903564,362,362,362,用户2043642606338903561,1,23,回复主楼B 给出不同建议,2026-02-02 03:13:00,2026-02-02 03:16:00
366,710000000000000074,2043642606338903565,0,366,0,,1,28,主楼评论A 针对论坛710000000000000074 的看法,2026-02-02 03:16:00,2026-02-02 03:21:00
367,710000000000000074,2043642606338903566,0,367,0,,1,33,主楼评论B 补充论坛710000000000000074 的观点,2026-02-02 03:19:00,2026-02-02 03:25:00
368,710000000000000074,2043642606338903567,366,366,366,用户2043642606338903565,1,38,回复主楼A 提供补充信息,2026-02-02 03:22:00,2026-02-02 03:26:00
369,710000000000000074,2043642606338903568,366,366,368,用户2043642606338903567,1,43,回复楼中楼 继续讨论细节,2026-02-02 03:25:00,2026-02-02 03:29:00
370,710000000000000074,2043642606338903569,367,367,367,用户2043642606338903566,1,48,回复主楼B 给出不同建议,2026-02-02 03:28:00,2026-02-02 03:31:00
371,710000000000000075,2043642606338903570,0,371,0,,1,53,主楼评论A 针对论坛710000000000000075 的看法,2026-02-02 03:31:00,2026-02-02 03:36:00
372,710000000000000075,2043642606338903571,0,372,0,,1,58,主楼评论B 补充论坛710000000000000075 的观点,2026-02-02 03:34:00,2026-02-02 03:40:00
373,710000000000000075,2043642606338903572,371,371,371,用户2043642606338903570,1,63,回复主楼A 提供补充信息,2026-02-02 03:37:00,2026-02-02 03:41:00
374,710000000000000075,2043642606338903573,371,371,373,用户2043642606338903572,1,68,回复楼中楼 继续讨论细节,2026-02-02 03:40:00,2026-02-02 03:44:00
375,710000000000000075,2043642606338903574,372,372,372,用户2043642606338903571,1,73,回复主楼B 给出不同建议,2026-02-02 03:43:00,2026-02-02 03:46:00
376,710000000000000076,2043642606338903575,0,376,0,,1,78,主楼评论A 针对论坛710000000000000076 的看法,2026-02-02 03:46:00,2026-02-02 03:51:00
377,710000000000000076,2043642606338903576,0,377,0,,1,83,主楼评论B 补充论坛710000000000000076 的观点,2026-02-02 03:49:00,2026-02-02 03:55:00
378,710000000000000076,2043642606338903577,376,376,376,用户2043642606338903575,1,88,回复主楼A 提供补充信息,2026-02-02 03:52:00,2026-02-02 03:56:00
379,710000000000000076,2043642606338903578,376,376,378,用户2043642606338903577,1,93,回复楼中楼 继续讨论细节,2026-02-02 03:55:00,2026-02-02 03:59:00
380,710000000000000076,2043642606338903579,377,377,377,用户2043642606338903576,1,98,回复主楼B 给出不同建议,2026-02-02 03:58:00,2026-02-02 04:01:00
381,710000000000000077,2043642606338903580,0,381,0,,1,103,主楼评论A 针对论坛710000000000000077 的看法,2026-02-02 04:01:00,2026-02-02 04:06:00
382,710000000000000077,2043642606338903581,0,382,0,,1,108,主楼评论B 补充论坛710000000000000077 的观点,2026-02-02 04:04:00,2026-02-02 04:10:00
383,710000000000000077,2043642606338903582,381,381,381,用户2043642606338903580,1,113,回复主楼A 提供补充信息,2026-02-02 04:07:00,2026-02-02 04:11:00
384,710000000000000077,2043642606338903583,381,381,383,用户2043642606338903582,1,118,回复楼中楼 继续讨论细节,2026-02-02 04:10:00,2026-02-02 04:14:00
385,710000000000000077,2043642606338903584,382,382,382,用户2043642606338903581,1,3,回复主楼B 给出不同建议,2026-02-02 04:13:00,2026-02-02 04:16:00
386,710000000000000078,2043642606338903585,0,386,0,,1,8,主楼评论A 针对论坛710000000000000078 的看法,2026-02-02 04:16:00,2026-02-02 04:21:00
387,710000000000000078,2043642606338903586,0,387,0,,1,13,主楼评论B 补充论坛710000000000000078 的观点,2026-02-02 04:19:00,2026-02-02 04:25:00
388,710000000000000078,2043642606338903587,386,386,386,用户2043642606338903585,1,18,回复主楼A 提供补充信息,2026-02-02 04:22:00,2026-02-02 04:26:00
389,710000000000000078,2043642606338903588,386,386,388,用户2043642606338903587,1,23,回复楼中楼 继续讨论细节,2026-02-02 04:25:00,2026-02-02 04:29:00
390,710000000000000078,2043642606338903589,387,387,387,用户2043642606338903586,1,28,回复主楼B 给出不同建议,2026-02-02 04:28:00,2026-02-02 04:31:00
391,710000000000000079,2043642606338903590,0,391,0,,1,33,主楼评论A 针对论坛710000000000000079 的看法,2026-02-02 04:31:00,2026-02-02 04:36:00
392,710000000000000079,2043642606338903591,0,392,0,,1,38,主楼评论B 补充论坛710000000000000079 的观点,2026-02-02 04:34:00,2026-02-02 04:40:00
393,710000000000000079,2043642606338903592,391,391,391,用户2043642606338903590,1,43,回复主楼A 提供补充信息,2026-02-02 04:37:00,2026-02-02 04:41:00
394,710000000000000079,2043642606338903593,391,391,393,用户2043642606338903592,1,48,回复楼中楼 继续讨论细节,2026-02-02 04:40:00,2026-02-02 04:44:00
395,710000000000000079,2043642606338903594,392,392,392,用户2043642606338903591,1,53,回复主楼B 给出不同建议,2026-02-02 04:43:00,2026-02-02 04:46:00
396,710000000000000080,2043642606338903595,0,396,0,,1,58,主楼评论A 针对论坛710000000000000080 的看法,2026-02-02 04:46:00,2026-02-02 04:51:00
397,710000000000000080,2043642606338903596,0,397,0,,1,63,主楼评论B 补充论坛710000000000000080 的观点,2026-02-02 04:49:00,2026-02-02 04:55:00
398,710000000000000080,2043642606338903597,396,396,396,用户2043642606338903595,1,68,回复主楼A 提供补充信息,2026-02-02 04:52:00,2026-02-02 04:56:00
399,710000000000000080,2043642606338903598,396,396,398,用户2043642606338903597,1,73,回复楼中楼 继续讨论细节,2026-02-02 04:55:00,2026-02-02 04:59:00
400,710000000000000080,2043642606338903599,397,397,397,用户2043642606338903596,1,78,回复主楼B 给出不同建议,2026-02-02 04:58:00,2026-02-02 05:01:00
401,710000000000000081,2043642606338903600,0,401,0,,1,83,主楼评论A 针对论坛710000000000000081 的看法,2026-02-02 05:01:00,2026-02-02 05:06:00
402,710000000000000081,2043642606338903601,0,402,0,,1,88,主楼评论B 补充论坛710000000000000081 的观点,2026-02-02 05:04:00,2026-02-02 05:10:00
403,710000000000000081,2043642606338903602,401,401,401,用户2043642606338903600,1,93,回复主楼A 提供补充信息,2026-02-02 05:07:00,2026-02-02 05:11:00
404,710000000000000081,2043642606338903603,401,401,403,用户2043642606338903602,1,98,回复楼中楼 继续讨论细节,2026-02-02 05:10:00,2026-02-02 05:14:00
405,710000000000000081,2043642606338903604,402,402,402,用户2043642606338903601,1,103,回复主楼B 给出不同建议,2026-02-02 05:13:00,2026-02-02 05:16:00
406,710000000000000082,2043642606338903605,0,406,0,,1,108,主楼评论A 针对论坛710000000000000082 的看法,2026-02-02 05:16:00,2026-02-02 05:21:00
407,710000000000000082,2043642606338903606,0,407,0,,1,113,主楼评论B 补充论坛710000000000000082 的观点,2026-02-02 05:19:00,2026-02-02 05:25:00
408,710000000000000082,2043642606338903607,406,406,406,用户2043642606338903605,1,118,回复主楼A 提供补充信息,2026-02-02 05:22:00,2026-02-02 05:26:00
409,710000000000000082,2043642606338903608,406,406,408,用户2043642606338903607,1,3,回复楼中楼 继续讨论细节,2026-02-02 05:25:00,2026-02-02 05:29:00
410,710000000000000082,2043642606338903609,407,407,407,用户2043642606338903606,1,8,回复主楼B 给出不同建议,2026-02-02 05:28:00,2026-02-02 05:31:00
411,710000000000000083,2043642606338903610,0,411,0,,1,13,主楼评论A 针对论坛710000000000000083 的看法,2026-02-02 05:31:00,2026-02-02 05:36:00
412,710000000000000083,2043642606338903611,0,412,0,,1,18,主楼评论B 补充论坛710000000000000083 的观点,2026-02-02 05:34:00,2026-02-02 05:40:00
413,710000000000000083,2043642606338903612,411,411,411,用户2043642606338903610,1,23,回复主楼A 提供补充信息,2026-02-02 05:37:00,2026-02-02 05:41:00
414,710000000000000083,2043642606338903613,411,411,413,用户2043642606338903612,1,28,回复楼中楼 继续讨论细节,2026-02-02 05:40:00,2026-02-02 05:44:00
415,710000000000000083,2043642606338903614,412,412,412,用户2043642606338903611,1,33,回复主楼B 给出不同建议,2026-02-02 05:43:00,2026-02-02 05:46:00
416,710000000000000084,2043642606338903615,0,416,0,,1,38,主楼评论A 针对论坛710000000000000084 的看法,2026-02-02 05:46:00,2026-02-02 05:51:00
417,710000000000000084,2043642606338903616,0,417,0,,1,43,主楼评论B 补充论坛710000000000000084 的观点,2026-02-02 05:49:00,2026-02-02 05:55:00
418,710000000000000084,2043642606338903617,416,416,416,用户2043642606338903615,1,48,回复主楼A 提供补充信息,2026-02-02 05:52:00,2026-02-02 05:56:00
419,710000000000000084,2043642606338903618,416,416,418,用户2043642606338903617,1,53,回复楼中楼 继续讨论细节,2026-02-02 05:55:00,2026-02-02 05:59:00
420,710000000000000084,2043642606338903619,417,417,417,用户2043642606338903616,1,58,回复主楼B 给出不同建议,2026-02-02 05:58:00,2026-02-02 06:01:00
421,710000000000000085,2043642606338903620,0,421,0,,1,63,主楼评论A 针对论坛710000000000000085 的看法,2026-02-02 06:01:00,2026-02-02 06:06:00
422,710000000000000085,2043642606338903621,0,422,0,,1,68,主楼评论B 补充论坛710000000000000085 的观点,2026-02-02 06:04:00,2026-02-02 06:10:00
423,710000000000000085,2043642606338903622,421,421,421,用户2043642606338903620,1,73,回复主楼A 提供补充信息,2026-02-02 06:07:00,2026-02-02 06:11:00
424,710000000000000085,2043642606338903623,421,421,423,用户2043642606338903622,1,78,回复楼中楼 继续讨论细节,2026-02-02 06:10:00,2026-02-02 06:14:00
425,710000000000000085,2043642606338903624,422,422,422,用户2043642606338903621,1,83,回复主楼B 给出不同建议,2026-02-02 06:13:00,2026-02-02 06:16:00
426,710000000000000086,2043642606338903625,0,426,0,,1,88,主楼评论A 针对论坛710000000000000086 的看法,2026-02-02 06:16:00,2026-02-02 06:21:00
427,710000000000000086,2043642606338903626,0,427,0,,1,93,主楼评论B 补充论坛710000000000000086 的观点,2026-02-02 06:19:00,2026-02-02 06:25:00
428,710000000000000086,2043642606338903627,426,426,426,用户2043642606338903625,1,98,回复主楼A 提供补充信息,2026-02-02 06:22:00,2026-02-02 06:26:00
429,710000000000000086,2043642606338903628,426,426,428,用户2043642606338903627,1,103,回复楼中楼 继续讨论细节,2026-02-02 06:25:00,2026-02-02 06:29:00
430,710000000000000086,2043642606338903629,427,427,427,用户2043642606338903626,1,108,回复主楼B 给出不同建议,2026-02-02 06:28:00,2026-02-02 06:31:00
431,710000000000000087,2043642606338903630,0,431,0,,1,113,主楼评论A 针对论坛710000000000000087 的看法,2026-02-02 06:31:00,2026-02-02 06:36:00
432,710000000000000087,2043642606338903631,0,432,0,,1,118,主楼评论B 补充论坛710000000000000087 的观点,2026-02-02 06:34:00,2026-02-02 06:40:00
433,710000000000000087,2043642606338903632,431,431,431,用户2043642606338903630,1,3,回复主楼A 提供补充信息,2026-02-02 06:37:00,2026-02-02 06:41:00
434,710000000000000087,2043642606338903633,431,431,433,用户2043642606338903632,1,8,回复楼中楼 继续讨论细节,2026-02-02 06:40:00,2026-02-02 06:44:00
435,710000000000000087,2043642606338903634,432,432,432,用户2043642606338903631,1,13,回复主楼B 给出不同建议,2026-02-02 06:43:00,2026-02-02 06:46:00
436,710000000000000088,2043642606338903635,0,436,0,,1,18,主楼评论A 针对论坛710000000000000088 的看法,2026-02-02 06:46:00,2026-02-02 06:51:00
437,710000000000000088,2043642606338903636,0,437,0,,1,23,主楼评论B 补充论坛710000000000000088 的观点,2026-02-02 06:49:00,2026-02-02 06:55:00
438,710000000000000088,2043642606338903637,436,436,436,用户2043642606338903635,1,28,回复主楼A 提供补充信息,2026-02-02 06:52:00,2026-02-02 06:56:00
439,710000000000000088,2043642606338903638,436,436,438,用户2043642606338903637,1,33,回复楼中楼 继续讨论细节,2026-02-02 06:55:00,2026-02-02 06:59:00
440,710000000000000088,2043642606338903639,437,437,437,用户2043642606338903636,1,38,回复主楼B 给出不同建议,2026-02-02 06:58:00,2026-02-02 07:01:00
441,710000000000000089,2043642606338903640,0,441,0,,1,43,主楼评论A 针对论坛710000000000000089 的看法,2026-02-02 07:01:00,2026-02-02 07:06:00
442,710000000000000089,2043642606338903641,0,442,0,,1,48,主楼评论B 补充论坛710000000000000089 的观点,2026-02-02 07:04:00,2026-02-02 07:10:00
443,710000000000000089,2043642606338903642,441,441,441,用户2043642606338903640,1,53,回复主楼A 提供补充信息,2026-02-02 07:07:00,2026-02-02 07:11:00
444,710000000000000089,2043642606338903643,441,441,443,用户2043642606338903642,1,58,回复楼中楼 继续讨论细节,2026-02-02 07:10:00,2026-02-02 07:14:00
445,710000000000000089,2043642606338903644,442,442,442,用户2043642606338903641,1,63,回复主楼B 给出不同建议,2026-02-02 07:13:00,2026-02-02 07:16:00
446,710000000000000090,2043642606338903645,0,446,0,,1,68,主楼评论A 针对论坛710000000000000090 的看法,2026-02-02 07:16:00,2026-02-02 07:21:00
447,710000000000000090,2043642606338903646,0,447,0,,1,73,主楼评论B 补充论坛710000000000000090 的观点,2026-02-02 07:19:00,2026-02-02 07:25:00
448,710000000000000090,2043642606338903647,446,446,446,用户2043642606338903645,1,78,回复主楼A 提供补充信息,2026-02-02 07:22:00,2026-02-02 07:26:00
449,710000000000000090,2043642606338903648,446,446,448,用户2043642606338903647,1,83,回复楼中楼 继续讨论细节,2026-02-02 07:25:00,2026-02-02 07:29:00
450,710000000000000090,2043642606338903649,447,447,447,用户2043642606338903646,1,88,回复主楼B 给出不同建议,2026-02-02 07:28:00,2026-02-02 07:31:00
451,710000000000000091,2043642606338903500,0,451,0,,1,93,主楼评论A 针对论坛710000000000000091 的看法,2026-02-02 07:31:00,2026-02-02 07:36:00
452,710000000000000091,2043642606338903501,0,452,0,,1,98,主楼评论B 补充论坛710000000000000091 的观点,2026-02-02 07:34:00,2026-02-02 07:40:00
453,710000000000000091,2043642606338903502,451,451,451,用户2043642606338903500,1,103,回复主楼A 提供补充信息,2026-02-02 07:37:00,2026-02-02 07:41:00
454,710000000000000091,2043642606338903503,451,451,453,用户2043642606338903502,1,108,回复楼中楼 继续讨论细节,2026-02-02 07:40:00,2026-02-02 07:44:00
455,710000000000000091,2043642606338903504,452,452,452,用户2043642606338903501,1,113,回复主楼B 给出不同建议,2026-02-02 07:43:00,2026-02-02 07:46:00
456,710000000000000092,2043642606338903505,0,456,0,,1,118,主楼评论A 针对论坛710000000000000092 的看法,2026-02-02 07:46:00,2026-02-02 07:51:00
457,710000000000000092,2043642606338903506,0,457,0,,1,3,主楼评论B 补充论坛710000000000000092 的观点,2026-02-02 07:49:00,2026-02-02 07:55:00
458,710000000000000092,2043642606338903507,456,456,456,用户2043642606338903505,1,8,回复主楼A 提供补充信息,2026-02-02 07:52:00,2026-02-02 07:56:00
459,710000000000000092,2043642606338903508,456,456,458,用户2043642606338903507,1,13,回复楼中楼 继续讨论细节,2026-02-02 07:55:00,2026-02-02 07:59:00
460,710000000000000092,2043642606338903509,457,457,457,用户2043642606338903506,1,18,回复主楼B 给出不同建议,2026-02-02 07:58:00,2026-02-02 08:01:00
461,710000000000000093,2043642606338903510,0,461,0,,1,23,主楼评论A 针对论坛710000000000000093 的看法,2026-02-02 08:01:00,2026-02-02 08:06:00
462,710000000000000093,2043642606338903511,0,462,0,,1,28,主楼评论B 补充论坛710000000000000093 的观点,2026-02-02 08:04:00,2026-02-02 08:10:00
463,710000000000000093,2043642606338903512,461,461,461,用户2043642606338903510,1,33,回复主楼A 提供补充信息,2026-02-02 08:07:00,2026-02-02 08:11:00
464,710000000000000093,2043642606338903513,461,461,463,用户2043642606338903512,1,38,回复楼中楼 继续讨论细节,2026-02-02 08:10:00,2026-02-02 08:14:00
465,710000000000000093,2043642606338903514,462,462,462,用户2043642606338903511,1,43,回复主楼B 给出不同建议,2026-02-02 08:13:00,2026-02-02 08:16:00
466,710000000000000094,2043642606338903515,0,466,0,,1,48,主楼评论A 针对论坛710000000000000094 的看法,2026-02-02 08:16:00,2026-02-02 08:21:00
467,710000000000000094,2043642606338903516,0,467,0,,1,53,主楼评论B 补充论坛710000000000000094 的观点,2026-02-02 08:19:00,2026-02-02 08:25:00
468,710000000000000094,2043642606338903517,466,466,466,用户2043642606338903515,1,58,回复主楼A 提供补充信息,2026-02-02 08:22:00,2026-02-02 08:26:00
469,710000000000000094,2043642606338903518,466,466,468,用户2043642606338903517,1,63,回复楼中楼 继续讨论细节,2026-02-02 08:25:00,2026-02-02 08:29:00
470,710000000000000094,2043642606338903519,467,467,467,用户2043642606338903516,1,68,回复主楼B 给出不同建议,2026-02-02 08:28:00,2026-02-02 08:31:00
471,710000000000000095,2043642606338903520,0,471,0,,1,73,主楼评论A 针对论坛710000000000000095 的看法,2026-02-02 08:31:00,2026-02-02 08:36:00
472,710000000000000095,2043642606338903521,0,472,0,,1,78,主楼评论B 补充论坛710000000000000095 的观点,2026-02-02 08:34:00,2026-02-02 08:40:00
473,710000000000000095,2043642606338903522,471,471,471,用户2043642606338903520,1,83,回复主楼A 提供补充信息,2026-02-02 08:37:00,2026-02-02 08:41:00
474,710000000000000095,2043642606338903523,471,471,473,用户2043642606338903522,1,88,回复楼中楼 继续讨论细节,2026-02-02 08:40:00,2026-02-02 08:44:00
475,710000000000000095,2043642606338903524,472,472,472,用户2043642606338903521,1,93,回复主楼B 给出不同建议,2026-02-02 08:43:00,2026-02-02 08:46:00
476,710000000000000096,2043642606338903525,0,476,0,,1,98,主楼评论A 针对论坛710000000000000096 的看法,2026-02-02 08:46:00,2026-02-02 08:51:00
477,710000000000000096,2043642606338903526,0,477,0,,1,103,主楼评论B 补充论坛710000000000000096 的观点,2026-02-02 08:49:00,2026-02-02 08:55:00
478,710000000000000096,2043642606338903527,476,476,476,用户2043642606338903525,1,108,回复主楼A 提供补充信息,2026-02-02 08:52:00,2026-02-02 08:56:00
479,710000000000000096,2043642606338903528,476,476,478,用户2043642606338903527,1,113,回复楼中楼 继续讨论细节,2026-02-02 08:55:00,2026-02-02 08:59:00
480,710000000000000096,2043642606338903529,477,477,477,用户2043642606338903526,1,118,回复主楼B 给出不同建议,2026-02-02 08:58:00,2026-02-02 09:01:00
481,710000000000000097,2043642606338903530,0,481,0,,1,3,主楼评论A 针对论坛710000000000000097 的看法,2026-02-02 09:01:00,2026-02-02 09:06:00
482,710000000000000097,2043642606338903531,0,482,0,,1,8,主楼评论B 补充论坛710000000000000097 的观点,2026-02-02 09:04:00,2026-02-02 09:10:00
483,710000000000000097,2043642606338903532,481,481,481,用户2043642606338903530,1,13,回复主楼A 提供补充信息,2026-02-02 09:07:00,2026-02-02 09:11:00
484,710000000000000097,2043642606338903533,481,481,483,用户2043642606338903532,1,18,回复楼中楼 继续讨论细节,2026-02-02 09:10:00,2026-02-02 09:14:00
485,710000000000000097,2043642606338903534,482,482,482,用户2043642606338903531,1,23,回复主楼B 给出不同建议,2026-02-02 09:13:00,2026-02-02 09:16:00
486,710000000000000098,2043642606338903535,0,486,0,,1,28,主楼评论A 针对论坛710000000000000098 的看法,2026-02-02 09:16:00,2026-02-02 09:21:00
487,710000000000000098,2043642606338903536,0,487,0,,1,33,主楼评论B 补充论坛710000000000000098 的观点,2026-02-02 09:19:00,2026-02-02 09:25:00
488,710000000000000098,2043642606338903537,486,486,486,用户2043642606338903535,1,38,回复主楼A 提供补充信息,2026-02-02 09:22:00,2026-02-02 09:26:00
489,710000000000000098,2043642606338903538,486,486,488,用户2043642606338903537,1,43,回复楼中楼 继续讨论细节,2026-02-02 09:25:00,2026-02-02 09:29:00
490,710000000000000098,2043642606338903539,487,487,487,用户2043642606338903536,1,48,回复主楼B 给出不同建议,2026-02-02 09:28:00,2026-02-02 09:31:00
491,710000000000000099,2043642606338903540,0,491,0,,1,53,主楼评论A 针对论坛710000000000000099 的看法,2026-02-02 09:31:00,2026-02-02 09:36:00
492,710000000000000099,2043642606338903541,0,492,0,,1,58,主楼评论B 补充论坛710000000000000099 的观点,2026-02-02 09:34:00,2026-02-02 09:40:00
493,710000000000000099,2043642606338903542,491,491,491,用户2043642606338903540,1,63,回复主楼A 提供补充信息,2026-02-02 09:37:00,2026-02-02 09:41:00
494,710000000000000099,2043642606338903543,491,491,493,用户2043642606338903542,1,68,回复楼中楼 继续讨论细节,2026-02-02 09:40:00,2026-02-02 09:44:00
495,710000000000000099,2043642606338903544,492,492,492,用户2043642606338903541,1,73,回复主楼B 给出不同建议,2026-02-02 09:43:00,2026-02-02 09:46:00
496,710000000000000100,2043642606338903545,0,496,0,,1,78,主楼评论A 针对论坛710000000000000100 的看法,2026-02-02 09:46:00,2026-02-02 09:51:00
497,710000000000000100,2043642606338903546,0,497,0,,1,83,主楼评论B 补充论坛710000000000000100 的观点,2026-02-02 09:49:00,2026-02-02 09:55:00
498,710000000000000100,2043642606338903547,496,496,496,用户2043642606338903545,1,88,回复主楼A 提供补充信息,2026-02-02 09:52:00,2026-02-02 09:56:00
499,710000000000000100,2043642606338903548,496,496,498,用户2043642606338903547,1,93,回复楼中楼 继续讨论细节,2026-02-02 09:55:00,2026-02-02 09:59:00
500,710000000000000100,2043642606338903549,497,497,497,用户2043642606338903546,1,98,回复主楼B 给出不同建议,2026-02-02 09:58:00,2026-02-02 10:01:00
501,710000000000000101,2043642606338903550,0,501,0,,1,103,主楼评论A 针对论坛710000000000000101 的看法,2026-02-02 10:01:00,2026-02-02 10:06:00
502,710000000000000101,2043642606338903551,0,502,0,,1,108,主楼评论B 补充论坛710000000000000101 的观点,2026-02-02 10:04:00,2026-02-02 10:10:00
503,710000000000000101,2043642606338903552,501,501,501,用户2043642606338903550,1,113,回复主楼A 提供补充信息,2026-02-02 10:07:00,2026-02-02 10:11:00
504,710000000000000101,2043642606338903553,501,501,503,用户2043642606338903552,1,118,回复楼中楼 继续讨论细节,2026-02-02 10:10:00,2026-02-02 10:14:00
505,710000000000000101,2043642606338903554,502,502,502,用户2043642606338903551,1,3,回复主楼B 给出不同建议,2026-02-02 10:13:00,2026-02-02 10:16:00
506,710000000000000102,2043642606338903555,0,506,0,,1,8,主楼评论A 针对论坛710000000000000102 的看法,2026-02-02 10:16:00,2026-02-02 10:21:00
507,710000000000000102,2043642606338903556,0,507,0,,1,13,主楼评论B 补充论坛710000000000000102 的观点,2026-02-02 10:19:00,2026-02-02 10:25:00
508,710000000000000102,2043642606338903557,506,506,506,用户2043642606338903555,1,18,回复主楼A 提供补充信息,2026-02-02 10:22:00,2026-02-02 10:26:00
509,710000000000000102,2043642606338903558,506,506,508,用户2043642606338903557,1,23,回复楼中楼 继续讨论细节,2026-02-02 10:25:00,2026-02-02 10:29:00
510,710000000000000102,2043642606338903559,507,507,507,用户2043642606338903556,1,28,回复主楼B 给出不同建议,2026-02-02 10:28:00,2026-02-02 10:31:00
511,710000000000000103,2043642606338903560,0,511,0,,1,33,主楼评论A 针对论坛710000000000000103 的看法,2026-02-02 10:31:00,2026-02-02 10:36:00
512,710000000000000103,2043642606338903561,0,512,0,,1,38,主楼评论B 补充论坛710000000000000103 的观点,2026-02-02 10:34:00,2026-02-02 10:40:00
513,710000000000000103,2043642606338903562,511,511,511,用户2043642606338903560,1,43,回复主楼A 提供补充信息,2026-02-02 10:37:00,2026-02-02 10:41:00
514,710000000000000103,2043642606338903563,511,511,513,用户2043642606338903562,1,48,回复楼中楼 继续讨论细节,2026-02-02 10:40:00,2026-02-02 10:44:00
515,710000000000000103,2043642606338903564,512,512,512,用户2043642606338903561,1,53,回复主楼B 给出不同建议,2026-02-02 10:43:00,2026-02-02 10:46:00
516,710000000000000104,2043642606338903565,0,516,0,,1,58,主楼评论A 针对论坛710000000000000104 的看法,2026-02-02 10:46:00,2026-02-02 10:51:00
517,710000000000000104,2043642606338903566,0,517,0,,1,63,主楼评论B 补充论坛710000000000000104 的观点,2026-02-02 10:49:00,2026-02-02 10:55:00
518,710000000000000104,2043642606338903567,516,516,516,用户2043642606338903565,1,68,回复主楼A 提供补充信息,2026-02-02 10:52:00,2026-02-02 10:56:00
519,710000000000000104,2043642606338903568,516,516,518,用户2043642606338903567,1,73,回复楼中楼 继续讨论细节,2026-02-02 10:55:00,2026-02-02 10:59:00
520,710000000000000104,2043642606338903569,517,517,517,用户2043642606338903566,1,78,回复主楼B 给出不同建议,2026-02-02 10:58:00,2026-02-02 11:01:00
521,710000000000000105,2043642606338903570,0,521,0,,1,83,主楼评论A 针对论坛710000000000000105 的看法,2026-02-02 11:01:00,2026-02-02 11:06:00
522,710000000000000105,2043642606338903571,0,522,0,,1,88,主楼评论B 补充论坛710000000000000105 的观点,2026-02-02 11:04:00,2026-02-02 11:10:00
523,710000000000000105,2043642606338903572,521,521,521,用户2043642606338903570,1,93,回复主楼A 提供补充信息,2026-02-02 11:07:00,2026-02-02 11:11:00
524,710000000000000105,2043642606338903573,521,521,523,用户2043642606338903572,1,98,回复楼中楼 继续讨论细节,2026-02-02 11:10:00,2026-02-02 11:14:00
525,710000000000000105,2043642606338903574,522,522,522,用户2043642606338903571,1,103,回复主楼B 给出不同建议,2026-02-02 11:13:00,2026-02-02 11:16:00
526,710000000000000106,2043642606338903575,0,526,0,,1,108,主楼评论A 针对论坛710000000000000106 的看法,2026-02-02 11:16:00,2026-02-02 11:21:00
527,710000000000000106,2043642606338903576,0,527,0,,1,113,主楼评论B 补充论坛710000000000000106 的观点,2026-02-02 11:19:00,2026-02-02 11:25:00
528,710000000000000106,2043642606338903577,526,526,526,用户2043642606338903575,1,118,回复主楼A 提供补充信息,2026-02-02 11:22:00,2026-02-02 11:26:00
529,710000000000000106,2043642606338903578,526,526,528,用户2043642606338903577,1,3,回复楼中楼 继续讨论细节,2026-02-02 11:25:00,2026-02-02 11:29:00
530,710000000000000106,2043642606338903579,527,527,527,用户2043642606338903576,1,8,回复主楼B 给出不同建议,2026-02-02 11:28:00,2026-02-02 11:31:00
531,710000000000000107,2043642606338903580,0,531,0,,1,13,主楼评论A 针对论坛710000000000000107 的看法,2026-02-02 11:31:00,2026-02-02 11:36:00
532,710000000000000107,2043642606338903581,0,532,0,,1,18,主楼评论B 补充论坛710000000000000107 的观点,2026-02-02 11:34:00,2026-02-02 11:40:00
533,710000000000000107,2043642606338903582,531,531,531,用户2043642606338903580,1,23,回复主楼A 提供补充信息,2026-02-02 11:37:00,2026-02-02 11:41:00
534,710000000000000107,2043642606338903583,531,531,533,用户2043642606338903582,1,28,回复楼中楼 继续讨论细节,2026-02-02 11:40:00,2026-02-02 11:44:00
535,710000000000000107,2043642606338903584,532,532,532,用户2043642606338903581,1,33,回复主楼B 给出不同建议,2026-02-02 11:43:00,2026-02-02 11:46:00
536,710000000000000108,2043642606338903585,0,536,0,,1,38,主楼评论A 针对论坛710000000000000108 的看法,2026-02-02 11:46:00,2026-02-02 11:51:00
537,710000000000000108,2043642606338903586,0,537,0,,1,43,主楼评论B 补充论坛710000000000000108 的观点,2026-02-02 11:49:00,2026-02-02 11:55:00
538,710000000000000108,2043642606338903587,536,536,536,用户2043642606338903585,1,48,回复主楼A 提供补充信息,2026-02-02 11:52:00,2026-02-02 11:56:00
539,710000000000000108,2043642606338903588,536,536,538,用户2043642606338903587,1,53,回复楼中楼 继续讨论细节,2026-02-02 11:55:00,2026-02-02 11:59:00
540,710000000000000108,2043642606338903589,537,537,537,用户2043642606338903586,1,58,回复主楼B 给出不同建议,2026-02-02 11:58:00,2026-02-02 12:01:00
541,710000000000000109,2043642606338903590,0,541,0,,1,63,主楼评论A 针对论坛710000000000000109 的看法,2026-02-02 12:01:00,2026-02-02 12:06:00
542,710000000000000109,2043642606338903591,0,542,0,,1,68,主楼评论B 补充论坛710000000000000109 的观点,2026-02-02 12:04:00,2026-02-02 12:10:00
543,710000000000000109,2043642606338903592,541,541,541,用户2043642606338903590,1,73,回复主楼A 提供补充信息,2026-02-02 12:07:00,2026-02-02 12:11:00
544,710000000000000109,2043642606338903593,541,541,543,用户2043642606338903592,1,78,回复楼中楼 继续讨论细节,2026-02-02 12:10:00,2026-02-02 12:14:00
545,710000000000000109,2043642606338903594,542,542,542,用户2043642606338903591,1,83,回复主楼B 给出不同建议,2026-02-02 12:13:00,2026-02-02 12:16:00
546,710000000000000110,2043642606338903595,0,546,0,,1,88,主楼评论A 针对论坛710000000000000110 的看法,2026-02-02 12:16:00,2026-02-02 12:21:00
547,710000000000000110,2043642606338903596,0,547,0,,1,93,主楼评论B 补充论坛710000000000000110 的观点,2026-02-02 12:19:00,2026-02-02 12:25:00
548,710000000000000110,2043642606338903597,546,546,546,用户2043642606338903595,1,98,回复主楼A 提供补充信息,2026-02-02 12:22:00,2026-02-02 12:26:00
549,710000000000000110,2043642606338903598,546,546,548,用户2043642606338903597,1,103,回复楼中楼 继续讨论细节,2026-02-02 12:25:00,2026-02-02 12:29:00
550,710000000000000110,2043642606338903599,547,547,547,用户2043642606338903596,1,108,回复主楼B 给出不同建议,2026-02-02 12:28:00,2026-02-02 12:31:00
551,710000000000000111,2043642606338903600,0,551,0,,1,113,主楼评论A 针对论坛710000000000000111 的看法,2026-02-02 12:31:00,2026-02-02 12:36:00
552,710000000000000111,2043642606338903601,0,552,0,,1,118,主楼评论B 补充论坛710000000000000111 的观点,2026-02-02 12:34:00,2026-02-02 12:40:00
553,710000000000000111,2043642606338903602,551,551,551,用户2043642606338903600,1,3,回复主楼A 提供补充信息,2026-02-02 12:37:00,2026-02-02 12:41:00
554,710000000000000111,2043642606338903603,551,551,553,用户2043642606338903602,1,8,回复楼中楼 继续讨论细节,2026-02-02 12:40:00,2026-02-02 12:44:00
555,710000000000000111,2043642606338903604,552,552,552,用户2043642606338903601,1,13,回复主楼B 给出不同建议,2026-02-02 12:43:00,2026-02-02 12:46:00
556,710000000000000112,2043642606338903605,0,556,0,,1,18,主楼评论A 针对论坛710000000000000112 的看法,2026-02-02 12:46:00,2026-02-02 12:51:00
557,710000000000000112,2043642606338903606,0,557,0,,1,23,主楼评论B 补充论坛710000000000000112 的观点,2026-02-02 12:49:00,2026-02-02 12:55:00
558,710000000000000112,2043642606338903607,556,556,556,用户2043642606338903605,1,28,回复主楼A 提供补充信息,2026-02-02 12:52:00,2026-02-02 12:56:00
559,710000000000000112,2043642606338903608,556,556,558,用户2043642606338903607,1,33,回复楼中楼 继续讨论细节,2026-02-02 12:55:00,2026-02-02 12:59:00
560,710000000000000112,2043642606338903609,557,557,557,用户2043642606338903606,1,38,回复主楼B 给出不同建议,2026-02-02 12:58:00,2026-02-02 13:01:00
561,710000000000000113,2043642606338903610,0,561,0,,1,43,主楼评论A 针对论坛710000000000000113 的看法,2026-02-02 13:01:00,2026-02-02 13:06:00
562,710000000000000113,2043642606338903611,0,562,0,,1,48,主楼评论B 补充论坛710000000000000113 的观点,2026-02-02 13:04:00,2026-02-02 13:10:00
563,710000000000000113,2043642606338903612,561,561,561,用户2043642606338903610,1,53,回复主楼A 提供补充信息,2026-02-02 13:07:00,2026-02-02 13:11:00
564,710000000000000113,2043642606338903613,561,561,563,用户2043642606338903612,1,58,回复楼中楼 继续讨论细节,2026-02-02 13:10:00,2026-02-02 13:14:00
565,710000000000000113,2043642606338903614,562,562,562,用户2043642606338903611,1,63,回复主楼B 给出不同建议,2026-02-02 13:13:00,2026-02-02 13:16:00
566,710000000000000114,2043642606338903615,0,566,0,,1,68,主楼评论A 针对论坛710000000000000114 的看法,2026-02-02 13:16:00,2026-02-02 13:21:00
567,710000000000000114,2043642606338903616,0,567,0,,1,73,主楼评论B 补充论坛710000000000000114 的观点,2026-02-02 13:19:00,2026-02-02 13:25:00
568,710000000000000114,2043642606338903617,566,566,566,用户2043642606338903615,1,78,回复主楼A 提供补充信息,2026-02-02 13:22:00,2026-02-02 13:26:00
569,710000000000000114,2043642606338903618,566,566,568,用户2043642606338903617,1,83,回复楼中楼 继续讨论细节,2026-02-02 13:25:00,2026-02-02 13:29:00
570,710000000000000114,2043642606338903619,567,567,567,用户2043642606338903616,1,88,回复主楼B 给出不同建议,2026-02-02 13:28:00,2026-02-02 13:31:00
571,710000000000000115,2043642606338903620,0,571,0,,1,93,主楼评论A 针对论坛710000000000000115 的看法,2026-02-02 13:31:00,2026-02-02 13:36:00
572,710000000000000115,2043642606338903621,0,572,0,,1,98,主楼评论B 补充论坛710000000000000115 的观点,2026-02-02 13:34:00,2026-02-02 13:40:00
573,710000000000000115,2043642606338903622,571,571,571,用户2043642606338903620,1,103,回复主楼A 提供补充信息,2026-02-02 13:37:00,2026-02-02 13:41:00
574,710000000000000115,2043642606338903623,571,571,573,用户2043642606338903622,1,108,回复楼中楼 继续讨论细节,2026-02-02 13:40:00,2026-02-02 13:44:00
575,710000000000000115,2043642606338903624,572,572,572,用户2043642606338903621,1,113,回复主楼B 给出不同建议,2026-02-02 13:43:00,2026-02-02 13:46:00
576,710000000000000116,2043642606338903625,0,576,0,,1,118,主楼评论A 针对论坛710000000000000116 的看法,2026-02-02 13:46:00,2026-02-02 13:51:00
577,710000000000000116,2043642606338903626,0,577,0,,1,3,主楼评论B 补充论坛710000000000000116 的观点,2026-02-02 13:49:00,2026-02-02 13:55:00
578,710000000000000116,2043642606338903627,576,576,576,用户2043642606338903625,1,8,回复主楼A 提供补充信息,2026-02-02 13:52:00,2026-02-02 13:56:00
579,710000000000000116,2043642606338903628,576,576,578,用户2043642606338903627,1,13,回复楼中楼 继续讨论细节,2026-02-02 13:55:00,2026-02-02 13:59:00
580,710000000000000116,2043642606338903629,577,577,577,用户2043642606338903626,1,18,回复主楼B 给出不同建议,2026-02-02 13:58:00,2026-02-02 14:01:00
581,710000000000000117,2043642606338903630,0,581,0,,1,23,主楼评论A 针对论坛710000000000000117 的看法,2026-02-02 14:01:00,2026-02-02 14:06:00
582,710000000000000117,2043642606338903631,0,582,0,,1,28,主楼评论B 补充论坛710000000000000117 的观点,2026-02-02 14:04:00,2026-02-02 14:10:00
583,710000000000000117,2043642606338903632,581,581,581,用户2043642606338903630,1,33,回复主楼A 提供补充信息,2026-02-02 14:07:00,2026-02-02 14:11:00
584,710000000000000117,2043642606338903633,581,581,583,用户2043642606338903632,1,38,回复楼中楼 继续讨论细节,2026-02-02 14:10:00,2026-02-02 14:14:00
585,710000000000000117,2043642606338903634,582,582,582,用户2043642606338903631,1,43,回复主楼B 给出不同建议,2026-02-02 14:13:00,2026-02-02 14:16:00
586,710000000000000118,2043642606338903635,0,586,0,,1,48,主楼评论A 针对论坛710000000000000118 的看法,2026-02-02 14:16:00,2026-02-02 14:21:00
587,710000000000000118,2043642606338903636,0,587,0,,1,53,主楼评论B 补充论坛710000000000000118 的观点,2026-02-02 14:19:00,2026-02-02 14:25:00
588,710000000000000118,2043642606338903637,586,586,586,用户2043642606338903635,1,58,回复主楼A 提供补充信息,2026-02-02 14:22:00,2026-02-02 14:26:00
589,710000000000000118,2043642606338903638,586,586,588,用户2043642606338903637,1,63,回复楼中楼 继续讨论细节,2026-02-02 14:25:00,2026-02-02 14:29:00
590,710000000000000118,2043642606338903639,587,587,587,用户2043642606338903636,1,68,回复主楼B 给出不同建议,2026-02-02 14:28:00,2026-02-02 14:31:00
591,710000000000000119,2043642606338903640,0,591,0,,1,73,主楼评论A 针对论坛710000000000000119 的看法,2026-02-02 14:31:00,2026-02-02 14:36:00
592,710000000000000119,2043642606338903641,0,592,0,,1,78,主楼评论B 补充论坛710000000000000119 的观点,2026-02-02 14:34:00,2026-02-02 14:40:00
593,710000000000000119,2043642606338903642,591,591,591,用户2043642606338903640,1,83,回复主楼A 提供补充信息,2026-02-02 14:37:00,2026-02-02 14:41:00
594,710000000000000119,2043642606338903643,591,591,593,用户2043642606338903642,1,88,回复楼中楼 继续讨论细节,2026-02-02 14:40:00,2026-02-02 14:44:00
595,710000000000000119,2043642606338903644,592,592,592,用户2043642606338903641,1,93,回复主楼B 给出不同建议,2026-02-02 14:43:00,2026-02-02 14:46:00
596,710000000000000120,2043642606338903645,0,596,0,,1,98,主楼评论A 针对论坛710000000000000120 的看法,2026-02-02 14:46:00,2026-02-02 14:51:00
597,710000000000000120,2043642606338903646,0,597,0,,1,103,主楼评论B 补充论坛710000000000000120 的观点,2026-02-02 14:49:00,2026-02-02 14:55:00
598,710000000000000120,2043642606338903647,596,596,596,用户2043642606338903645,1,108,回复主楼A 提供补充信息,2026-02-02 14:52:00,2026-02-02 14:56:00
599,710000000000000120,2043642606338903648,596,596,598,用户2043642606338903647,1,113,回复楼中楼 继续讨论细节,2026-02-02 14:55:00,2026-02-02 14:59:00
600,710000000000000120,2043642606338903649,597,597,597,用户2043642606338903646,1,118,回复主楼B 给出不同建议,2026-02-02 14:58:00,2026-02-02 15:01:00
601,710000000000000121,2043642606338903500,0,601,0,,1,3,主楼评论A 针对论坛710000000000000121 的看法,2026-02-02 15:01:00,2026-02-02 15:06:00
602,710000000000000121,2043642606338903501,0,602,0,,1,8,主楼评论B 补充论坛710000000000000121 的观点,2026-02-02 15:04:00,2026-02-02 15:10:00
603,710000000000000121,2043642606338903502,601,601,601,用户2043642606338903500,1,13,回复主楼A 提供补充信息,2026-02-02 15:07:00,2026-02-02 15:11:00
604,710000000000000121,2043642606338903503,601,601,603,用户2043642606338903502,1,18,回复楼中楼 继续讨论细节,2026-02-02 15:10:00,2026-02-02 15:14:00
605,710000000000000121,2043642606338903504,602,602,602,用户2043642606338903501,1,23,回复主楼B 给出不同建议,2026-02-02 15:13:00,2026-02-02 15:16:00
606,710000000000000122,2043642606338903505,0,606,0,,1,28,主楼评论A 针对论坛710000000000000122 的看法,2026-02-02 15:16:00,2026-02-02 15:21:00
607,710000000000000122,2043642606338903506,0,607,0,,1,33,主楼评论B 补充论坛710000000000000122 的观点,2026-02-02 15:19:00,2026-02-02 15:25:00
608,710000000000000122,2043642606338903507,606,606,606,用户2043642606338903505,1,38,回复主楼A 提供补充信息,2026-02-02 15:22:00,2026-02-02 15:26:00
609,710000000000000122,2043642606338903508,606,606,608,用户2043642606338903507,1,43,回复楼中楼 继续讨论细节,2026-02-02 15:25:00,2026-02-02 15:29:00
610,710000000000000122,2043642606338903509,607,607,607,用户2043642606338903506,1,48,回复主楼B 给出不同建议,2026-02-02 15:28:00,2026-02-02 15:31:00
611,710000000000000123,2043642606338903510,0,611,0,,1,53,主楼评论A 针对论坛710000000000000123 的看法,2026-02-02 15:31:00,2026-02-02 15:36:00
612,710000000000000123,2043642606338903511,0,612,0,,1,58,主楼评论B 补充论坛710000000000000123 的观点,2026-02-02 15:34:00,2026-02-02 15:40:00
613,710000000000000123,2043642606338903512,611,611,611,用户2043642606338903510,1,63,回复主楼A 提供补充信息,2026-02-02 15:37:00,2026-02-02 15:41:00
614,710000000000000123,2043642606338903513,611,611,613,用户2043642606338903512,1,68,回复楼中楼 继续讨论细节,2026-02-02 15:40:00,2026-02-02 15:44:00
615,710000000000000123,2043642606338903514,612,612,612,用户2043642606338903511,1,73,回复主楼B 给出不同建议,2026-02-02 15:43:00,2026-02-02 15:46:00
616,710000000000000124,2043642606338903515,0,616,0,,1,78,主楼评论A 针对论坛710000000000000124 的看法,2026-02-02 15:46:00,2026-02-02 15:51:00
617,710000000000000124,2043642606338903516,0,617,0,,1,83,主楼评论B 补充论坛710000000000000124 的观点,2026-02-02 15:49:00,2026-02-02 15:55:00
618,710000000000000124,2043642606338903517,616,616,616,用户2043642606338903515,1,88,回复主楼A 提供补充信息,2026-02-02 15:52:00,2026-02-02 15:56:00
619,710000000000000124,2043642606338903518,616,616,618,用户2043642606338903517,1,93,回复楼中楼 继续讨论细节,2026-02-02 15:55:00,2026-02-02 15:59:00
620,710000000000000124,2043642606338903519,617,617,617,用户2043642606338903516,1,98,回复主楼B 给出不同建议,2026-02-02 15:58:00,2026-02-02 16:01:00
621,710000000000000125,2043642606338903520,0,621,0,,1,103,主楼评论A 针对论坛710000000000000125 的看法,2026-02-02 16:01:00,2026-02-02 16:06:00
622,710000000000000125,2043642606338903521,0,622,0,,1,108,主楼评论B 补充论坛710000000000000125 的观点,2026-02-02 16:04:00,2026-02-02 16:10:00
623,710000000000000125,2043642606338903522,621,621,621,用户2043642606338903520,1,113,回复主楼A 提供补充信息,2026-02-02 16:07:00,2026-02-02 16:11:00
624,710000000000000125,2043642606338903523,621,621,623,用户2043642606338903522,1,118,回复楼中楼 继续讨论细节,2026-02-02 16:10:00,2026-02-02 16:14:00
625,710000000000000125,2043642606338903524,622,622,622,用户2043642606338903521,1,3,回复主楼B 给出不同建议,2026-02-02 16:13:00,2026-02-02 16:16:00
626,710000000000000126,2043642606338903525,0,626,0,,1,8,主楼评论A 针对论坛710000000000000126 的看法,2026-02-02 16:16:00,2026-02-02 16:21:00
627,710000000000000126,2043642606338903526,0,627,0,,1,13,主楼评论B 补充论坛710000000000000126 的观点,2026-02-02 16:19:00,2026-02-02 16:25:00
628,710000000000000126,2043642606338903527,626,626,626,用户2043642606338903525,1,18,回复主楼A 提供补充信息,2026-02-02 16:22:00,2026-02-02 16:26:00
629,710000000000000126,2043642606338903528,626,626,628,用户2043642606338903527,1,23,回复楼中楼 继续讨论细节,2026-02-02 16:25:00,2026-02-02 16:29:00
630,710000000000000126,2043642606338903529,627,627,627,用户2043642606338903526,1,28,回复主楼B 给出不同建议,2026-02-02 16:28:00,2026-02-02 16:31:00
631,710000000000000127,2043642606338903530,0,631,0,,1,33,主楼评论A 针对论坛710000000000000127 的看法,2026-02-02 16:31:00,2026-02-02 16:36:00
632,710000000000000127,2043642606338903531,0,632,0,,1,38,主楼评论B 补充论坛710000000000000127 的观点,2026-02-02 16:34:00,2026-02-02 16:40:00
633,710000000000000127,2043642606338903532,631,631,631,用户2043642606338903530,1,43,回复主楼A 提供补充信息,2026-02-02 16:37:00,2026-02-02 16:41:00
634,710000000000000127,2043642606338903533,631,631,633,用户2043642606338903532,1,48,回复楼中楼 继续讨论细节,2026-02-02 16:40:00,2026-02-02 16:44:00
635,710000000000000127,2043642606338903534,632,632,632,用户2043642606338903531,1,53,回复主楼B 给出不同建议,2026-02-02 16:43:00,2026-02-02 16:46:00
636,710000000000000128,2043642606338903535,0,636,0,,1,58,主楼评论A 针对论坛710000000000000128 的看法,2026-02-02 16:46:00,2026-02-02 16:51:00
637,710000000000000128,2043642606338903536,0,637,0,,1,63,主楼评论B 补充论坛710000000000000128 的观点,2026-02-02 16:49:00,2026-02-02 16:55:00
638,710000000000000128,2043642606338903537,636,636,636,用户2043642606338903535,1,68,回复主楼A 提供补充信息,2026-02-02 16:52:00,2026-02-02 16:56:00
639,710000000000000128,2043642606338903538,636,636,638,用户2043642606338903537,1,73,回复楼中楼 继续讨论细节,2026-02-02 16:55:00,2026-02-02 16:59:00
640,710000000000000128,2043642606338903539,637,637,637,用户2043642606338903536,1,78,回复主楼B 给出不同建议,2026-02-02 16:58:00,2026-02-02 17:01:00
641,710000000000000129,2043642606338903540,0,641,0,,1,83,主楼评论A 针对论坛710000000000000129 的看法,2026-02-02 17:01:00,2026-02-02 17:06:00
642,710000000000000129,2043642606338903541,0,642,0,,1,88,主楼评论B 补充论坛710000000000000129 的观点,2026-02-02 17:04:00,2026-02-02 17:10:00
643,710000000000000129,2043642606338903542,641,641,641,用户2043642606338903540,1,93,回复主楼A 提供补充信息,2026-02-02 17:07:00,2026-02-02 17:11:00
644,710000000000000129,2043642606338903543,641,641,643,用户2043642606338903542,1,98,回复楼中楼 继续讨论细节,2026-02-02 17:10:00,2026-02-02 17:14:00
645,710000000000000129,2043642606338903544,642,642,642,用户2043642606338903541,1,103,回复主楼B 给出不同建议,2026-02-02 17:13:00,2026-02-02 17:16:00
646,710000000000000130,2043642606338903545,0,646,0,,1,108,主楼评论A 针对论坛710000000000000130 的看法,2026-02-02 17:16:00,2026-02-02 17:21:00
647,710000000000000130,2043642606338903546,0,647,0,,1,113,主楼评论B 补充论坛710000000000000130 的观点,2026-02-02 17:19:00,2026-02-02 17:25:00
648,710000000000000130,2043642606338903547,646,646,646,用户2043642606338903545,1,118,回复主楼A 提供补充信息,2026-02-02 17:22:00,2026-02-02 17:26:00
649,710000000000000130,2043642606338903548,646,646,648,用户2043642606338903547,1,3,回复楼中楼 继续讨论细节,2026-02-02 17:25:00,2026-02-02 17:29:00
650,710000000000000130,2043642606338903549,647,647,647,用户2043642606338903546,1,8,回复主楼B 给出不同建议,2026-02-02 17:28:00,2026-02-02 17:31:00
651,710000000000000131,2043642606338903550,0,651,0,,1,13,主楼评论A 针对论坛710000000000000131 的看法,2026-02-02 17:31:00,2026-02-02 17:36:00
652,710000000000000131,2043642606338903551,0,652,0,,1,18,主楼评论B 补充论坛710000000000000131 的观点,2026-02-02 17:34:00,2026-02-02 17:40:00
653,710000000000000131,2043642606338903552,651,651,651,用户2043642606338903550,1,23,回复主楼A 提供补充信息,2026-02-02 17:37:00,2026-02-02 17:41:00
654,710000000000000131,2043642606338903553,651,651,653,用户2043642606338903552,1,28,回复楼中楼 继续讨论细节,2026-02-02 17:40:00,2026-02-02 17:44:00
655,710000000000000131,2043642606338903554,652,652,652,用户2043642606338903551,1,33,回复主楼B 给出不同建议,2026-02-02 17:43:00,2026-02-02 17:46:00
656,710000000000000132,2043642606338903555,0,656,0,,1,38,主楼评论A 针对论坛710000000000000132 的看法,2026-02-02 17:46:00,2026-02-02 17:51:00
657,710000000000000132,2043642606338903556,0,657,0,,1,43,主楼评论B 补充论坛710000000000000132 的观点,2026-02-02 17:49:00,2026-02-02 17:55:00
658,710000000000000132,2043642606338903557,656,656,656,用户2043642606338903555,1,48,回复主楼A 提供补充信息,2026-02-02 17:52:00,2026-02-02 17:56:00
659,710000000000000132,2043642606338903558,656,656,658,用户2043642606338903557,1,53,回复楼中楼 继续讨论细节,2026-02-02 17:55:00,2026-02-02 17:59:00
660,710000000000000132,2043642606338903559,657,657,657,用户2043642606338903556,1,58,回复主楼B 给出不同建议,2026-02-02 17:58:00,2026-02-02 18:01:00
661,710000000000000133,2043642606338903560,0,661,0,,1,63,主楼评论A 针对论坛710000000000000133 的看法,2026-02-02 18:01:00,2026-02-02 18:06:00
662,710000000000000133,2043642606338903561,0,662,0,,1,68,主楼评论B 补充论坛710000000000000133 的观点,2026-02-02 18:04:00,2026-02-02 18:10:00
663,710000000000000133,2043642606338903562,661,661,661,用户2043642606338903560,1,73,回复主楼A 提供补充信息,2026-02-02 18:07:00,2026-02-02 18:11:00
664,710000000000000133,2043642606338903563,661,661,663,用户2043642606338903562,1,78,回复楼中楼 继续讨论细节,2026-02-02 18:10:00,2026-02-02 18:14:00
665,710000000000000133,2043642606338903564,662,662,662,用户2043642606338903561,1,83,回复主楼B 给出不同建议,2026-02-02 18:13:00,2026-02-02 18:16:00
666,710000000000000134,2043642606338903565,0,666,0,,1,88,主楼评论A 针对论坛710000000000000134 的看法,2026-02-02 18:16:00,2026-02-02 18:21:00
667,710000000000000134,2043642606338903566,0,667,0,,1,93,主楼评论B 补充论坛710000000000000134 的观点,2026-02-02 18:19:00,2026-02-02 18:25:00
668,710000000000000134,2043642606338903567,666,666,666,用户2043642606338903565,1,98,回复主楼A 提供补充信息,2026-02-02 18:22:00,2026-02-02 18:26:00
669,710000000000000134,2043642606338903568,666,666,668,用户2043642606338903567,1,103,回复楼中楼 继续讨论细节,2026-02-02 18:25:00,2026-02-02 18:29:00
670,710000000000000134,2043642606338903569,667,667,667,用户2043642606338903566,1,108,回复主楼B 给出不同建议,2026-02-02 18:28:00,2026-02-02 18:31:00
671,710000000000000135,2043642606338903570,0,671,0,,1,113,主楼评论A 针对论坛710000000000000135 的看法,2026-02-02 18:31:00,2026-02-02 18:36:00
672,710000000000000135,2043642606338903571,0,672,0,,1,118,主楼评论B 补充论坛710000000000000135 的观点,2026-02-02 18:34:00,2026-02-02 18:40:00
673,710000000000000135,2043642606338903572,671,671,671,用户2043642606338903570,1,3,回复主楼A 提供补充信息,2026-02-02 18:37:00,2026-02-02 18:41:00
674,710000000000000135,2043642606338903573,671,671,673,用户2043642606338903572,1,8,回复楼中楼 继续讨论细节,2026-02-02 18:40:00,2026-02-02 18:44:00
675,710000000000000135,2043642606338903574,672,672,672,用户2043642606338903571,1,13,回复主楼B 给出不同建议,2026-02-02 18:43:00,2026-02-02 18:46:00
676,710000000000000136,2043642606338903575,0,676,0,,1,18,主楼评论A 针对论坛710000000000000136 的看法,2026-02-02 18:46:00,2026-02-02 18:51:00
677,710000000000000136,2043642606338903576,0,677,0,,1,23,主楼评论B 补充论坛710000000000000136 的观点,2026-02-02 18:49:00,2026-02-02 18:55:00
678,710000000000000136,2043642606338903577,676,676,676,用户2043642606338903575,1,28,回复主楼A 提供补充信息,2026-02-02 18:52:00,2026-02-02 18:56:00
679,710000000000000136,2043642606338903578,676,676,678,用户2043642606338903577,1,33,回复楼中楼 继续讨论细节,2026-02-02 18:55:00,2026-02-02 18:59:00
680,710000000000000136,2043642606338903579,677,677,677,用户2043642606338903576,1,38,回复主楼B 给出不同建议,2026-02-02 18:58:00,2026-02-02 19:01:00
681,710000000000000137,2043642606338903580,0,681,0,,1,43,主楼评论A 针对论坛710000000000000137 的看法,2026-02-02 19:01:00,2026-02-02 19:06:00
682,710000000000000137,2043642606338903581,0,682,0,,1,48,主楼评论B 补充论坛710000000000000137 的观点,2026-02-02 19:04:00,2026-02-02 19:10:00
683,710000000000000137,2043642606338903582,681,681,681,用户2043642606338903580,1,53,回复主楼A 提供补充信息,2026-02-02 19:07:00,2026-02-02 19:11:00
684,710000000000000137,2043642606338903583,681,681,683,用户2043642606338903582,1,58,回复楼中楼 继续讨论细节,2026-02-02 19:10:00,2026-02-02 19:14:00
685,710000000000000137,2043642606338903584,682,682,682,用户2043642606338903581,1,63,回复主楼B 给出不同建议,2026-02-02 19:13:00,2026-02-02 19:16:00
686,710000000000000138,2043642606338903585,0,686,0,,1,68,主楼评论A 针对论坛710000000000000138 的看法,2026-02-02 19:16:00,2026-02-02 19:21:00
687,710000000000000138,2043642606338903586,0,687,0,,1,73,主楼评论B 补充论坛710000000000000138 的观点,2026-02-02 19:19:00,2026-02-02 19:25:00
688,710000000000000138,2043642606338903587,686,686,686,用户2043642606338903585,1,78,回复主楼A 提供补充信息,2026-02-02 19:22:00,2026-02-02 19:26:00
689,710000000000000138,2043642606338903588,686,686,688,用户2043642606338903587,1,83,回复楼中楼 继续讨论细节,2026-02-02 19:25:00,2026-02-02 19:29:00
690,710000000000000138,2043642606338903589,687,687,687,用户2043642606338903586,1,88,回复主楼B 给出不同建议,2026-02-02 19:28:00,2026-02-02 19:31:00
691,710000000000000139,2043642606338903590,0,691,0,,1,93,主楼评论A 针对论坛710000000000000139 的看法,2026-02-02 19:31:00,2026-02-02 19:36:00
692,710000000000000139,2043642606338903591,0,692,0,,1,98,主楼评论B 补充论坛710000000000000139 的观点,2026-02-02 19:34:00,2026-02-02 19:40:00
693,710000000000000139,2043642606338903592,691,691,691,用户2043642606338903590,1,103,回复主楼A 提供补充信息,2026-02-02 19:37:00,2026-02-02 19:41:00
694,710000000000000139,2043642606338903593,691,691,693,用户2043642606338903592,1,108,回复楼中楼 继续讨论细节,2026-02-02 19:40:00,2026-02-02 19:44:00
695,710000000000000139,2043642606338903594,692,692,692,用户2043642606338903591,1,113,回复主楼B 给出不同建议,2026-02-02 19:43:00,2026-02-02 19:46:00
696,710000000000000140,2043642606338903595,0,696,0,,1,118,主楼评论A 针对论坛710000000000000140 的看法,2026-02-02 19:46:00,2026-02-02 19:51:00
697,710000000000000140,2043642606338903596,0,697,0,,1,3,主楼评论B 补充论坛710000000000000140 的观点,2026-02-02 19:49:00,2026-02-02 19:55:00
698,710000000000000140,2043642606338903597,696,696,696,用户2043642606338903595,1,8,回复主楼A 提供补充信息,2026-02-02 19:52:00,2026-02-02 19:56:00
699,710000000000000140,2043642606338903598,696,696,698,用户2043642606338903597,1,13,回复楼中楼 继续讨论细节,2026-02-02 19:55:00,2026-02-02 19:59:00
700,710000000000000140,2043642606338903599,697,697,697,用户2043642606338903596,1,18,回复主楼B 给出不同建议,2026-02-02 19:58:00,2026-02-02 20:01:00
701,710000000000000141,2043642606338903600,0,701,0,,1,23,主楼评论A 针对论坛710000000000000141 的看法,2026-02-02 20:01:00,2026-02-02 20:06:00
702,710000000000000141,2043642606338903601,0,702,0,,1,28,主楼评论B 补充论坛710000000000000141 的观点,2026-02-02 20:04:00,2026-02-02 20:10:00
703,710000000000000141,2043642606338903602,701,701,701,用户2043642606338903600,1,33,回复主楼A 提供补充信息,2026-02-02 20:07:00,2026-02-02 20:11:00
704,710000000000000141,2043642606338903603,701,701,703,用户2043642606338903602,1,38,回复楼中楼 继续讨论细节,2026-02-02 20:10:00,2026-02-02 20:14:00
705,710000000000000141,2043642606338903604,702,702,702,用户2043642606338903601,1,43,回复主楼B 给出不同建议,2026-02-02 20:13:00,2026-02-02 20:16:00
706,710000000000000142,2043642606338903605,0,706,0,,1,48,主楼评论A 针对论坛710000000000000142 的看法,2026-02-02 20:16:00,2026-02-02 20:21:00
707,710000000000000142,2043642606338903606,0,707,0,,1,53,主楼评论B 补充论坛710000000000000142 的观点,2026-02-02 20:19:00,2026-02-02 20:25:00
708,710000000000000142,2043642606338903607,706,706,706,用户2043642606338903605,1,58,回复主楼A 提供补充信息,2026-02-02 20:22:00,2026-02-02 20:26:00
709,710000000000000142,2043642606338903608,706,706,708,用户2043642606338903607,1,63,回复楼中楼 继续讨论细节,2026-02-02 20:25:00,2026-02-02 20:29:00
710,710000000000000142,2043642606338903609,707,707,707,用户2043642606338903606,1,68,回复主楼B 给出不同建议,2026-02-02 20:28:00,2026-02-02 20:31:00
711,710000000000000143,2043642606338903610,0,711,0,,1,73,主楼评论A 针对论坛710000000000000143 的看法,2026-02-02 20:31:00,2026-02-02 20:36:00
712,710000000000000143,2043642606338903611,0,712,0,,1,78,主楼评论B 补充论坛710000000000000143 的观点,2026-02-02 20:34:00,2026-02-02 20:40:00
713,710000000000000143,2043642606338903612,711,711,711,用户2043642606338903610,1,83,回复主楼A 提供补充信息,2026-02-02 20:37:00,2026-02-02 20:41:00
714,710000000000000143,2043642606338903613,711,711,713,用户2043642606338903612,1,88,回复楼中楼 继续讨论细节,2026-02-02 20:40:00,2026-02-02 20:44:00
715,710000000000000143,2043642606338903614,712,712,712,用户2043642606338903611,1,93,回复主楼B 给出不同建议,2026-02-02 20:43:00,2026-02-02 20:46:00
716,710000000000000144,2043642606338903615,0,716,0,,1,98,主楼评论A 针对论坛710000000000000144 的看法,2026-02-02 20:46:00,2026-02-02 20:51:00
717,710000000000000144,2043642606338903616,0,717,0,,1,103,主楼评论B 补充论坛710000000000000144 的观点,2026-02-02 20:49:00,2026-02-02 20:55:00
718,710000000000000144,2043642606338903617,716,716,716,用户2043642606338903615,1,108,回复主楼A 提供补充信息,2026-02-02 20:52:00,2026-02-02 20:56:00
719,710000000000000144,2043642606338903618,716,716,718,用户2043642606338903617,1,113,回复楼中楼 继续讨论细节,2026-02-02 20:55:00,2026-02-02 20:59:00
720,710000000000000144,2043642606338903619,717,717,717,用户2043642606338903616,1,118,回复主楼B 给出不同建议,2026-02-02 20:58:00,2026-02-02 21:01:00
721,710000000000000145,2043642606338903620,0,721,0,,1,3,主楼评论A 针对论坛710000000000000145 的看法,2026-02-02 21:01:00,2026-02-02 21:06:00
722,710000000000000145,2043642606338903621,0,722,0,,1,8,主楼评论B 补充论坛710000000000000145 的观点,2026-02-02 21:04:00,2026-02-02 21:10:00
723,710000000000000145,2043642606338903622,721,721,721,用户2043642606338903620,1,13,回复主楼A 提供补充信息,2026-02-02 21:07:00,2026-02-02 21:11:00
724,710000000000000145,2043642606338903623,721,721,723,用户2043642606338903622,1,18,回复楼中楼 继续讨论细节,2026-02-02 21:10:00,2026-02-02 21:14:00
725,710000000000000145,2043642606338903624,722,722,722,用户2043642606338903621,1,23,回复主楼B 给出不同建议,2026-02-02 21:13:00,2026-02-02 21:16:00
726,710000000000000146,2043642606338903625,0,726,0,,1,28,主楼评论A 针对论坛710000000000000146 的看法,2026-02-02 21:16:00,2026-02-02 21:21:00
727,710000000000000146,2043642606338903626,0,727,0,,1,33,主楼评论B 补充论坛710000000000000146 的观点,2026-02-02 21:19:00,2026-02-02 21:25:00
728,710000000000000146,2043642606338903627,726,726,726,用户2043642606338903625,1,38,回复主楼A 提供补充信息,2026-02-02 21:22:00,2026-02-02 21:26:00
729,710000000000000146,2043642606338903628,726,726,728,用户2043642606338903627,1,43,回复楼中楼 继续讨论细节,2026-02-02 21:25:00,2026-02-02 21:29:00
730,710000000000000146,2043642606338903629,727,727,727,用户2043642606338903626,1,48,回复主楼B 给出不同建议,2026-02-02 21:28:00,2026-02-02 21:31:00
731,710000000000000147,2043642606338903630,0,731,0,,1,53,主楼评论A 针对论坛710000000000000147 的看法,2026-02-02 21:31:00,2026-02-02 21:36:00
732,710000000000000147,2043642606338903631,0,732,0,,1,58,主楼评论B 补充论坛710000000000000147 的观点,2026-02-02 21:34:00,2026-02-02 21:40:00
733,710000000000000147,2043642606338903632,731,731,731,用户2043642606338903630,1,63,回复主楼A 提供补充信息,2026-02-02 21:37:00,2026-02-02 21:41:00
734,710000000000000147,2043642606338903633,731,731,733,用户2043642606338903632,1,68,回复楼中楼 继续讨论细节,2026-02-02 21:40:00,2026-02-02 21:44:00
735,710000000000000147,2043642606338903634,732,732,732,用户2043642606338903631,1,73,回复主楼B 给出不同建议,2026-02-02 21:43:00,2026-02-02 21:46:00
736,710000000000000148,2043642606338903635,0,736,0,,1,78,主楼评论A 针对论坛710000000000000148 的看法,2026-02-02 21:46:00,2026-02-02 21:51:00
737,710000000000000148,2043642606338903636,0,737,0,,1,83,主楼评论B 补充论坛710000000000000148 的观点,2026-02-02 21:49:00,2026-02-02 21:55:00
738,710000000000000148,2043642606338903637,736,736,736,用户2043642606338903635,1,88,回复主楼A 提供补充信息,2026-02-02 21:52:00,2026-02-02 21:56:00
739,710000000000000148,2043642606338903638,736,736,738,用户2043642606338903637,1,93,回复楼中楼 继续讨论细节,2026-02-02 21:55:00,2026-02-02 21:59:00
740,710000000000000148,2043642606338903639,737,737,737,用户2043642606338903636,1,98,回复主楼B 给出不同建议,2026-02-02 21:58:00,2026-02-02 22:01:00
741,710000000000000149,2043642606338903640,0,741,0,,1,103,主楼评论A 针对论坛710000000000000149 的看法,2026-02-02 22:01:00,2026-02-02 22:06:00
742,710000000000000149,2043642606338903641,0,742,0,,1,108,主楼评论B 补充论坛710000000000000149 的观点,2026-02-02 22:04:00,2026-02-02 22:10:00
743,710000000000000149,2043642606338903642,741,741,741,用户2043642606338903640,1,113,回复主楼A 提供补充信息,2026-02-02 22:07:00,2026-02-02 22:11:00
744,710000000000000149,2043642606338903643,741,741,743,用户2043642606338903642,1,118,回复楼中楼 继续讨论细节,2026-02-02 22:10:00,2026-02-02 22:14:00
745,710000000000000149,2043642606338903644,742,742,742,用户2043642606338903641,1,3,回复主楼B 给出不同建议,2026-02-02 22:13:00,2026-02-02 22:16:00
746,710000000000000150,2043642606338903645,0,746,0,,1,8,主楼评论A 针对论坛710000000000000150 的看法,2026-02-02 22:16:00,2026-02-02 22:21:00
747,710000000000000150,2043642606338903646,0,747,0,,1,13,主楼评论B 补充论坛710000000000000150 的观点,2026-02-02 22:19:00,2026-02-02 22:25:00
748,710000000000000150,2043642606338903647,746,746,746,用户2043642606338903645,1,18,回复主楼A 提供补充信息,2026-02-02 22:22:00,2026-02-02 22:26:00
749,710000000000000150,2043642606338903648,746,746,748,用户2043642606338903647,1,23,回复楼中楼 继续讨论细节,2026-02-02 22:25:00,2026-02-02 22:29:00
750,710000000000000150,2043642606338903649,747,747,747,用户2043642606338903646,1,28,回复主楼B 给出不同建议,2026-02-02 22:28:00,2026-02-02 22:31:00
751,710000000000000151,2043642606338903500,0,751,0,,1,33,主楼评论A 针对论坛710000000000000151 的看法,2026-02-02 22:31:00,2026-02-02 22:36:00
752,710000000000000151,2043642606338903501,0,752,0,,1,38,主楼评论B 补充论坛710000000000000151 的观点,2026-02-02 22:34:00,2026-02-02 22:40:00
753,710000000000000151,2043642606338903502,751,751,751,用户2043642606338903500,1,43,回复主楼A 提供补充信息,2026-02-02 22:37:00,2026-02-02 22:41:00
754,710000000000000151,2043642606338903503,751,751,753,用户2043642606338903502,1,48,回复楼中楼 继续讨论细节,2026-02-02 22:40:00,2026-02-02 22:44:00
755,710000000000000151,2043642606338903504,752,752,752,用户2043642606338903501,1,53,回复主楼B 给出不同建议,2026-02-02 22:43:00,2026-02-02 22:46:00
756,710000000000000152,2043642606338903505,0,756,0,,1,58,主楼评论A 针对论坛710000000000000152 的看法,2026-02-02 22:46:00,2026-02-02 22:51:00
757,710000000000000152,2043642606338903506,0,757,0,,1,63,主楼评论B 补充论坛710000000000000152 的观点,2026-02-02 22:49:00,2026-02-02 22:55:00
758,710000000000000152,2043642606338903507,756,756,756,用户2043642606338903505,1,68,回复主楼A 提供补充信息,2026-02-02 22:52:00,2026-02-02 22:56:00
759,710000000000000152,2043642606338903508,756,756,758,用户2043642606338903507,1,73,回复楼中楼 继续讨论细节,2026-02-02 22:55:00,2026-02-02 22:59:00
760,710000000000000152,2043642606338903509,757,757,757,用户2043642606338903506,1,78,回复主楼B 给出不同建议,2026-02-02 22:58:00,2026-02-02 23:01:00
761,710000000000000153,2043642606338903510,0,761,0,,1,83,主楼评论A 针对论坛710000000000000153 的看法,2026-02-02 23:01:00,2026-02-02 23:06:00
762,710000000000000153,2043642606338903511,0,762,0,,1,88,主楼评论B 补充论坛710000000000000153 的观点,2026-02-02 23:04:00,2026-02-02 23:10:00
763,710000000000000153,2043642606338903512,761,761,761,用户2043642606338903510,1,93,回复主楼A 提供补充信息,2026-02-02 23:07:00,2026-02-02 23:11:00
764,710000000000000153,2043642606338903513,761,761,763,用户2043642606338903512,1,98,回复楼中楼 继续讨论细节,2026-02-02 23:10:00,2026-02-02 23:14:00
765,710000000000000153,2043642606338903514,762,762,762,用户2043642606338903511,1,103,回复主楼B 给出不同建议,2026-02-02 23:13:00,2026-02-02 23:16:00
766,710000000000000154,2043642606338903515,0,766,0,,1,108,主楼评论A 针对论坛710000000000000154 的看法,2026-02-02 23:16:00,2026-02-02 23:21:00
767,710000000000000154,2043642606338903516,0,767,0,,1,113,主楼评论B 补充论坛710000000000000154 的观点,2026-02-02 23:19:00,2026-02-02 23:25:00
768,710000000000000154,2043642606338903517,766,766,766,用户2043642606338903515,1,118,回复主楼A 提供补充信息,2026-02-02 23:22:00,2026-02-02 23:26:00
769,710000000000000154,2043642606338903518,766,766,768,用户2043642606338903517,1,3,回复楼中楼 继续讨论细节,2026-02-02 23:25:00,2026-02-02 23:29:00
770,710000000000000154,2043642606338903519,767,767,767,用户2043642606338903516,1,8,回复主楼B 给出不同建议,2026-02-02 23:28:00,2026-02-02 23:31:00
771,710000000000000155,2043642606338903520,0,771,0,,1,13,主楼评论A 针对论坛710000000000000155 的看法,2026-02-02 23:31:00,2026-02-02 23:36:00
772,710000000000000155,2043642606338903521,0,772,0,,1,18,主楼评论B 补充论坛710000000000000155 的观点,2026-02-02 23:34:00,2026-02-02 23:40:00
773,710000000000000155,2043642606338903522,771,771,771,用户2043642606338903520,1,23,回复主楼A 提供补充信息,2026-02-02 23:37:00,2026-02-02 23:41:00
774,710000000000000155,2043642606338903523,771,771,773,用户2043642606338903522,1,28,回复楼中楼 继续讨论细节,2026-02-02 23:40:00,2026-02-02 23:44:00
775,710000000000000155,2043642606338903524,772,772,772,用户2043642606338903521,1,33,回复主楼B 给出不同建议,2026-02-02 23:43:00,2026-02-02 23:46:00
776,710000000000000156,2043642606338903525,0,776,0,,1,38,主楼评论A 针对论坛710000000000000156 的看法,2026-02-02 23:46:00,2026-02-02 23:51:00
777,710000000000000156,2043642606338903526,0,777,0,,1,43,主楼评论B 补充论坛710000000000000156 的观点,2026-02-02 23:49:00,2026-02-02 23:55:00
778,710000000000000156,2043642606338903527,776,776,776,用户2043642606338903525,1,48,回复主楼A 提供补充信息,2026-02-02 23:52:00,2026-02-02 23:56:00
779,710000000000000156,2043642606338903528,776,776,778,用户2043642606338903527,1,53,回复楼中楼 继续讨论细节,2026-02-02 23:55:00,2026-02-02 23:59:00
780,710000000000000156,2043642606338903529,777,777,777,用户2043642606338903526,1,58,回复主楼B 给出不同建议,2026-02-02 23:58:00,2026-02-03 00:01:00
781,710000000000000157,2043642606338903530,0,781,0,,1,63,主楼评论A 针对论坛710000000000000157 的看法,2026-02-03 00:01:00,2026-02-03 00:06:00
782,710000000000000157,2043642606338903531,0,782,0,,1,68,主楼评论B 补充论坛710000000000000157 的观点,2026-02-03 00:04:00,2026-02-03 00:10:00
783,710000000000000157,2043642606338903532,781,781,781,用户2043642606338903530,1,73,回复主楼A 提供补充信息,2026-02-03 00:07:00,2026-02-03 00:11:00
784,710000000000000157,2043642606338903533,781,781,783,用户2043642606338903532,1,78,回复楼中楼 继续讨论细节,2026-02-03 00:10:00,2026-02-03 00:14:00
785,710000000000000157,2043642606338903534,782,782,782,用户2043642606338903531,1,83,回复主楼B 给出不同建议,2026-02-03 00:13:00,2026-02-03 00:16:00
786,710000000000000158,2043642606338903535,0,786,0,,1,88,主楼评论A 针对论坛710000000000000158 的看法,2026-02-03 00:16:00,2026-02-03 00:21:00
787,710000000000000158,2043642606338903536,0,787,0,,1,93,主楼评论B 补充论坛710000000000000158 的观点,2026-02-03 00:19:00,2026-02-03 00:25:00
788,710000000000000158,2043642606338903537,786,786,786,用户2043642606338903535,1,98,回复主楼A 提供补充信息,2026-02-03 00:22:00,2026-02-03 00:26:00
789,710000000000000158,2043642606338903538,786,786,788,用户2043642606338903537,1,103,回复楼中楼 继续讨论细节,2026-02-03 00:25:00,2026-02-03 00:29:00
790,710000000000000158,2043642606338903539,787,787,787,用户2043642606338903536,1,108,回复主楼B 给出不同建议,2026-02-03 00:28:00,2026-02-03 00:31:00
791,710000000000000159,2043642606338903540,0,791,0,,1,113,主楼评论A 针对论坛710000000000000159 的看法,2026-02-03 00:31:00,2026-02-03 00:36:00
792,710000000000000159,2043642606338903541,0,792,0,,1,118,主楼评论B 补充论坛710000000000000159 的观点,2026-02-03 00:34:00,2026-02-03 00:40:00
793,710000000000000159,2043642606338903542,791,791,791,用户2043642606338903540,1,3,回复主楼A 提供补充信息,2026-02-03 00:37:00,2026-02-03 00:41:00
794,710000000000000159,2043642606338903543,791,791,793,用户2043642606338903542,1,8,回复楼中楼 继续讨论细节,2026-02-03 00:40:00,2026-02-03 00:44:00
795,710000000000000159,2043642606338903544,792,792,792,用户2043642606338903541,1,13,回复主楼B 给出不同建议,2026-02-03 00:43:00,2026-02-03 00:46:00
796,710000000000000160,2043642606338903545,0,796,0,,1,18,主楼评论A 针对论坛710000000000000160 的看法,2026-02-03 00:46:00,2026-02-03 00:51:00
797,710000000000000160,2043642606338903546,0,797,0,,1,23,主楼评论B 补充论坛710000000000000160 的观点,2026-02-03 00:49:00,2026-02-03 00:55:00
798,710000000000000160,2043642606338903547,796,796,796,用户2043642606338903545,1,28,回复主楼A 提供补充信息,2026-02-03 00:52:00,2026-02-03 00:56:00
799,710000000000000160,2043642606338903548,796,796,798,用户2043642606338903547,1,33,回复楼中楼 继续讨论细节,2026-02-03 00:55:00,2026-02-03 00:59:00
800,710000000000000160,2043642606338903549,797,797,797,用户2043642606338903546,1,38,回复主楼B 给出不同建议,2026-02-03 00:58:00,2026-02-03 01:01:00
801,710000000000000161,2043642606338903550,0,801,0,,1,43,主楼评论A 针对论坛710000000000000161 的看法,2026-02-03 01:01:00,2026-02-03 01:06:00
802,710000000000000161,2043642606338903551,0,802,0,,1,48,主楼评论B 补充论坛710000000000000161 的观点,2026-02-03 01:04:00,2026-02-03 01:10:00
803,710000000000000161,2043642606338903552,801,801,801,用户2043642606338903550,1,53,回复主楼A 提供补充信息,2026-02-03 01:07:00,2026-02-03 01:11:00
804,710000000000000161,2043642606338903553,801,801,803,用户2043642606338903552,1,58,回复楼中楼 继续讨论细节,2026-02-03 01:10:00,2026-02-03 01:14:00
805,710000000000000161,2043642606338903554,802,802,802,用户2043642606338903551,1,63,回复主楼B 给出不同建议,2026-02-03 01:13:00,2026-02-03 01:16:00
806,710000000000000162,2043642606338903555,0,806,0,,1,68,主楼评论A 针对论坛710000000000000162 的看法,2026-02-03 01:16:00,2026-02-03 01:21:00
807,710000000000000162,2043642606338903556,0,807,0,,1,73,主楼评论B 补充论坛710000000000000162 的观点,2026-02-03 01:19:00,2026-02-03 01:25:00
808,710000000000000162,2043642606338903557,806,806,806,用户2043642606338903555,1,78,回复主楼A 提供补充信息,2026-02-03 01:22:00,2026-02-03 01:26:00
809,710000000000000162,2043642606338903558,806,806,808,用户2043642606338903557,1,83,回复楼中楼 继续讨论细节,2026-02-03 01:25:00,2026-02-03 01:29:00
810,710000000000000162,2043642606338903559,807,807,807,用户2043642606338903556,1,88,回复主楼B 给出不同建议,2026-02-03 01:28:00,2026-02-03 01:31:00
811,710000000000000163,2043642606338903560,0,811,0,,1,93,主楼评论A 针对论坛710000000000000163 的看法,2026-02-03 01:31:00,2026-02-03 01:36:00
812,710000000000000163,2043642606338903561,0,812,0,,1,98,主楼评论B 补充论坛710000000000000163 的观点,2026-02-03 01:34:00,2026-02-03 01:40:00
813,710000000000000163,2043642606338903562,811,811,811,用户2043642606338903560,1,103,回复主楼A 提供补充信息,2026-02-03 01:37:00,2026-02-03 01:41:00
814,710000000000000163,2043642606338903563,811,811,813,用户2043642606338903562,1,108,回复楼中楼 继续讨论细节,2026-02-03 01:40:00,2026-02-03 01:44:00
815,710000000000000163,2043642606338903564,812,812,812,用户2043642606338903561,1,113,回复主楼B 给出不同建议,2026-02-03 01:43:00,2026-02-03 01:46:00
816,710000000000000164,2043642606338903565,0,816,0,,1,118,主楼评论A 针对论坛710000000000000164 的看法,2026-02-03 01:46:00,2026-02-03 01:51:00
817,710000000000000164,2043642606338903566,0,817,0,,1,3,主楼评论B 补充论坛710000000000000164 的观点,2026-02-03 01:49:00,2026-02-03 01:55:00
818,710000000000000164,2043642606338903567,816,816,816,用户2043642606338903565,1,8,回复主楼A 提供补充信息,2026-02-03 01:52:00,2026-02-03 01:56:00
819,710000000000000164,2043642606338903568,816,816,818,用户2043642606338903567,1,13,回复楼中楼 继续讨论细节,2026-02-03 01:55:00,2026-02-03 01:59:00
820,710000000000000164,2043642606338903569,817,817,817,用户2043642606338903566,1,18,回复主楼B 给出不同建议,2026-02-03 01:58:00,2026-02-03 02:01:00
821,710000000000000165,2043642606338903570,0,821,0,,1,23,主楼评论A 针对论坛710000000000000165 的看法,2026-02-03 02:01:00,2026-02-03 02:06:00
822,710000000000000165,2043642606338903571,0,822,0,,1,28,主楼评论B 补充论坛710000000000000165 的观点,2026-02-03 02:04:00,2026-02-03 02:10:00
823,710000000000000165,2043642606338903572,821,821,821,用户2043642606338903570,1,33,回复主楼A 提供补充信息,2026-02-03 02:07:00,2026-02-03 02:11:00
824,710000000000000165,2043642606338903573,821,821,823,用户2043642606338903572,1,38,回复楼中楼 继续讨论细节,2026-02-03 02:10:00,2026-02-03 02:14:00
825,710000000000000165,2043642606338903574,822,822,822,用户2043642606338903571,1,43,回复主楼B 给出不同建议,2026-02-03 02:13:00,2026-02-03 02:16:00
826,710000000000000166,2043642606338903575,0,826,0,,1,48,主楼评论A 针对论坛710000000000000166 的看法,2026-02-03 02:16:00,2026-02-03 02:21:00
827,710000000000000166,2043642606338903576,0,827,0,,1,53,主楼评论B 补充论坛710000000000000166 的观点,2026-02-03 02:19:00,2026-02-03 02:25:00
828,710000000000000166,2043642606338903577,826,826,826,用户2043642606338903575,1,58,回复主楼A 提供补充信息,2026-02-03 02:22:00,2026-02-03 02:26:00
829,710000000000000166,2043642606338903578,826,826,828,用户2043642606338903577,1,63,回复楼中楼 继续讨论细节,2026-02-03 02:25:00,2026-02-03 02:29:00
830,710000000000000166,2043642606338903579,827,827,827,用户2043642606338903576,1,68,回复主楼B 给出不同建议,2026-02-03 02:28:00,2026-02-03 02:31:00
831,710000000000000167,2043642606338903580,0,831,0,,1,73,主楼评论A 针对论坛710000000000000167 的看法,2026-02-03 02:31:00,2026-02-03 02:36:00
832,710000000000000167,2043642606338903581,0,832,0,,1,78,主楼评论B 补充论坛710000000000000167 的观点,2026-02-03 02:34:00,2026-02-03 02:40:00
833,710000000000000167,2043642606338903582,831,831,831,用户2043642606338903580,1,83,回复主楼A 提供补充信息,2026-02-03 02:37:00,2026-02-03 02:41:00
834,710000000000000167,2043642606338903583,831,831,833,用户2043642606338903582,1,88,回复楼中楼 继续讨论细节,2026-02-03 02:40:00,2026-02-03 02:44:00
835,710000000000000167,2043642606338903584,832,832,832,用户2043642606338903581,1,93,回复主楼B 给出不同建议,2026-02-03 02:43:00,2026-02-03 02:46:00
836,710000000000000168,2043642606338903585,0,836,0,,1,98,主楼评论A 针对论坛710000000000000168 的看法,2026-02-03 02:46:00,2026-02-03 02:51:00
837,710000000000000168,2043642606338903586,0,837,0,,1,103,主楼评论B 补充论坛710000000000000168 的观点,2026-02-03 02:49:00,2026-02-03 02:55:00
838,710000000000000168,2043642606338903587,836,836,836,用户2043642606338903585,1,108,回复主楼A 提供补充信息,2026-02-03 02:52:00,2026-02-03 02:56:00
839,710000000000000168,2043642606338903588,836,836,838,用户2043642606338903587,1,113,回复楼中楼 继续讨论细节,2026-02-03 02:55:00,2026-02-03 02:59:00
840,710000000000000168,2043642606338903589,837,837,837,用户2043642606338903586,1,118,回复主楼B 给出不同建议,2026-02-03 02:58:00,2026-02-03 03:01:00
841,710000000000000169,2043642606338903590,0,841,0,,1,3,主楼评论A 针对论坛710000000000000169 的看法,2026-02-03 03:01:00,2026-02-03 03:06:00
842,710000000000000169,2043642606338903591,0,842,0,,1,8,主楼评论B 补充论坛710000000000000169 的观点,2026-02-03 03:04:00,2026-02-03 03:10:00
843,710000000000000169,2043642606338903592,841,841,841,用户2043642606338903590,1,13,回复主楼A 提供补充信息,2026-02-03 03:07:00,2026-02-03 03:11:00
844,710000000000000169,2043642606338903593,841,841,843,用户2043642606338903592,1,18,回复楼中楼 继续讨论细节,2026-02-03 03:10:00,2026-02-03 03:14:00
845,710000000000000169,2043642606338903594,842,842,842,用户2043642606338903591,1,23,回复主楼B 给出不同建议,2026-02-03 03:13:00,2026-02-03 03:16:00
846,710000000000000170,2043642606338903595,0,846,0,,1,28,主楼评论A 针对论坛710000000000000170 的看法,2026-02-03 03:16:00,2026-02-03 03:21:00
847,710000000000000170,2043642606338903596,0,847,0,,1,33,主楼评论B 补充论坛710000000000000170 的观点,2026-02-03 03:19:00,2026-02-03 03:25:00
848,710000000000000170,2043642606338903597,846,846,846,用户2043642606338903595,1,38,回复主楼A 提供补充信息,2026-02-03 03:22:00,2026-02-03 03:26:00
849,710000000000000170,2043642606338903598,846,846,848,用户2043642606338903597,1,43,回复楼中楼 继续讨论细节,2026-02-03 03:25:00,2026-02-03 03:29:00
850,710000000000000170,2043642606338903599,847,847,847,用户2043642606338903596,1,48,回复主楼B 给出不同建议,2026-02-03 03:28:00,2026-02-03 03:31:00
851,710000000000000171,2043642606338903600,0,851,0,,1,53,主楼评论A 针对论坛710000000000000171 的看法,2026-02-03 03:31:00,2026-02-03 03:36:00
852,710000000000000171,2043642606338903601,0,852,0,,1,58,主楼评论B 补充论坛710000000000000171 的观点,2026-02-03 03:34:00,2026-02-03 03:40:00
853,710000000000000171,2043642606338903602,851,851,851,用户2043642606338903600,1,63,回复主楼A 提供补充信息,2026-02-03 03:37:00,2026-02-03 03:41:00
854,710000000000000171,2043642606338903603,851,851,853,用户2043642606338903602,1,68,回复楼中楼 继续讨论细节,2026-02-03 03:40:00,2026-02-03 03:44:00
855,710000000000000171,2043642606338903604,852,852,852,用户2043642606338903601,1,73,回复主楼B 给出不同建议,2026-02-03 03:43:00,2026-02-03 03:46:00
856,710000000000000172,2043642606338903605,0,856,0,,1,78,主楼评论A 针对论坛710000000000000172 的看法,2026-02-03 03:46:00,2026-02-03 03:51:00
857,710000000000000172,2043642606338903606,0,857,0,,1,83,主楼评论B 补充论坛710000000000000172 的观点,2026-02-03 03:49:00,2026-02-03 03:55:00
858,710000000000000172,2043642606338903607,856,856,856,用户2043642606338903605,1,88,回复主楼A 提供补充信息,2026-02-03 03:52:00,2026-02-03 03:56:00
859,710000000000000172,2043642606338903608,856,856,858,用户2043642606338903607,1,93,回复楼中楼 继续讨论细节,2026-02-03 03:55:00,2026-02-03 03:59:00
860,710000000000000172,2043642606338903609,857,857,857,用户2043642606338903606,1,98,回复主楼B 给出不同建议,2026-02-03 03:58:00,2026-02-03 04:01:00
861,710000000000000173,2043642606338903610,0,861,0,,1,103,主楼评论A 针对论坛710000000000000173 的看法,2026-02-03 04:01:00,2026-02-03 04:06:00
862,710000000000000173,2043642606338903611,0,862,0,,1,108,主楼评论B 补充论坛710000000000000173 的观点,2026-02-03 04:04:00,2026-02-03 04:10:00
863,710000000000000173,2043642606338903612,861,861,861,用户2043642606338903610,1,113,回复主楼A 提供补充信息,2026-02-03 04:07:00,2026-02-03 04:11:00
864,710000000000000173,2043642606338903613,861,861,863,用户2043642606338903612,1,118,回复楼中楼 继续讨论细节,2026-02-03 04:10:00,2026-02-03 04:14:00
865,710000000000000173,2043642606338903614,862,862,862,用户2043642606338903611,1,3,回复主楼B 给出不同建议,2026-02-03 04:13:00,2026-02-03 04:16:00
866,710000000000000174,2043642606338903615,0,866,0,,1,8,主楼评论A 针对论坛710000000000000174 的看法,2026-02-03 04:16:00,2026-02-03 04:21:00
867,710000000000000174,2043642606338903616,0,867,0,,1,13,主楼评论B 补充论坛710000000000000174 的观点,2026-02-03 04:19:00,2026-02-03 04:25:00
868,710000000000000174,2043642606338903617,866,866,866,用户2043642606338903615,1,18,回复主楼A 提供补充信息,2026-02-03 04:22:00,2026-02-03 04:26:00
869,710000000000000174,2043642606338903618,866,866,868,用户2043642606338903617,1,23,回复楼中楼 继续讨论细节,2026-02-03 04:25:00,2026-02-03 04:29:00
870,710000000000000174,2043642606338903619,867,867,867,用户2043642606338903616,1,28,回复主楼B 给出不同建议,2026-02-03 04:28:00,2026-02-03 04:31:00
871,710000000000000175,2043642606338903620,0,871,0,,1,33,主楼评论A 针对论坛710000000000000175 的看法,2026-02-03 04:31:00,2026-02-03 04:36:00
872,710000000000000175,2043642606338903621,0,872,0,,1,38,主楼评论B 补充论坛710000000000000175 的观点,2026-02-03 04:34:00,2026-02-03 04:40:00
873,710000000000000175,2043642606338903622,871,871,871,用户2043642606338903620,1,43,回复主楼A 提供补充信息,2026-02-03 04:37:00,2026-02-03 04:41:00
874,710000000000000175,2043642606338903623,871,871,873,用户2043642606338903622,1,48,回复楼中楼 继续讨论细节,2026-02-03 04:40:00,2026-02-03 04:44:00
875,710000000000000175,2043642606338903624,872,872,872,用户2043642606338903621,1,53,回复主楼B 给出不同建议,2026-02-03 04:43:00,2026-02-03 04:46:00
876,710000000000000176,2043642606338903625,0,876,0,,1,58,主楼评论A 针对论坛710000000000000176 的看法,2026-02-03 04:46:00,2026-02-03 04:51:00
877,710000000000000176,2043642606338903626,0,877,0,,1,63,主楼评论B 补充论坛710000000000000176 的观点,2026-02-03 04:49:00,2026-02-03 04:55:00
878,710000000000000176,2043642606338903627,876,876,876,用户2043642606338903625,1,68,回复主楼A 提供补充信息,2026-02-03 04:52:00,2026-02-03 04:56:00
879,710000000000000176,2043642606338903628,876,876,878,用户2043642606338903627,1,73,回复楼中楼 继续讨论细节,2026-02-03 04:55:00,2026-02-03 04:59:00
880,710000000000000176,2043642606338903629,877,877,877,用户2043642606338903626,1,78,回复主楼B 给出不同建议,2026-02-03 04:58:00,2026-02-03 05:01:00
881,710000000000000177,2043642606338903630,0,881,0,,1,83,主楼评论A 针对论坛710000000000000177 的看法,2026-02-03 05:01:00,2026-02-03 05:06:00
882,710000000000000177,2043642606338903631,0,882,0,,1,88,主楼评论B 补充论坛710000000000000177 的观点,2026-02-03 05:04:00,2026-02-03 05:10:00
883,710000000000000177,2043642606338903632,881,881,881,用户2043642606338903630,1,93,回复主楼A 提供补充信息,2026-02-03 05:07:00,2026-02-03 05:11:00
884,710000000000000177,2043642606338903633,881,881,883,用户2043642606338903632,1,98,回复楼中楼 继续讨论细节,2026-02-03 05:10:00,2026-02-03 05:14:00
885,710000000000000177,2043642606338903634,882,882,882,用户2043642606338903631,1,103,回复主楼B 给出不同建议,2026-02-03 05:13:00,2026-02-03 05:16:00
886,710000000000000178,2043642606338903635,0,886,0,,1,108,主楼评论A 针对论坛710000000000000178 的看法,2026-02-03 05:16:00,2026-02-03 05:21:00
887,710000000000000178,2043642606338903636,0,887,0,,1,113,主楼评论B 补充论坛710000000000000178 的观点,2026-02-03 05:19:00,2026-02-03 05:25:00
888,710000000000000178,2043642606338903637,886,886,886,用户2043642606338903635,1,118,回复主楼A 提供补充信息,2026-02-03 05:22:00,2026-02-03 05:26:00
889,710000000000000178,2043642606338903638,886,886,888,用户2043642606338903637,1,3,回复楼中楼 继续讨论细节,2026-02-03 05:25:00,2026-02-03 05:29:00
890,710000000000000178,2043642606338903639,887,887,887,用户2043642606338903636,1,8,回复主楼B 给出不同建议,2026-02-03 05:28:00,2026-02-03 05:31:00
891,710000000000000179,2043642606338903640,0,891,0,,1,13,主楼评论A 针对论坛710000000000000179 的看法,2026-02-03 05:31:00,2026-02-03 05:36:00
892,710000000000000179,2043642606338903641,0,892,0,,1,18,主楼评论B 补充论坛710000000000000179 的观点,2026-02-03 05:34:00,2026-02-03 05:40:00
893,710000000000000179,2043642606338903642,891,891,891,用户2043642606338903640,1,23,回复主楼A 提供补充信息,2026-02-03 05:37:00,2026-02-03 05:41:00
894,710000000000000179,2043642606338903643,891,891,893,用户2043642606338903642,1,28,回复楼中楼 继续讨论细节,2026-02-03 05:40:00,2026-02-03 05:44:00
895,710000000000000179,2043642606338903644,892,892,892,用户2043642606338903641,1,33,回复主楼B 给出不同建议,2026-02-03 05:43:00,2026-02-03 05:46:00
896,710000000000000180,2043642606338903645,0,896,0,,1,38,主楼评论A 针对论坛710000000000000180 的看法,2026-02-03 05:46:00,2026-02-03 05:51:00
897,710000000000000180,2043642606338903646,0,897,0,,1,43,主楼评论B 补充论坛710000000000000180 的观点,2026-02-03 05:49:00,2026-02-03 05:55:00
898,710000000000000180,2043642606338903647,896,896,896,用户2043642606338903645,1,48,回复主楼A 提供补充信息,2026-02-03 05:52:00,2026-02-03 05:56:00
899,710000000000000180,2043642606338903648,896,896,898,用户2043642606338903647,1,53,回复楼中楼 继续讨论细节,2026-02-03 05:55:00,2026-02-03 05:59:00
900,710000000000000180,2043642606338903649,897,897,897,用户2043642606338903646,1,58,回复主楼B 给出不同建议,2026-02-03 05:58:00,2026-02-03 06:01:00
901,710000000000000181,2043642606338903500,0,901,0,,1,63,主楼评论A 针对论坛710000000000000181 的看法,2026-02-03 06:01:00,2026-02-03 06:06:00
902,710000000000000181,2043642606338903501,0,902,0,,1,68,主楼评论B 补充论坛710000000000000181 的观点,2026-02-03 06:04:00,2026-02-03 06:10:00
903,710000000000000181,2043642606338903502,901,901,901,用户2043642606338903500,1,73,回复主楼A 提供补充信息,2026-02-03 06:07:00,2026-02-03 06:11:00
904,710000000000000181,2043642606338903503,901,901,903,用户2043642606338903502,1,78,回复楼中楼 继续讨论细节,2026-02-03 06:10:00,2026-02-03 06:14:00
905,710000000000000181,2043642606338903504,902,902,902,用户2043642606338903501,1,83,回复主楼B 给出不同建议,2026-02-03 06:13:00,2026-02-03 06:16:00
906,710000000000000182,2043642606338903505,0,906,0,,1,88,主楼评论A 针对论坛710000000000000182 的看法,2026-02-03 06:16:00,2026-02-03 06:21:00
907,710000000000000182,2043642606338903506,0,907,0,,1,93,主楼评论B 补充论坛710000000000000182 的观点,2026-02-03 06:19:00,2026-02-03 06:25:00
908,710000000000000182,2043642606338903507,906,906,906,用户2043642606338903505,1,98,回复主楼A 提供补充信息,2026-02-03 06:22:00,2026-02-03 06:26:00
909,710000000000000182,2043642606338903508,906,906,908,用户2043642606338903507,1,103,回复楼中楼 继续讨论细节,2026-02-03 06:25:00,2026-02-03 06:29:00
910,710000000000000182,2043642606338903509,907,907,907,用户2043642606338903506,1,108,回复主楼B 给出不同建议,2026-02-03 06:28:00,2026-02-03 06:31:00
911,710000000000000183,2043642606338903510,0,911,0,,1,113,主楼评论A 针对论坛710000000000000183 的看法,2026-02-03 06:31:00,2026-02-03 06:36:00
912,710000000000000183,2043642606338903511,0,912,0,,1,118,主楼评论B 补充论坛710000000000000183 的观点,2026-02-03 06:34:00,2026-02-03 06:40:00
913,710000000000000183,2043642606338903512,911,911,911,用户2043642606338903510,1,3,回复主楼A 提供补充信息,2026-02-03 06:37:00,2026-02-03 06:41:00
914,710000000000000183,2043642606338903513,911,911,913,用户2043642606338903512,1,8,回复楼中楼 继续讨论细节,2026-02-03 06:40:00,2026-02-03 06:44:00
915,710000000000000183,2043642606338903514,912,912,912,用户2043642606338903511,1,13,回复主楼B 给出不同建议,2026-02-03 06:43:00,2026-02-03 06:46:00
916,710000000000000184,2043642606338903515,0,916,0,,1,18,主楼评论A 针对论坛710000000000000184 的看法,2026-02-03 06:46:00,2026-02-03 06:51:00
917,710000000000000184,2043642606338903516,0,917,0,,1,23,主楼评论B 补充论坛710000000000000184 的观点,2026-02-03 06:49:00,2026-02-03 06:55:00
918,710000000000000184,2043642606338903517,916,916,916,用户2043642606338903515,1,28,回复主楼A 提供补充信息,2026-02-03 06:52:00,2026-02-03 06:56:00
919,710000000000000184,2043642606338903518,916,916,918,用户2043642606338903517,1,33,回复楼中楼 继续讨论细节,2026-02-03 06:55:00,2026-02-03 06:59:00
920,710000000000000184,2043642606338903519,917,917,917,用户2043642606338903516,1,38,回复主楼B 给出不同建议,2026-02-03 06:58:00,2026-02-03 07:01:00
921,710000000000000185,2043642606338903520,0,921,0,,1,43,主楼评论A 针对论坛710000000000000185 的看法,2026-02-03 07:01:00,2026-02-03 07:06:00
922,710000000000000185,2043642606338903521,0,922,0,,1,48,主楼评论B 补充论坛710000000000000185 的观点,2026-02-03 07:04:00,2026-02-03 07:10:00
923,710000000000000185,2043642606338903522,921,921,921,用户2043642606338903520,1,53,回复主楼A 提供补充信息,2026-02-03 07:07:00,2026-02-03 07:11:00
924,710000000000000185,2043642606338903523,921,921,923,用户2043642606338903522,1,58,回复楼中楼 继续讨论细节,2026-02-03 07:10:00,2026-02-03 07:14:00
925,710000000000000185,2043642606338903524,922,922,922,用户2043642606338903521,1,63,回复主楼B 给出不同建议,2026-02-03 07:13:00,2026-02-03 07:16:00
926,710000000000000186,2043642606338903525,0,926,0,,1,68,主楼评论A 针对论坛710000000000000186 的看法,2026-02-03 07:16:00,2026-02-03 07:21:00
927,710000000000000186,2043642606338903526,0,927,0,,1,73,主楼评论B 补充论坛710000000000000186 的观点,2026-02-03 07:19:00,2026-02-03 07:25:00
928,710000000000000186,2043642606338903527,926,926,926,用户2043642606338903525,1,78,回复主楼A 提供补充信息,2026-02-03 07:22:00,2026-02-03 07:26:00
929,710000000000000186,2043642606338903528,926,926,928,用户2043642606338903527,1,83,回复楼中楼 继续讨论细节,2026-02-03 07:25:00,2026-02-03 07:29:00
930,710000000000000186,2043642606338903529,927,927,927,用户2043642606338903526,1,88,回复主楼B 给出不同建议,2026-02-03 07:28:00,2026-02-03 07:31:00
931,710000000000000187,2043642606338903530,0,931,0,,1,93,主楼评论A 针对论坛710000000000000187 的看法,2026-02-03 07:31:00,2026-02-03 07:36:00
932,710000000000000187,2043642606338903531,0,932,0,,1,98,主楼评论B 补充论坛710000000000000187 的观点,2026-02-03 07:34:00,2026-02-03 07:40:00
933,710000000000000187,2043642606338903532,931,931,931,用户2043642606338903530,1,103,回复主楼A 提供补充信息,2026-02-03 07:37:00,2026-02-03 07:41:00
934,710000000000000187,2043642606338903533,931,931,933,用户2043642606338903532,1,108,回复楼中楼 继续讨论细节,2026-02-03 07:40:00,2026-02-03 07:44:00
935,710000000000000187,2043642606338903534,932,932,932,用户2043642606338903531,1,113,回复主楼B 给出不同建议,2026-02-03 07:43:00,2026-02-03 07:46:00
936,710000000000000188,2043642606338903535,0,936,0,,1,118,主楼评论A 针对论坛710000000000000188 的看法,2026-02-03 07:46:00,2026-02-03 07:51:00
937,710000000000000188,2043642606338903536,0,937,0,,1,3,主楼评论B 补充论坛710000000000000188 的观点,2026-02-03 07:49:00,2026-02-03 07:55:00
938,710000000000000188,2043642606338903537,936,936,936,用户2043642606338903535,1,8,回复主楼A 提供补充信息,2026-02-03 07:52:00,2026-02-03 07:56:00
939,710000000000000188,2043642606338903538,936,936,938,用户2043642606338903537,1,13,回复楼中楼 继续讨论细节,2026-02-03 07:55:00,2026-02-03 07:59:00
940,710000000000000188,2043642606338903539,937,937,937,用户2043642606338903536,1,18,回复主楼B 给出不同建议,2026-02-03 07:58:00,2026-02-03 08:01:00
941,710000000000000189,2043642606338903540,0,941,0,,1,23,主楼评论A 针对论坛710000000000000189 的看法,2026-02-03 08:01:00,2026-02-03 08:06:00
942,710000000000000189,2043642606338903541,0,942,0,,1,28,主楼评论B 补充论坛710000000000000189 的观点,2026-02-03 08:04:00,2026-02-03 08:10:00
943,710000000000000189,2043642606338903542,941,941,941,用户2043642606338903540,1,33,回复主楼A 提供补充信息,2026-02-03 08:07:00,2026-02-03 08:11:00
944,710000000000000189,2043642606338903543,941,941,943,用户2043642606338903542,1,38,回复楼中楼 继续讨论细节,2026-02-03 08:10:00,2026-02-03 08:14:00
945,710000000000000189,2043642606338903544,942,942,942,用户2043642606338903541,1,43,回复主楼B 给出不同建议,2026-02-03 08:13:00,2026-02-03 08:16:00
946,710000000000000190,2043642606338903545,0,946,0,,1,48,主楼评论A 针对论坛710000000000000190 的看法,2026-02-03 08:16:00,2026-02-03 08:21:00
947,710000000000000190,2043642606338903546,0,947,0,,1,53,主楼评论B 补充论坛710000000000000190 的观点,2026-02-03 08:19:00,2026-02-03 08:25:00
948,710000000000000190,2043642606338903547,946,946,946,用户2043642606338903545,1,58,回复主楼A 提供补充信息,2026-02-03 08:22:00,2026-02-03 08:26:00
949,710000000000000190,2043642606338903548,946,946,948,用户2043642606338903547,1,63,回复楼中楼 继续讨论细节,2026-02-03 08:25:00,2026-02-03 08:29:00
950,710000000000000190,2043642606338903549,947,947,947,用户2043642606338903546,1,68,回复主楼B 给出不同建议,2026-02-03 08:28:00,2026-02-03 08:31:00
951,710000000000000191,2043642606338903550,0,951,0,,1,73,主楼评论A 针对论坛710000000000000191 的看法,2026-02-03 08:31:00,2026-02-03 08:36:00
952,710000000000000191,2043642606338903551,0,952,0,,1,78,主楼评论B 补充论坛710000000000000191 的观点,2026-02-03 08:34:00,2026-02-03 08:40:00
953,710000000000000191,2043642606338903552,951,951,951,用户2043642606338903550,1,83,回复主楼A 提供补充信息,2026-02-03 08:37:00,2026-02-03 08:41:00
954,710000000000000191,2043642606338903553,951,951,953,用户2043642606338903552,1,88,回复楼中楼 继续讨论细节,2026-02-03 08:40:00,2026-02-03 08:44:00
955,710000000000000191,2043642606338903554,952,952,952,用户2043642606338903551,1,93,回复主楼B 给出不同建议,2026-02-03 08:43:00,2026-02-03 08:46:00
956,710000000000000192,2043642606338903555,0,956,0,,1,98,主楼评论A 针对论坛710000000000000192 的看法,2026-02-03 08:46:00,2026-02-03 08:51:00
957,710000000000000192,2043642606338903556,0,957,0,,1,103,主楼评论B 补充论坛710000000000000192 的观点,2026-02-03 08:49:00,2026-02-03 08:55:00
958,710000000000000192,2043642606338903557,956,956,956,用户2043642606338903555,1,108,回复主楼A 提供补充信息,2026-02-03 08:52:00,2026-02-03 08:56:00
959,710000000000000192,2043642606338903558,956,956,958,用户2043642606338903557,1,113,回复楼中楼 继续讨论细节,2026-02-03 08:55:00,2026-02-03 08:59:00
960,710000000000000192,2043642606338903559,957,957,957,用户2043642606338903556,1,118,回复主楼B 给出不同建议,2026-02-03 08:58:00,2026-02-03 09:01:00
961,710000000000000193,2043642606338903560,0,961,0,,1,3,主楼评论A 针对论坛710000000000000193 的看法,2026-02-03 09:01:00,2026-02-03 09:06:00
962,710000000000000193,2043642606338903561,0,962,0,,1,8,主楼评论B 补充论坛710000000000000193 的观点,2026-02-03 09:04:00,2026-02-03 09:10:00
963,710000000000000193,2043642606338903562,961,961,961,用户2043642606338903560,1,13,回复主楼A 提供补充信息,2026-02-03 09:07:00,2026-02-03 09:11:00
964,710000000000000193,2043642606338903563,961,961,963,用户2043642606338903562,1,18,回复楼中楼 继续讨论细节,2026-02-03 09:10:00,2026-02-03 09:14:00
965,710000000000000193,2043642606338903564,962,962,962,用户2043642606338903561,1,23,回复主楼B 给出不同建议,2026-02-03 09:13:00,2026-02-03 09:16:00
966,710000000000000194,2043642606338903565,0,966,0,,1,28,主楼评论A 针对论坛710000000000000194 的看法,2026-02-03 09:16:00,2026-02-03 09:21:00
967,710000000000000194,2043642606338903566,0,967,0,,1,33,主楼评论B 补充论坛710000000000000194 的观点,2026-02-03 09:19:00,2026-02-03 09:25:00
968,710000000000000194,2043642606338903567,966,966,966,用户2043642606338903565,1,38,回复主楼A 提供补充信息,2026-02-03 09:22:00,2026-02-03 09:26:00
969,710000000000000194,2043642606338903568,966,966,968,用户2043642606338903567,1,43,回复楼中楼 继续讨论细节,2026-02-03 09:25:00,2026-02-03 09:29:00
970,710000000000000194,2043642606338903569,967,967,967,用户2043642606338903566,1,48,回复主楼B 给出不同建议,2026-02-03 09:28:00,2026-02-03 09:31:00
971,710000000000000195,2043642606338903570,0,971,0,,1,53,主楼评论A 针对论坛710000000000000195 的看法,2026-02-03 09:31:00,2026-02-03 09:36:00
972,710000000000000195,2043642606338903571,0,972,0,,1,58,主楼评论B 补充论坛710000000000000195 的观点,2026-02-03 09:34:00,2026-02-03 09:40:00
973,710000000000000195,2043642606338903572,971,971,971,用户2043642606338903570,1,63,回复主楼A 提供补充信息,2026-02-03 09:37:00,2026-02-03 09:41:00
974,710000000000000195,2043642606338903573,971,971,973,用户2043642606338903572,1,68,回复楼中楼 继续讨论细节,2026-02-03 09:40:00,2026-02-03 09:44:00
975,710000000000000195,2043642606338903574,972,972,972,用户2043642606338903571,1,73,回复主楼B 给出不同建议,2026-02-03 09:43:00,2026-02-03 09:46:00
976,710000000000000196,2043642606338903575,0,976,0,,1,78,主楼评论A 针对论坛710000000000000196 的看法,2026-02-03 09:46:00,2026-02-03 09:51:00
977,710000000000000196,2043642606338903576,0,977,0,,1,83,主楼评论B 补充论坛710000000000000196 的观点,2026-02-03 09:49:00,2026-02-03 09:55:00
978,710000000000000196,2043642606338903577,976,976,976,用户2043642606338903575,1,88,回复主楼A 提供补充信息,2026-02-03 09:52:00,2026-02-03 09:56:00
979,710000000000000196,2043642606338903578,976,976,978,用户2043642606338903577,1,93,回复楼中楼 继续讨论细节,2026-02-03 09:55:00,2026-02-03 09:59:00
980,710000000000000196,2043642606338903579,977,977,977,用户2043642606338903576,1,98,回复主楼B 给出不同建议,2026-02-03 09:58:00,2026-02-03 10:01:00
981,710000000000000197,2043642606338903580,0,981,0,,1,103,主楼评论A 针对论坛710000000000000197 的看法,2026-02-03 10:01:00,2026-02-03 10:06:00
982,710000000000000197,2043642606338903581,0,982,0,,1,108,主楼评论B 补充论坛710000000000000197 的观点,2026-02-03 10:04:00,2026-02-03 10:10:00
983,710000000000000197,2043642606338903582,981,981,981,用户2043642606338903580,1,113,回复主楼A 提供补充信息,2026-02-03 10:07:00,2026-02-03 10:11:00
984,710000000000000197,2043642606338903583,981,981,983,用户2043642606338903582,1,118,回复楼中楼 继续讨论细节,2026-02-03 10:10:00,2026-02-03 10:14:00
985,710000000000000197,2043642606338903584,982,982,982,用户2043642606338903581,1,3,回复主楼B 给出不同建议,2026-02-03 10:13:00,2026-02-03 10:16:00
986,710000000000000198,2043642606338903585,0,986,0,,1,8,主楼评论A 针对论坛710000000000000198 的看法,2026-02-03 10:16:00,2026-02-03 10:21:00
987,710000000000000198,2043642606338903586,0,987,0,,1,13,主楼评论B 补充论坛710000000000000198 的观点,2026-02-03 10:19:00,2026-02-03 10:25:00
988,710000000000000198,2043642606338903587,986,986,986,用户2043642606338903585,1,18,回复主楼A 提供补充信息,2026-02-03 10:22:00,2026-02-03 10:26:00
989,710000000000000198,2043642606338903588,986,986,988,用户2043642606338903587,1,23,回复楼中楼 继续讨论细节,2026-02-03 10:25:00,2026-02-03 10:29:00
990,710000000000000198,2043642606338903589,987,987,987,用户2043642606338903586,1,28,回复主楼B 给出不同建议,2026-02-03 10:28:00,2026-02-03 10:31:00
991,710000000000000199,2043642606338903590,0,991,0,,1,33,主楼评论A 针对论坛710000000000000199 的看法,2026-02-03 10:31:00,2026-02-03 10:36:00
992,710000000000000199,2043642606338903591,0,992,0,,1,38,主楼评论B 补充论坛710000000000000199 的观点,2026-02-03 10:34:00,2026-02-03 10:40:00
993,710000000000000199,2043642606338903592,991,991,991,用户2043642606338903590,1,43,回复主楼A 提供补充信息,2026-02-03 10:37:00,2026-02-03 10:41:00
994,710000000000000199,2043642606338903593,991,991,993,用户2043642606338903592,1,48,回复楼中楼 继续讨论细节,2026-02-03 10:40:00,2026-02-03 10:44:00
995,710000000000000199,2043642606338903594,992,992,992,用户2043642606338903591,1,53,回复主楼B 给出不同建议,2026-02-03 10:43:00,2026-02-03 10:46:00
996,710000000000000200,2043642606338903595,0,996,0,,1,58,主楼评论A 针对论坛710000000000000200 的看法,2026-02-03 10:46:00,2026-02-03 10:51:00
997,710000000000000200,2043642606338903596,0,997,0,,1,63,主楼评论B 补充论坛710000000000000200 的观点,2026-02-03 10:49:00,2026-02-03 10:55:00
998,710000000000000200,2043642606338903597,996,996,996,用户2043642606338903595,1,68,回复主楼A 提供补充信息,2026-02-03 10:52:00,2026-02-03 10:56:00
999,710000000000000200,2043642606338903598,996,996,998,用户2043642606338903597,1,73,回复楼中楼 继续讨论细节,2026-02-03 10:55:00,2026-02-03 10:59:00
1000,710000000000000200,2043642606338903599,997,997,997,用户2043642606338903596,1,78,回复主楼B 给出不同建议,2026-02-03 10:58:00,2026-02-03 11:01:00
1001,710000000000000201,2043642606338903600,0,1001,0,,1,83,主楼评论A 针对论坛710000000000000201 的看法,2026-02-03 11:01:00,2026-02-03 11:06:00
1002,710000000000000201,2043642606338903601,0,1002,0,,1,88,主楼评论B 补充论坛710000000000000201 的观点,2026-02-03 11:04:00,2026-02-03 11:10:00
1003,710000000000000201,2043642606338903602,1001,1001,1001,用户2043642606338903600,1,93,回复主楼A 提供补充信息,2026-02-03 11:07:00,2026-02-03 11:11:00
1004,710000000000000201,2043642606338903603,1001,1001,1003,用户2043642606338903602,1,98,回复楼中楼 继续讨论细节,2026-02-03 11:10:00,2026-02-03 11:14:00
1005,710000000000000201,2043642606338903604,1002,1002,1002,用户2043642606338903601,1,103,回复主楼B 给出不同建议,2026-02-03 11:13:00,2026-02-03 11:16:00
1006,710000000000000202,2043642606338903605,0,1006,0,,1,108,主楼评论A 针对论坛710000000000000202 的看法,2026-02-03 11:16:00,2026-02-03 11:21:00
1007,710000000000000202,2043642606338903606,0,1007,0,,1,113,主楼评论B 补充论坛710000000000000202 的观点,2026-02-03 11:19:00,2026-02-03 11:25:00
1008,710000000000000202,2043642606338903607,1006,1006,1006,用户2043642606338903605,1,118,回复主楼A 提供补充信息,2026-02-03 11:22:00,2026-02-03 11:26:00
1009,710000000000000202,2043642606338903608,1006,1006,1008,用户2043642606338903607,1,3,回复楼中楼 继续讨论细节,2026-02-03 11:25:00,2026-02-03 11:29:00
1010,710000000000000202,2043642606338903609,1007,1007,1007,用户2043642606338903606,1,8,回复主楼B 给出不同建议,2026-02-03 11:28:00,2026-02-03 11:31:00
1011,710000000000000203,2043642606338903610,0,1011,0,,1,13,主楼评论A 针对论坛710000000000000203 的看法,2026-02-03 11:31:00,2026-02-03 11:36:00
1012,710000000000000203,2043642606338903611,0,1012,0,,1,18,主楼评论B 补充论坛710000000000000203 的观点,2026-02-03 11:34:00,2026-02-03 11:40:00
1013,710000000000000203,2043642606338903612,1011,1011,1011,用户2043642606338903610,1,23,回复主楼A 提供补充信息,2026-02-03 11:37:00,2026-02-03 11:41:00
1014,710000000000000203,2043642606338903613,1011,1011,1013,用户2043642606338903612,1,28,回复楼中楼 继续讨论细节,2026-02-03 11:40:00,2026-02-03 11:44:00
1015,710000000000000203,2043642606338903614,1012,1012,1012,用户2043642606338903611,1,33,回复主楼B 给出不同建议,2026-02-03 11:43:00,2026-02-03 11:46:00
1016,710000000000000204,2043642606338903615,0,1016,0,,1,38,主楼评论A 针对论坛710000000000000204 的看法,2026-02-03 11:46:00,2026-02-03 11:51:00
1017,710000000000000204,2043642606338903616,0,1017,0,,1,43,主楼评论B 补充论坛710000000000000204 的观点,2026-02-03 11:49:00,2026-02-03 11:55:00
1018,710000000000000204,2043642606338903617,1016,1016,1016,用户2043642606338903615,1,48,回复主楼A 提供补充信息,2026-02-03 11:52:00,2026-02-03 11:56:00
1019,710000000000000204,2043642606338903618,1016,1016,1018,用户2043642606338903617,1,53,回复楼中楼 继续讨论细节,2026-02-03 11:55:00,2026-02-03 11:59:00
1020,710000000000000204,2043642606338903619,1017,1017,1017,用户2043642606338903616,1,58,回复主楼B 给出不同建议,2026-02-03 11:58:00,2026-02-03 12:01:00
1021,710000000000000205,2043642606338903620,0,1021,0,,1,63,主楼评论A 针对论坛710000000000000205 的看法,2026-02-03 12:01:00,2026-02-03 12:06:00
1022,710000000000000205,2043642606338903621,0,1022,0,,1,68,主楼评论B 补充论坛710000000000000205 的观点,2026-02-03 12:04:00,2026-02-03 12:10:00
1023,710000000000000205,2043642606338903622,1021,1021,1021,用户2043642606338903620,1,73,回复主楼A 提供补充信息,2026-02-03 12:07:00,2026-02-03 12:11:00
1024,710000000000000205,2043642606338903623,1021,1021,1023,用户2043642606338903622,1,78,回复楼中楼 继续讨论细节,2026-02-03 12:10:00,2026-02-03 12:14:00
1025,710000000000000205,2043642606338903624,1022,1022,1022,用户2043642606338903621,1,83,回复主楼B 给出不同建议,2026-02-03 12:13:00,2026-02-03 12:16:00
1026,710000000000000206,2043642606338903625,0,1026,0,,1,88,主楼评论A 针对论坛710000000000000206 的看法,2026-02-03 12:16:00,2026-02-03 12:21:00
1027,710000000000000206,2043642606338903626,0,1027,0,,1,93,主楼评论B 补充论坛710000000000000206 的观点,2026-02-03 12:19:00,2026-02-03 12:25:00
1028,710000000000000206,2043642606338903627,1026,1026,1026,用户2043642606338903625,1,98,回复主楼A 提供补充信息,2026-02-03 12:22:00,2026-02-03 12:26:00
1029,710000000000000206,2043642606338903628,1026,1026,1028,用户2043642606338903627,1,103,回复楼中楼 继续讨论细节,2026-02-03 12:25:00,2026-02-03 12:29:00
1030,710000000000000206,2043642606338903629,1027,1027,1027,用户2043642606338903626,1,108,回复主楼B 给出不同建议,2026-02-03 12:28:00,2026-02-03 12:31:00
1031,710000000000000207,2043642606338903630,0,1031,0,,1,113,主楼评论A 针对论坛710000000000000207 的看法,2026-02-03 12:31:00,2026-02-03 12:36:00
1032,710000000000000207,2043642606338903631,0,1032,0,,1,118,主楼评论B 补充论坛710000000000000207 的观点,2026-02-03 12:34:00,2026-02-03 12:40:00
1033,710000000000000207,2043642606338903632,1031,1031,1031,用户2043642606338903630,1,3,回复主楼A 提供补充信息,2026-02-03 12:37:00,2026-02-03 12:41:00
1034,710000000000000207,2043642606338903633,1031,1031,1033,用户2043642606338903632,1,8,回复楼中楼 继续讨论细节,2026-02-03 12:40:00,2026-02-03 12:44:00
1035,710000000000000207,2043642606338903634,1032,1032,1032,用户2043642606338903631,1,13,回复主楼B 给出不同建议,2026-02-03 12:43:00,2026-02-03 12:46:00
1036,710000000000000208,2043642606338903635,0,1036,0,,1,18,主楼评论A 针对论坛710000000000000208 的看法,2026-02-03 12:46:00,2026-02-03 12:51:00
1037,710000000000000208,2043642606338903636,0,1037,0,,1,23,主楼评论B 补充论坛710000000000000208 的观点,2026-02-03 12:49:00,2026-02-03 12:55:00
1038,710000000000000208,2043642606338903637,1036,1036,1036,用户2043642606338903635,1,28,回复主楼A 提供补充信息,2026-02-03 12:52:00,2026-02-03 12:56:00
1039,710000000000000208,2043642606338903638,1036,1036,1038,用户2043642606338903637,1,33,回复楼中楼 继续讨论细节,2026-02-03 12:55:00,2026-02-03 12:59:00
1040,710000000000000208,2043642606338903639,1037,1037,1037,用户2043642606338903636,1,38,回复主楼B 给出不同建议,2026-02-03 12:58:00,2026-02-03 13:01:00
1041,710000000000000209,2043642606338903640,0,1041,0,,1,43,主楼评论A 针对论坛710000000000000209 的看法,2026-02-03 13:01:00,2026-02-03 13:06:00
1042,710000000000000209,2043642606338903641,0,1042,0,,1,48,主楼评论B 补充论坛710000000000000209 的观点,2026-02-03 13:04:00,2026-02-03 13:10:00
1043,710000000000000209,2043642606338903642,1041,1041,1041,用户2043642606338903640,1,53,回复主楼A 提供补充信息,2026-02-03 13:07:00,2026-02-03 13:11:00
1044,710000000000000209,2043642606338903643,1041,1041,1043,用户2043642606338903642,1,58,回复楼中楼 继续讨论细节,2026-02-03 13:10:00,2026-02-03 13:14:00
1045,710000000000000209,2043642606338903644,1042,1042,1042,用户2043642606338903641,1,63,回复主楼B 给出不同建议,2026-02-03 13:13:00,2026-02-03 13:16:00
1046,710000000000000210,2043642606338903645,0,1046,0,,1,68,主楼评论A 针对论坛710000000000000210 的看法,2026-02-03 13:16:00,2026-02-03 13:21:00
1047,710000000000000210,2043642606338903646,0,1047,0,,1,73,主楼评论B 补充论坛710000000000000210 的观点,2026-02-03 13:19:00,2026-02-03 13:25:00
1048,710000000000000210,2043642606338903647,1046,1046,1046,用户2043642606338903645,1,78,回复主楼A 提供补充信息,2026-02-03 13:22:00,2026-02-03 13:26:00
1049,710000000000000210,2043642606338903648,1046,1046,1048,用户2043642606338903647,1,83,回复楼中楼 继续讨论细节,2026-02-03 13:25:00,2026-02-03 13:29:00
1050,710000000000000210,2043642606338903649,1047,1047,1047,用户2043642606338903646,1,88,回复主楼B 给出不同建议,2026-02-03 13:28:00,2026-02-03 13:31:00
1051,710000000000000211,2043642606338903500,0,1051,0,,1,93,主楼评论A 针对论坛710000000000000211 的看法,2026-02-03 13:31:00,2026-02-03 13:36:00
1052,710000000000000211,2043642606338903501,0,1052,0,,1,98,主楼评论B 补充论坛710000000000000211 的观点,2026-02-03 13:34:00,2026-02-03 13:40:00
1053,710000000000000211,2043642606338903502,1051,1051,1051,用户2043642606338903500,1,103,回复主楼A 提供补充信息,2026-02-03 13:37:00,2026-02-03 13:41:00
1054,710000000000000211,2043642606338903503,1051,1051,1053,用户2043642606338903502,1,108,回复楼中楼 继续讨论细节,2026-02-03 13:40:00,2026-02-03 13:44:00
1055,710000000000000211,2043642606338903504,1052,1052,1052,用户2043642606338903501,1,113,回复主楼B 给出不同建议,2026-02-03 13:43:00,2026-02-03 13:46:00
1056,710000000000000212,2043642606338903505,0,1056,0,,1,118,主楼评论A 针对论坛710000000000000212 的看法,2026-02-03 13:46:00,2026-02-03 13:51:00
1057,710000000000000212,2043642606338903506,0,1057,0,,1,3,主楼评论B 补充论坛710000000000000212 的观点,2026-02-03 13:49:00,2026-02-03 13:55:00
1058,710000000000000212,2043642606338903507,1056,1056,1056,用户2043642606338903505,1,8,回复主楼A 提供补充信息,2026-02-03 13:52:00,2026-02-03 13:56:00
1059,710000000000000212,2043642606338903508,1056,1056,1058,用户2043642606338903507,1,13,回复楼中楼 继续讨论细节,2026-02-03 13:55:00,2026-02-03 13:59:00
1060,710000000000000212,2043642606338903509,1057,1057,1057,用户2043642606338903506,1,18,回复主楼B 给出不同建议,2026-02-03 13:58:00,2026-02-03 14:01:00
1061,710000000000000213,2043642606338903510,0,1061,0,,1,23,主楼评论A 针对论坛710000000000000213 的看法,2026-02-03 14:01:00,2026-02-03 14:06:00
1062,710000000000000213,2043642606338903511,0,1062,0,,1,28,主楼评论B 补充论坛710000000000000213 的观点,2026-02-03 14:04:00,2026-02-03 14:10:00
1063,710000000000000213,2043642606338903512,1061,1061,1061,用户2043642606338903510,1,33,回复主楼A 提供补充信息,2026-02-03 14:07:00,2026-02-03 14:11:00
1064,710000000000000213,2043642606338903513,1061,1061,1063,用户2043642606338903512,1,38,回复楼中楼 继续讨论细节,2026-02-03 14:10:00,2026-02-03 14:14:00
1065,710000000000000213,2043642606338903514,1062,1062,1062,用户2043642606338903511,1,43,回复主楼B 给出不同建议,2026-02-03 14:13:00,2026-02-03 14:16:00
1066,710000000000000214,2043642606338903515,0,1066,0,,1,48,主楼评论A 针对论坛710000000000000214 的看法,2026-02-03 14:16:00,2026-02-03 14:21:00
1067,710000000000000214,2043642606338903516,0,1067,0,,1,53,主楼评论B 补充论坛710000000000000214 的观点,2026-02-03 14:19:00,2026-02-03 14:25:00
1068,710000000000000214,2043642606338903517,1066,1066,1066,用户2043642606338903515,1,58,回复主楼A 提供补充信息,2026-02-03 14:22:00,2026-02-03 14:26:00
1069,710000000000000214,2043642606338903518,1066,1066,1068,用户2043642606338903517,1,63,回复楼中楼 继续讨论细节,2026-02-03 14:25:00,2026-02-03 14:29:00
1070,710000000000000214,2043642606338903519,1067,1067,1067,用户2043642606338903516,1,68,回复主楼B 给出不同建议,2026-02-03 14:28:00,2026-02-03 14:31:00
1071,710000000000000215,2043642606338903520,0,1071,0,,1,73,主楼评论A 针对论坛710000000000000215 的看法,2026-02-03 14:31:00,2026-02-03 14:36:00
1072,710000000000000215,2043642606338903521,0,1072,0,,1,78,主楼评论B 补充论坛710000000000000215 的观点,2026-02-03 14:34:00,2026-02-03 14:40:00
1073,710000000000000215,2043642606338903522,1071,1071,1071,用户2043642606338903520,1,83,回复主楼A 提供补充信息,2026-02-03 14:37:00,2026-02-03 14:41:00
1074,710000000000000215,2043642606338903523,1071,1071,1073,用户2043642606338903522,1,88,回复楼中楼 继续讨论细节,2026-02-03 14:40:00,2026-02-03 14:44:00
1075,710000000000000215,2043642606338903524,1072,1072,1072,用户2043642606338903521,1,93,回复主楼B 给出不同建议,2026-02-03 14:43:00,2026-02-03 14:46:00
1076,710000000000000216,2043642606338903525,0,1076,0,,1,98,主楼评论A 针对论坛710000000000000216 的看法,2026-02-03 14:46:00,2026-02-03 14:51:00
1077,710000000000000216,2043642606338903526,0,1077,0,,1,103,主楼评论B 补充论坛710000000000000216 的观点,2026-02-03 14:49:00,2026-02-03 14:55:00
1078,710000000000000216,2043642606338903527,1076,1076,1076,用户2043642606338903525,1,108,回复主楼A 提供补充信息,2026-02-03 14:52:00,2026-02-03 14:56:00
1079,710000000000000216,2043642606338903528,1076,1076,1078,用户2043642606338903527,1,113,回复楼中楼 继续讨论细节,2026-02-03 14:55:00,2026-02-03 14:59:00
1080,710000000000000216,2043642606338903529,1077,1077,1077,用户2043642606338903526,1,118,回复主楼B 给出不同建议,2026-02-03 14:58:00,2026-02-03 15:01:00
1081,710000000000000217,2043642606338903530,0,1081,0,,1,3,主楼评论A 针对论坛710000000000000217 的看法,2026-02-03 15:01:00,2026-02-03 15:06:00
1082,710000000000000217,2043642606338903531,0,1082,0,,1,8,主楼评论B 补充论坛710000000000000217 的观点,2026-02-03 15:04:00,2026-02-03 15:10:00
1083,710000000000000217,2043642606338903532,1081,1081,1081,用户2043642606338903530,1,13,回复主楼A 提供补充信息,2026-02-03 15:07:00,2026-02-03 15:11:00
1084,710000000000000217,2043642606338903533,1081,1081,1083,用户2043642606338903532,1,18,回复楼中楼 继续讨论细节,2026-02-03 15:10:00,2026-02-03 15:14:00
1085,710000000000000217,2043642606338903534,1082,1082,1082,用户2043642606338903531,1,23,回复主楼B 给出不同建议,2026-02-03 15:13:00,2026-02-03 15:16:00
1086,710000000000000218,2043642606338903535,0,1086,0,,1,28,主楼评论A 针对论坛710000000000000218 的看法,2026-02-03 15:16:00,2026-02-03 15:21:00
1087,710000000000000218,2043642606338903536,0,1087,0,,1,33,主楼评论B 补充论坛710000000000000218 的观点,2026-02-03 15:19:00,2026-02-03 15:25:00
1088,710000000000000218,2043642606338903537,1086,1086,1086,用户2043642606338903535,1,38,回复主楼A 提供补充信息,2026-02-03 15:22:00,2026-02-03 15:26:00
1089,710000000000000218,2043642606338903538,1086,1086,1088,用户2043642606338903537,1,43,回复楼中楼 继续讨论细节,2026-02-03 15:25:00,2026-02-03 15:29:00
1090,710000000000000218,2043642606338903539,1087,1087,1087,用户2043642606338903536,1,48,回复主楼B 给出不同建议,2026-02-03 15:28:00,2026-02-03 15:31:00
1091,710000000000000219,2043642606338903540,0,1091,0,,1,53,主楼评论A 针对论坛710000000000000219 的看法,2026-02-03 15:31:00,2026-02-03 15:36:00
1092,710000000000000219,2043642606338903541,0,1092,0,,1,58,主楼评论B 补充论坛710000000000000219 的观点,2026-02-03 15:34:00,2026-02-03 15:40:00
1093,710000000000000219,2043642606338903542,1091,1091,1091,用户2043642606338903540,1,63,回复主楼A 提供补充信息,2026-02-03 15:37:00,2026-02-03 15:41:00
1094,710000000000000219,2043642606338903543,1091,1091,1093,用户2043642606338903542,1,68,回复楼中楼 继续讨论细节,2026-02-03 15:40:00,2026-02-03 15:44:00
1095,710000000000000219,2043642606338903544,1092,1092,1092,用户2043642606338903541,1,73,回复主楼B 给出不同建议,2026-02-03 15:43:00,2026-02-03 15:46:00
1096,710000000000000220,2043642606338903545,0,1096,0,,1,78,主楼评论A 针对论坛710000000000000220 的看法,2026-02-03 15:46:00,2026-02-03 15:51:00
1097,710000000000000220,2043642606338903546,0,1097,0,,1,83,主楼评论B 补充论坛710000000000000220 的观点,2026-02-03 15:49:00,2026-02-03 15:55:00
1098,710000000000000220,2043642606338903547,1096,1096,1096,用户2043642606338903545,1,88,回复主楼A 提供补充信息,2026-02-03 15:52:00,2026-02-03 15:56:00
1099,710000000000000220,2043642606338903548,1096,1096,1098,用户2043642606338903547,1,93,回复楼中楼 继续讨论细节,2026-02-03 15:55:00,2026-02-03 15:59:00
1100,710000000000000220,2043642606338903549,1097,1097,1097,用户2043642606338903546,1,98,回复主楼B 给出不同建议,2026-02-03 15:58:00,2026-02-03 16:01:00
1101,710000000000000221,2043642606338903550,0,1101,0,,1,103,主楼评论A 针对论坛710000000000000221 的看法,2026-02-03 16:01:00,2026-02-03 16:06:00
1102,710000000000000221,2043642606338903551,0,1102,0,,1,108,主楼评论B 补充论坛710000000000000221 的观点,2026-02-03 16:04:00,2026-02-03 16:10:00
1103,710000000000000221,2043642606338903552,1101,1101,1101,用户2043642606338903550,1,113,回复主楼A 提供补充信息,2026-02-03 16:07:00,2026-02-03 16:11:00
1104,710000000000000221,2043642606338903553,1101,1101,1103,用户2043642606338903552,1,118,回复楼中楼 继续讨论细节,2026-02-03 16:10:00,2026-02-03 16:14:00
1105,710000000000000221,2043642606338903554,1102,1102,1102,用户2043642606338903551,1,3,回复主楼B 给出不同建议,2026-02-03 16:13:00,2026-02-03 16:16:00
1106,710000000000000222,2043642606338903555,0,1106,0,,1,8,主楼评论A 针对论坛710000000000000222 的看法,2026-02-03 16:16:00,2026-02-03 16:21:00
1107,710000000000000222,2043642606338903556,0,1107,0,,1,13,主楼评论B 补充论坛710000000000000222 的观点,2026-02-03 16:19:00,2026-02-03 16:25:00
1108,710000000000000222,2043642606338903557,1106,1106,1106,用户2043642606338903555,1,18,回复主楼A 提供补充信息,2026-02-03 16:22:00,2026-02-03 16:26:00
1109,710000000000000222,2043642606338903558,1106,1106,1108,用户2043642606338903557,1,23,回复楼中楼 继续讨论细节,2026-02-03 16:25:00,2026-02-03 16:29:00
1110,710000000000000222,2043642606338903559,1107,1107,1107,用户2043642606338903556,1,28,回复主楼B 给出不同建议,2026-02-03 16:28:00,2026-02-03 16:31:00
1111,710000000000000223,2043642606338903560,0,1111,0,,1,33,主楼评论A 针对论坛710000000000000223 的看法,2026-02-03 16:31:00,2026-02-03 16:36:00
1112,710000000000000223,2043642606338903561,0,1112,0,,1,38,主楼评论B 补充论坛710000000000000223 的观点,2026-02-03 16:34:00,2026-02-03 16:40:00
1113,710000000000000223,2043642606338903562,1111,1111,1111,用户2043642606338903560,1,43,回复主楼A 提供补充信息,2026-02-03 16:37:00,2026-02-03 16:41:00
1114,710000000000000223,2043642606338903563,1111,1111,1113,用户2043642606338903562,1,48,回复楼中楼 继续讨论细节,2026-02-03 16:40:00,2026-02-03 16:44:00
1115,710000000000000223,2043642606338903564,1112,1112,1112,用户2043642606338903561,1,53,回复主楼B 给出不同建议,2026-02-03 16:43:00,2026-02-03 16:46:00
1116,710000000000000224,2043642606338903565,0,1116,0,,1,58,主楼评论A 针对论坛710000000000000224 的看法,2026-02-03 16:46:00,2026-02-03 16:51:00
1117,710000000000000224,2043642606338903566,0,1117,0,,1,63,主楼评论B 补充论坛710000000000000224 的观点,2026-02-03 16:49:00,2026-02-03 16:55:00
1118,710000000000000224,2043642606338903567,1116,1116,1116,用户2043642606338903565,1,68,回复主楼A 提供补充信息,2026-02-03 16:52:00,2026-02-03 16:56:00
1119,710000000000000224,2043642606338903568,1116,1116,1118,用户2043642606338903567,1,73,回复楼中楼 继续讨论细节,2026-02-03 16:55:00,2026-02-03 16:59:00
1120,710000000000000224,2043642606338903569,1117,1117,1117,用户2043642606338903566,1,78,回复主楼B 给出不同建议,2026-02-03 16:58:00,2026-02-03 17:01:00
1121,710000000000000225,2043642606338903570,0,1121,0,,1,83,主楼评论A 针对论坛710000000000000225 的看法,2026-02-03 17:01:00,2026-02-03 17:06:00
1122,710000000000000225,2043642606338903571,0,1122,0,,1,88,主楼评论B 补充论坛710000000000000225 的观点,2026-02-03 17:04:00,2026-02-03 17:10:00
1123,710000000000000225,2043642606338903572,1121,1121,1121,用户2043642606338903570,1,93,回复主楼A 提供补充信息,2026-02-03 17:07:00,2026-02-03 17:11:00
1124,710000000000000225,2043642606338903573,1121,1121,1123,用户2043642606338903572,1,98,回复楼中楼 继续讨论细节,2026-02-03 17:10:00,2026-02-03 17:14:00
1125,710000000000000225,2043642606338903574,1122,1122,1122,用户2043642606338903571,1,103,回复主楼B 给出不同建议,2026-02-03 17:13:00,2026-02-03 17:16:00
1126,710000000000000226,2043642606338903575,0,1126,0,,1,108,主楼评论A 针对论坛710000000000000226 的看法,2026-02-03 17:16:00,2026-02-03 17:21:00
1127,710000000000000226,2043642606338903576,0,1127,0,,1,113,主楼评论B 补充论坛710000000000000226 的观点,2026-02-03 17:19:00,2026-02-03 17:25:00
1128,710000000000000226,2043642606338903577,1126,1126,1126,用户2043642606338903575,1,118,回复主楼A 提供补充信息,2026-02-03 17:22:00,2026-02-03 17:26:00
1129,710000000000000226,2043642606338903578,1126,1126,1128,用户2043642606338903577,1,3,回复楼中楼 继续讨论细节,2026-02-03 17:25:00,2026-02-03 17:29:00
1130,710000000000000226,2043642606338903579,1127,1127,1127,用户2043642606338903576,1,8,回复主楼B 给出不同建议,2026-02-03 17:28:00,2026-02-03 17:31:00
1131,710000000000000227,2043642606338903580,0,1131,0,,1,13,主楼评论A 针对论坛710000000000000227 的看法,2026-02-03 17:31:00,2026-02-03 17:36:00
1132,710000000000000227,2043642606338903581,0,1132,0,,1,18,主楼评论B 补充论坛710000000000000227 的观点,2026-02-03 17:34:00,2026-02-03 17:40:00
1133,710000000000000227,2043642606338903582,1131,1131,1131,用户2043642606338903580,1,23,回复主楼A 提供补充信息,2026-02-03 17:37:00,2026-02-03 17:41:00
1134,710000000000000227,2043642606338903583,1131,1131,1133,用户2043642606338903582,1,28,回复楼中楼 继续讨论细节,2026-02-03 17:40:00,2026-02-03 17:44:00
1135,710000000000000227,2043642606338903584,1132,1132,1132,用户2043642606338903581,1,33,回复主楼B 给出不同建议,2026-02-03 17:43:00,2026-02-03 17:46:00
1136,710000000000000228,2043642606338903585,0,1136,0,,1,38,主楼评论A 针对论坛710000000000000228 的看法,2026-02-03 17:46:00,2026-02-03 17:51:00
1137,710000000000000228,2043642606338903586,0,1137,0,,1,43,主楼评论B 补充论坛710000000000000228 的观点,2026-02-03 17:49:00,2026-02-03 17:55:00
1138,710000000000000228,2043642606338903587,1136,1136,1136,用户2043642606338903585,1,48,回复主楼A 提供补充信息,2026-02-03 17:52:00,2026-02-03 17:56:00
1139,710000000000000228,2043642606338903588,1136,1136,1138,用户2043642606338903587,1,53,回复楼中楼 继续讨论细节,2026-02-03 17:55:00,2026-02-03 17:59:00
1140,710000000000000228,2043642606338903589,1137,1137,1137,用户2043642606338903586,1,58,回复主楼B 给出不同建议,2026-02-03 17:58:00,2026-02-03 18:01:00
1141,710000000000000229,2043642606338903590,0,1141,0,,1,63,主楼评论A 针对论坛710000000000000229 的看法,2026-02-03 18:01:00,2026-02-03 18:06:00
1142,710000000000000229,2043642606338903591,0,1142,0,,1,68,主楼评论B 补充论坛710000000000000229 的观点,2026-02-03 18:04:00,2026-02-03 18:10:00
1143,710000000000000229,2043642606338903592,1141,1141,1141,用户2043642606338903590,1,73,回复主楼A 提供补充信息,2026-02-03 18:07:00,2026-02-03 18:11:00
1144,710000000000000229,2043642606338903593,1141,1141,1143,用户2043642606338903592,1,78,回复楼中楼 继续讨论细节,2026-02-03 18:10:00,2026-02-03 18:14:00
1145,710000000000000229,2043642606338903594,1142,1142,1142,用户2043642606338903591,1,83,回复主楼B 给出不同建议,2026-02-03 18:13:00,2026-02-03 18:16:00
1146,710000000000000230,2043642606338903595,0,1146,0,,1,88,主楼评论A 针对论坛710000000000000230 的看法,2026-02-03 18:16:00,2026-02-03 18:21:00
1147,710000000000000230,2043642606338903596,0,1147,0,,1,93,主楼评论B 补充论坛710000000000000230 的观点,2026-02-03 18:19:00,2026-02-03 18:25:00
1148,710000000000000230,2043642606338903597,1146,1146,1146,用户2043642606338903595,1,98,回复主楼A 提供补充信息,2026-02-03 18:22:00,2026-02-03 18:26:00
1149,710000000000000230,2043642606338903598,1146,1146,1148,用户2043642606338903597,1,103,回复楼中楼 继续讨论细节,2026-02-03 18:25:00,2026-02-03 18:29:00
1150,710000000000000230,2043642606338903599,1147,1147,1147,用户2043642606338903596,1,108,回复主楼B 给出不同建议,2026-02-03 18:28:00,2026-02-03 18:31:00
1151,710000000000000231,2043642606338903600,0,1151,0,,1,113,主楼评论A 针对论坛710000000000000231 的看法,2026-02-03 18:31:00,2026-02-03 18:36:00
1152,710000000000000231,2043642606338903601,0,1152,0,,1,118,主楼评论B 补充论坛710000000000000231 的观点,2026-02-03 18:34:00,2026-02-03 18:40:00
1153,710000000000000231,2043642606338903602,1151,1151,1151,用户2043642606338903600,1,3,回复主楼A 提供补充信息,2026-02-03 18:37:00,2026-02-03 18:41:00
1154,710000000000000231,2043642606338903603,1151,1151,1153,用户2043642606338903602,1,8,回复楼中楼 继续讨论细节,2026-02-03 18:40:00,2026-02-03 18:44:00
1155,710000000000000231,2043642606338903604,1152,1152,1152,用户2043642606338903601,1,13,回复主楼B 给出不同建议,2026-02-03 18:43:00,2026-02-03 18:46:00
1156,710000000000000232,2043642606338903605,0,1156,0,,1,18,主楼评论A 针对论坛710000000000000232 的看法,2026-02-03 18:46:00,2026-02-03 18:51:00
1157,710000000000000232,2043642606338903606,0,1157,0,,1,23,主楼评论B 补充论坛710000000000000232 的观点,2026-02-03 18:49:00,2026-02-03 18:55:00
1158,710000000000000232,2043642606338903607,1156,1156,1156,用户2043642606338903605,1,28,回复主楼A 提供补充信息,2026-02-03 18:52:00,2026-02-03 18:56:00
1159,710000000000000232,2043642606338903608,1156,1156,1158,用户2043642606338903607,1,33,回复楼中楼 继续讨论细节,2026-02-03 18:55:00,2026-02-03 18:59:00
1160,710000000000000232,2043642606338903609,1157,1157,1157,用户2043642606338903606,1,38,回复主楼B 给出不同建议,2026-02-03 18:58:00,2026-02-03 19:01:00
1161,710000000000000233,2043642606338903610,0,1161,0,,1,43,主楼评论A 针对论坛710000000000000233 的看法,2026-02-03 19:01:00,2026-02-03 19:06:00
1162,710000000000000233,2043642606338903611,0,1162,0,,1,48,主楼评论B 补充论坛710000000000000233 的观点,2026-02-03 19:04:00,2026-02-03 19:10:00
1163,710000000000000233,2043642606338903612,1161,1161,1161,用户2043642606338903610,1,53,回复主楼A 提供补充信息,2026-02-03 19:07:00,2026-02-03 19:11:00
1164,710000000000000233,2043642606338903613,1161,1161,1163,用户2043642606338903612,1,58,回复楼中楼 继续讨论细节,2026-02-03 19:10:00,2026-02-03 19:14:00
1165,710000000000000233,2043642606338903614,1162,1162,1162,用户2043642606338903611,1,63,回复主楼B 给出不同建议,2026-02-03 19:13:00,2026-02-03 19:16:00
1166,710000000000000234,2043642606338903615,0,1166,0,,1,68,主楼评论A 针对论坛710000000000000234 的看法,2026-02-03 19:16:00,2026-02-03 19:21:00
1167,710000000000000234,2043642606338903616,0,1167,0,,1,73,主楼评论B 补充论坛710000000000000234 的观点,2026-02-03 19:19:00,2026-02-03 19:25:00
1168,710000000000000234,2043642606338903617,1166,1166,1166,用户2043642606338903615,1,78,回复主楼A 提供补充信息,2026-02-03 19:22:00,2026-02-03 19:26:00
1169,710000000000000234,2043642606338903618,1166,1166,1168,用户2043642606338903617,1,83,回复楼中楼 继续讨论细节,2026-02-03 19:25:00,2026-02-03 19:29:00
1170,710000000000000234,2043642606338903619,1167,1167,1167,用户2043642606338903616,1,88,回复主楼B 给出不同建议,2026-02-03 19:28:00,2026-02-03 19:31:00
1171,710000000000000235,2043642606338903620,0,1171,0,,1,93,主楼评论A 针对论坛710000000000000235 的看法,2026-02-03 19:31:00,2026-02-03 19:36:00
1172,710000000000000235,2043642606338903621,0,1172,0,,1,98,主楼评论B 补充论坛710000000000000235 的观点,2026-02-03 19:34:00,2026-02-03 19:40:00
1173,710000000000000235,2043642606338903622,1171,1171,1171,用户2043642606338903620,1,103,回复主楼A 提供补充信息,2026-02-03 19:37:00,2026-02-03 19:41:00
1174,710000000000000235,2043642606338903623,1171,1171,1173,用户2043642606338903622,1,108,回复楼中楼 继续讨论细节,2026-02-03 19:40:00,2026-02-03 19:44:00
1175,710000000000000235,2043642606338903624,1172,1172,1172,用户2043642606338903621,1,113,回复主楼B 给出不同建议,2026-02-03 19:43:00,2026-02-03 19:46:00
1176,710000000000000236,2043642606338903625,0,1176,0,,1,118,主楼评论A 针对论坛710000000000000236 的看法,2026-02-03 19:46:00,2026-02-03 19:51:00
1177,710000000000000236,2043642606338903626,0,1177,0,,1,3,主楼评论B 补充论坛710000000000000236 的观点,2026-02-03 19:49:00,2026-02-03 19:55:00
1178,710000000000000236,2043642606338903627,1176,1176,1176,用户2043642606338903625,1,8,回复主楼A 提供补充信息,2026-02-03 19:52:00,2026-02-03 19:56:00
1179,710000000000000236,2043642606338903628,1176,1176,1178,用户2043642606338903627,1,13,回复楼中楼 继续讨论细节,2026-02-03 19:55:00,2026-02-03 19:59:00
1180,710000000000000236,2043642606338903629,1177,1177,1177,用户2043642606338903626,1,18,回复主楼B 给出不同建议,2026-02-03 19:58:00,2026-02-03 20:01:00
1181,710000000000000237,2043642606338903630,0,1181,0,,1,23,主楼评论A 针对论坛710000000000000237 的看法,2026-02-03 20:01:00,2026-02-03 20:06:00
1182,710000000000000237,2043642606338903631,0,1182,0,,1,28,主楼评论B 补充论坛710000000000000237 的观点,2026-02-03 20:04:00,2026-02-03 20:10:00
1183,710000000000000237,2043642606338903632,1181,1181,1181,用户2043642606338903630,1,33,回复主楼A 提供补充信息,2026-02-03 20:07:00,2026-02-03 20:11:00
1184,710000000000000237,2043642606338903633,1181,1181,1183,用户2043642606338903632,1,38,回复楼中楼 继续讨论细节,2026-02-03 20:10:00,2026-02-03 20:14:00
1185,710000000000000237,2043642606338903634,1182,1182,1182,用户2043642606338903631,1,43,回复主楼B 给出不同建议,2026-02-03 20:13:00,2026-02-03 20:16:00
1186,710000000000000238,2043642606338903635,0,1186,0,,1,48,主楼评论A 针对论坛710000000000000238 的看法,2026-02-03 20:16:00,2026-02-03 20:21:00
1187,710000000000000238,2043642606338903636,0,1187,0,,1,53,主楼评论B 补充论坛710000000000000238 的观点,2026-02-03 20:19:00,2026-02-03 20:25:00
1188,710000000000000238,2043642606338903637,1186,1186,1186,用户2043642606338903635,1,58,回复主楼A 提供补充信息,2026-02-03 20:22:00,2026-02-03 20:26:00
1189,710000000000000238,2043642606338903638,1186,1186,1188,用户2043642606338903637,1,63,回复楼中楼 继续讨论细节,2026-02-03 20:25:00,2026-02-03 20:29:00
1190,710000000000000238,2043642606338903639,1187,1187,1187,用户2043642606338903636,1,68,回复主楼B 给出不同建议,2026-02-03 20:28:00,2026-02-03 20:31:00
1191,710000000000000239,2043642606338903640,0,1191,0,,1,73,主楼评论A 针对论坛710000000000000239 的看法,2026-02-03 20:31:00,2026-02-03 20:36:00
1192,710000000000000239,2043642606338903641,0,1192,0,,1,78,主楼评论B 补充论坛710000000000000239 的观点,2026-02-03 20:34:00,2026-02-03 20:40:00
1193,710000000000000239,2043642606338903642,1191,1191,1191,用户2043642606338903640,1,83,回复主楼A 提供补充信息,2026-02-03 20:37:00,2026-02-03 20:41:00
1194,710000000000000239,2043642606338903643,1191,1191,1193,用户2043642606338903642,1,88,回复楼中楼 继续讨论细节,2026-02-03 20:40:00,2026-02-03 20:44:00
1195,710000000000000239,2043642606338903644,1192,1192,1192,用户2043642606338903641,1,93,回复主楼B 给出不同建议,2026-02-03 20:43:00,2026-02-03 20:46:00
1196,710000000000000240,2043642606338903645,0,1196,0,,1,98,主楼评论A 针对论坛710000000000000240 的看法,2026-02-03 20:46:00,2026-02-03 20:51:00
1197,710000000000000240,2043642606338903646,0,1197,0,,1,103,主楼评论B 补充论坛710000000000000240 的观点,2026-02-03 20:49:00,2026-02-03 20:55:00
1198,710000000000000240,2043642606338903647,1196,1196,1196,用户2043642606338903645,1,108,回复主楼A 提供补充信息,2026-02-03 20:52:00,2026-02-03 20:56:00
1199,710000000000000240,2043642606338903648,1196,1196,1198,用户2043642606338903647,1,113,回复楼中楼 继续讨论细节,2026-02-03 20:55:00,2026-02-03 20:59:00
1200,710000000000000240,2043642606338903649,1197,1197,1197,用户2043642606338903646,1,118,回复主楼B 给出不同建议,2026-02-03 20:58:00,2026-02-03 21:01:00
